yyyymm,rf,ret1,ret2,ret3,ret4,ret5,ret6,ret7,ret8,ret9,ret10,month,excess1,excess2,excess3,excess4,excess5,excess6,excess7,excess8,excess9,excess10
196307,.27000001,-1.37,.050000001,-1.47,2.1700001,-.87,1,-1.0599999,-1.04,-.25999999,.94,1963m7,-1.640000015497208,-.220000009983778,-1.740000039339066,1.900000065565109,-1.140000015497208,.7299999892711639,-1.329999953508377,-1.309999972581863,-.5300000011920929,.6699999868869781
196308,.25,5.5700002,4.98,5.8699999,3.75,5.4400001,5.1700001,5.5799999,5.3800001,6,6.0599999,1963m8,5.320000171661377,4.730000019073486,5.619999885559082,3.5,5.190000057220459,4.920000076293945,5.329999923706055,5.130000114440918,5.75,5.809999942779541
196309,.27000001,-2.97,-2.01,-.69,-2.53,2.1199999,-1.79,-2.26,-1.6,-2.27,-.94999999,1963m9,-3.240000039339066,-2.280000001192093,-.9600000083446503,-2.799999982118607,1.849999874830246,-2.059999972581863,-2.530000001192093,-1.870000034570694,-2.53999999165535,-1.219999998807907
196310,.28999999,.79000002,1.25,.68000001,.0099999998,3.24,1,.80000001,3.7,3.26,9.1000004,1963m10,.5000000298023224,.9600000083446503,.3900000154972076,-.2799999918788671,2.950000017881393,.7100000083446503,.5100000202655792,3.410000056028366,2.969999998807907,8.810000389814377
196311,.27000001,.23,-1.85,-1.76,-.69,2.03,-.47999999,-.69999999,1.15,.28,-3.8699999,1963m11,-.0400000065565109,-2.120000034570694,-2.030000001192093,-.9600000083446503,1.759999960660934,-.75,-.9699999988079071,.879999965429306,.0099999904632568,-4.139999896287918
196312,.28999999,1.91,.98000002,3.21,4.1199999,.34,3.27,2.8199999,2.45,3.1300001,1.2,1963m12,1.619999974966049,.6900000274181366,2.920000046491623,3.829999893903732,.050000011920929,2.979999989271164,2.529999941587448,2.160000056028366,2.840000122785568,.9100000560283661
196401,.30000001,1.86,2.3900001,2.3199999,5.0999999,3.1099999,1.09,.94,2.05,2,3.3,1964m1,1.560000002384186,2.090000092983246,2.019999921321869,4.799999892711639,2.809999883174896,.7900000214576721,.6399999856948853,1.749999940395355,1.699999988079071,2.999999940395355
196402,.25999999,3.73,1.6799999,2.0999999,1.5599999,.82999998,1.62,1.41,1.75,2.1700001,2.54,1964m2,3.470000028610229,1.419999957084656,1.839999914169312,1.299999952316284,.5699999928474426,1.360000014305115,1.149999976158142,1.490000009536743,1.910000085830688,2.279999971389771
196403,.31,2.8,2.5599999,4.5700002,2.21,.1,.81,2.5599999,.94999999,2.46,1.88,1964m3,2.489999949932098,2.249999940395355,4.260000169277191,1.900000035762787,-.2100000008940697,.5,2.249999940395355,.6399999856948853,2.150000035762787,1.569999992847443
196404,.28999999,.0099999998,5.5,-.62,2.4400001,.99000001,-.81999999,.22,-2,-.54000002,.88999999,1964m4,-.2799999918788671,5.21000000834465,-.9099999964237213,2.150000065565109,.7000000178813934,-1.109999984502792,-.0699999928474426,-2.28999999165535,-.8300000131130219,.5999999940395355
196405,.25999999,2.28,.75999999,2.5999999,2.0699999,.82999998,.44,1.03,.20999999,1.5,3.4400001,1964m5,2.019999980926514,.5,2.339999914169312,1.809999942779541,.5699999928474426,.1800000071525574,.7699999809265137,-.0499999970197678,1.240000009536743,3.180000066757202
196406,.30000001,2.78,1.0700001,1.87,.52999997,4.6599998,2.6300001,1.5599999,.1,1.41,.61000001,1964m6,2.479999959468842,.7700000405311584,1.569999992847443,.2299999594688416,4.35999983549118,2.330000102519989,1.259999930858612,-.2000000104308128,1.10999995470047,.3100000023841858
196407,.30000001,.66000003,2.51,1.85,2.22,-.52999997,3.45,3.3,3.0599999,2.4400001,2.26,1964m7,.3600000143051147,2.209999978542328,1.550000011920929,1.920000016689301,-.8299999833106995,3.150000035762787,2.999999940395355,2.759999930858612,2.14000004529953,1.959999978542328
196408,.28,-2.3900001,-.82999998,-.83999997,-1.88,-.94999999,-.02,-.85000002,-1,-1.17,-1.38,1964m8,-2.670000106096268,-1.109999984502792,-1.119999974966049,-2.159999996423721,-1.229999989271164,-.3000000007450581,-1.130000025033951,-1.280000001192093,-1.449999958276749,-1.659999996423721
196409,.28,4.8200002,3.73,4.6199999,3.4000001,.66000003,2.9300001,2.6800001,3.9400001,4,2.5599999,1964m9,4.540000170469284,3.450000017881393,4.339999884366989,3.120000094175339,.3800000250339508,2.650000065565109,2.400000065565109,3.660000056028366,3.719999998807907,2.279999941587448
196410,.28999999,.77999997,3.8099999,.80000001,2.5999999,.17,-.16,2.3399999,1.46,-.11,-.47,1964m10,.4899999797344208,3.519999951124191,.5100000202655792,2.309999912977219,-.1199999898672104,-.449999988079071,2.049999922513962,1.170000046491623,-.3999999910593033,-.7599999904632568
196411,.28999999,-3.29,1.4,1.01,1.05,-1.04,.72000003,1.59,.61000001,2.28,-1.0700001,1964m11,-3.579999953508377,1.109999984502792,.7199999988079071,.7599999606609344,-1.329999953508377,.4300000369548798,1.300000041723251,.320000022649765,1.989999979734421,-1.360000044107437
196412,.31,-.93000001,-.93000001,-.51999998,-1.42,2.4300001,.44,-.23,.88,1.0700001,1,1964m12,-1.240000009536743,-1.240000009536743,-.8299999833106995,-1.729999959468842,2.120000064373016,.1299999952316284,-.5400000065565109,.5699999928474426,.7600000500679016,.6899999976158142
196501,.28,7.5,4.2199998,3.6400001,-.079999998,1.1900001,3.9400001,5.3400002,4.52,4.8699999,6.2199998,1965m1,7.219999998807907,3.939999788999557,3.360000103712082,-.3599999994039536,.9100000560283661,3.660000056028366,5.060000151395798,4.239999979734421,4.589999884366989,5.939999788999557
196502,.30000001,1.39,2.9100001,-.28999999,-2.3800001,1.03,1.5599999,1.4400001,1.36,.14,1.51,1965m2,1.089999973773956,2.61000007390976,-.5900000035762787,-2.680000126361847,.7299999594688416,1.259999930858612,1.14000004529953,1.060000002384186,-.1600000113248825,1.209999978542328
196503,.36000001,-1.16,-1.26,-.17,-2.7,-1.45,.079999998,.090000004,-.75999999,-2.3,-.63999999,1965m3,-1.519999980926514,-1.620000004768372,-.5300000160932541,-3.060000061988831,-1.810000061988831,-.2800000160932541,-.2700000107288361,-1.120000004768372,-2.659999966621399,-1
196504,.31,3.7,4.1900001,2.3599999,1.54,4.4400001,1.86,2.4200001,3.8800001,3.3299999,5.4699998,1965m4,3.39000004529953,3.880000054836273,2.049999892711639,1.229999959468842,4.130000054836273,1.550000011920929,2.11000007390976,3.570000112056732,3.019999921321869,5.159999787807465
196505,.31,-4.46,.94999999,1.99,-.19,1.17,-.91000003,-.52999997,-1.5,.69,-1.4299999,1965m5,-4.770000040531158,.6399999856948853,1.680000007152557,-.5,.85999995470047,-1.220000028610229,-.8399999737739563,-1.810000002384186,.3799999952316284,-1.739999949932098
196506,.34999999,-8.0799999,-7.3699999,-4.71,-2.5799999,-4.3899999,-4.5,-5.1500001,-5.1999998,-4.8600001,-5.96,1965m6,-8.42999991774559,-7.719999879598618,-5.060000032186508,-2.92999991774559,-4.739999860525131,-4.849999994039536,-5.500000089406967,-5.549999803304672,-5.21000012755394,-6.310000032186508
196507,.31,4.6199999,4.96,2.5899999,-.67000002,2.54,2.6400001,1.3200001,.31999999,1.98,2.0799999,1965m7,4.309999883174896,4.650000035762787,2.279999911785126,-.9800000190734863,2.229999959468842,2.330000102519989,1.010000050067902,.0099999904632568,1.670000016689301,1.769999921321869
196508,.33000001,3.8900001,.98000002,2.1300001,1.4,2.55,2.6300001,2.52,2.28,7.29,3.78,1965m8,3.560000091791153,.6500000059604645,1.800000101327896,1.06999996304512,2.219999939203262,2.300000101327896,2.189999967813492,1.949999958276749,6.959999948740005,3.449999958276749
196509,.31,3.8399999,4.23,4.0999999,1.62,2.4000001,4.0900002,2.8499999,3.1600001,4.0999999,4.1599998,1965m9,3.529999911785126,3.920000016689301,3.789999902248383,1.310000002384186,2.090000092983246,3.780000150203705,2.539999902248383,2.850000083446503,3.789999902248383,3.849999845027924
196510,.31,4.46,3.0899999,2.1600001,.56999999,1.99,1.3200001,2.4200001,3.1300001,6.3899999,4.3400002,1965m10,4.150000035762787,2.779999911785126,1.850000083446503,.2599999904632568,1.680000007152557,1.010000050067902,2.11000007390976,2.820000112056732,6.07999986410141,4.030000150203705
196511,.34999999,3.6300001,1.87,.44999999,-1.97,.57999998,-.76999998,.69,2.3599999,1.61,-.41999999,1965m11,3.280000120401382,1.520000010728836,.0999999940395355,-2.320000022649765,.2299999892711639,-1.119999974966049,.3400000035762787,2.00999990105629,1.260000020265579,-.7699999809265137
196512,.33000001,7.4899998,.88999999,1.4,.66000003,2.99,1.04,1.21,.31999999,2.1800001,.029999999,1965m12,7.159999758005142,.5599999725818634,1.06999996304512,.3300000131130219,2.659999996423721,.7099999487400055,.8800000250339508,-.0100000202655792,1.85000005364418,-.3000000137835741
196601,.38,6.9499998,3.46,3.1199999,-1.29,.85000002,-1.4299999,.19,1.08,2.29,.85000002,1966m1,6.569999814033508,3.080000042915344,2.739999890327454,-1.669999957084656,.4700000286102295,-1.809999942779541,-.1899999976158142,.7000000476837158,1.909999966621399,.4700000286102295
196602,.34999999,4.8600001,-3.03,-1.83,-.75999999,-1.1,-3.8,-2.02,-.66000003,-.079999998,-.31,1966m2,4.510000139474869,-3.379999965429306,-2.18000003695488,-1.109999984502792,-1.450000017881393,-4.14999994635582,-2.369999974966049,-1.010000020265579,-.4299999922513962,-.6599999964237213
196603,.38,-4.3299999,-2.6900001,-3.0999999,-3.8099999,-1.4400001,-1.1799999,-2.3699999,-.70999998,.0099999998,-1.7,1966m3,-4.709999918937683,-3.070000052452087,-3.479999899864197,-4.189999938011169,-1.820000052452087,-1.559999942779541,-2.74999988079071,-1.089999973773956,-.3699999954551458,-2.080000042915344
196604,.34,2.23,2.1900001,2.4200001,1.89,1.98,3.6900001,1.65,4,4.2399998,.80000001,1966m4,1.890000015497208,1.85000005364418,2.080000072717667,1.549999982118607,1.640000015497208,3.35000005364418,1.309999972581863,3.659999996423721,3.899999767541885,.4600000083446503
196605,.41,-10.68,-6.0300002,-5.9899998,-4.4099998,-5.6300001,-4.8000002,-3.3900001,-6.1900001,-5.1199999,-4.3099999,1966m5,-11.0900003015995,-6.440000206232071,-6.399999767541885,-4.819999843835831,-6.040000110864639,-5.210000187158585,-3.800000101327896,-6.60000005364418,-5.529999881982803,-4.719999939203262
196606,.38,.88,-1.21,-1.77,-1.25,-.50999999,.75,-1.14,-1.86,-1.1,-1.71,1966m6,.5,-1.590000033378601,-2.149999976158142,-1.629999995231628,-.8899999856948853,.3700000047683716,-1.519999980926514,-2.240000009536743,-1.480000019073486,-2.090000033378601
196607,.34999999,-2.4300001,-1.02,-1,-1.67,-.50999999,-.67000002,-1.58,-.23,-2.26,-1.35,1966m7,-2.780000060796738,-1.369999974966049,-1.349999994039536,-2.019999951124191,-.8599999845027924,-1.020000010728836,-1.93000003695488,-.5799999982118607,-2.609999984502792,-1.700000017881393
196608,.41,-11.2,-7.3699999,-5.9499998,-6.0799999,-8.6000004,-6.21,-6.5700002,-8.1599998,-8.4499998,-8.1300001,1966m8,-11.60999980568886,-7.779999881982803,-6.359999805688858,-6.489999920129776,-9.010000377893448,-6.620000034570694,-6.980000168085098,-8.569999843835831,-8.859999805688858,-8.540000110864639
196609,.40000001,-1.95,-.83999997,1.62,-1.47,1.58,1.54,-2.4400001,-1.78,-1.3099999,-1.7,1966m9,-2.35000005364418,-1.239999979734421,1.219999998807907,-1.870000034570694,1.18000003695488,1.139999955892563,-2.840000063180923,-2.179999977350235,-1.709999948740005,-2.10000005364418
196610,.44999999,.27000001,3.8900001,9.3599997,6.0799999,7.52,5.4499998,2.6800001,2.6400001,2.8699999,1.3200001,1966m10,-.179999977350235,3.440000116825104,8.909999668598175,5.629999935626984,7.069999992847443,4.999999821186066,2.230000078678131,2.190000116825104,2.419999897480011,.8700000643730164
196611,.40000001,7.5300002,.61000001,-1.5700001,-1.73,-.68000001,-.50999999,1.41,3.01,4.6799998,5.3299999,1966m11,7.130000203847885,.2100000083446503,-1.970000058412552,-2.130000025033951,-1.080000013113022,-.9099999964237213,1.009999960660934,2.609999984502792,4.279999822378159,4.92999991774559
196612,.40000001,.74000001,1.61,.58999997,-.76999998,2.3299999,.19,.89999998,2.27,-.94999999,-.38,1966m12,.3400000035762787,1.21000000834465,.1899999678134918,-1.169999986886978,1.92999991774559,-.2100000083446503,.4999999701976776,1.869999974966049,-1.349999994039536,-.7800000011920929
196701,.43000001,15.42,9.4200001,6.5100002,7.1399999,6.8899999,7.6599998,7.6799998,8.1899996,8.3299999,9.3900003,1967m1,14.99000006914139,8.990000069141388,6.080000221729279,6.709999859333038,6.459999859333038,7.229999840259552,7.249999821186066,7.759999573230743,7.899999916553497,8.960000336170197
196702,.36000001,1.71,.20999999,-.2,-1.0700001,.25999999,.029999999,.059999999,2.0699999,1.3200001,3.0799999,1967m2,1.350000023841858,-.1500000208616257,-.560000017285347,-1.430000066757202,-.1000000238418579,-.330000014975667,-.3000000156462193,1.709999918937683,.9600000381469727,2.71999990940094
196703,.38999999,4.75,4.8499999,3.3800001,3.9000001,4.3800001,3.3499999,4.3400002,4.2399998,5.04,5.2800002,1967m3,4.360000014305115,4.459999918937683,2.990000128746033,3.510000109672546,3.990000128746033,2.959999918937683,3.950000166893005,3.849999785423279,4.649999976158142,4.890000224113464
196704,.31999999,4.1799998,2.73,1.4,4.0300002,2.95,2.5799999,4,3.8499999,6.0300002,7.52,1967m4,3.85999983549118,2.410000026226044,1.079999983310699,3.710000216960907,2.630000054836273,2.259999930858612,3.680000007152557,3.529999911785126,5.710000216960907,7.199999988079071
196705,.33000001,-1.46,-2.5599999,-4.3600001,-4.0100002,-2.6500001,-2.9300001,-4.3800001,-5.1199999,-5.4200001,-5.1100001,1967m5,-1.790000051259995,-2.889999955892563,-4.690000146627426,-4.340000241994858,-2.980000108480453,-3.260000079870224,-4.71000012755394,-5.449999898672104,-5.750000089406967,-5.440000146627426
196706,.27000001,7.8800001,3.01,2.6400001,1.6900001,1.4400001,1.95,1.5,.69999999,2.5899999,2.5999999,1967m6,7.610000103712082,2.739999979734421,2.370000094175339,1.420000046491623,1.170000046491623,1.68000003695488,1.229999989271164,.429999977350235,2.319999903440475,2.329999893903732
196707,.31999999,8.4899998,7.5599999,.56,5.98,5.1100001,5.8899999,3.4200001,8.8900003,6.5300002,2.8900001,1967m7,8.169999778270721,7.239999949932098,.2400000095367432,5.660000026226044,4.790000140666962,5.569999873638153,3.100000083446503,8.570000350475311,6.210000216960907,2.570000112056732
196708,.31,-.62,-.22,-.63,-1.03,-.88,-.91000003,.15000001,-.89999998,-.02,-1.35,1967m8,-.9300000071525574,-.5300000011920929,-.9399999976158142,-1.339999973773956,-1.189999997615814,-1.220000028610229,-.1599999964237213,-1.209999978542328,-.330000001937151,-1.660000026226044
196709,.31999999,3.6400001,5.2399998,3.4000001,2.1800001,1.24,2.71,1.99,2.52,5.6199999,4.6100001,1967m9,3.320000112056732,4.919999778270721,3.080000102519989,1.86000007390976,.9200000166893005,2.39000004529953,1.670000016689301,2.199999988079071,5.299999892711639,4.290000140666962
196710,.38999999,-1.58,-4.3299999,-3.27,-2.23,-3.6300001,-5.4899998,-5.21,-2.72,-4,2.27,1967m10,-1.970000028610229,-4.71999990940094,-3.659999966621399,-2.620000004768372,-4.020000100135803,-5.879999756813049,-5.600000023841858,-3.110000014305115,-4.389999985694885,1.879999995231628
196711,.36000001,-1.2,.44999999,-.02,.73000002,2.21,1.1900001,.94999999,-.88999999,-1.17,2.5,1967m11,-1.560000061988831,.0899999737739563,-.3800000138580799,.3700000047683716,1.850000023841858,.8300000429153442,.5899999737739563,-1.25,-1.529999971389771,2.139999985694885
196712,.33000001,8.2399998,3.6199999,1.85,3.5,3.3099999,4.27,3.8099999,1.37,3.1700001,2.72,1967m12,7.909999758005142,3.28999987244606,1.520000010728836,3.169999986886978,2.979999929666519,3.939999967813492,3.479999929666519,1.03999999165535,2.840000063180923,2.390000015497208
196801,.40000001,-.31999999,.38,-.86000001,-2.5699999,-2.6900001,-4.3099999,-2.3099999,-5.6799998,-5.0500002,-7.75,1968m1,-.7199999988079071,-.0200000107288361,-1.260000020265579,-2.969999939203262,-3.090000063180923,-4.709999948740005,-2.709999948740005,-6.079999834299088,-5.450000196695328,-8.150000005960464
196802,.38999999,-5.4899998,-3.1700001,-2.8900001,-2.1199999,-3.1500001,-2.0599999,-5.0500002,-2.54,-3.1500001,-3.45,1968m2,-5.879999756813049,-3.560000061988831,-3.28000009059906,-2.509999871253967,-3.540000081062317,-2.449999928474426,-5.440000176429749,-2.929999947547913,-3.540000081062317,-3.840000033378601
196803,.38,-.44999999,.57999998,-.64999998,-.51999998,-.059999999,-1.08,-1.98,.94999999,.28999999,4.2800002,1968m3,-.8299999833106995,.199999988079071,-1.029999971389771,-.8999999761581421,-.4399999938905239,-1.460000038146973,-2.360000014305115,.5699999928474426,-.0900000035762787,3.900000214576721
196804,.43000001,14.03,9.9499998,4.6700001,5.29,9.0200005,8.8699999,8.3599997,10.48,11.52,11.33,1968m4,13.59999972581863,9.519999802112579,4.240000069141388,4.85999995470047,8.590000450611115,8.439999878406525,7.929999649524689,10.04999953508377,11.09000045061111,10.8999999165535
196805,.44999999,7.3699999,2.1400001,.85000002,-.15000001,1.99,2.4300001,1.67,1.28,1.51,4.5700002,1968m5,6.919999897480011,1.690000116825104,.4000000357627869,-.5999999940395355,1.540000021457672,1.980000078678131,1.219999969005585,.8299999833106995,1.060000002384186,4.120000183582306
196806,.43000001,1.75,3.1800001,1.96,2.5699999,2.6199999,.75999999,2.3499999,-.22,.1,-.81999999,1968m6,1.319999992847443,2.750000059604645,1.530000030994415,2.13999992609024,2.189999878406525,.3299999833106995,1.919999897480011,-.6500000059604645,-.3300000056624413,-1.25
196807,.47999999,-3.26,-1.9299999,1.47,.050000001,2.3099999,-2.03,-2.8199999,-3.27,-4.6100001,-4.71,1968m7,-3.739999979734421,-2.409999936819077,.9900000393390656,-.4299999885261059,1.829999953508377,-2.509999960660934,-3.299999922513962,-3.749999970197678,-5.090000122785568,-5.190000027418137
196808,.41999999,2.4400001,3.5699999,2.45,2.1900001,.88,1.61,1.21,.81999999,2.03,1.02,1968m8,2.020000070333481,3.14999994635582,2.030000060796738,1.770000070333481,.4600000083446503,1.190000027418137,.7900000512599945,.4000000059604645,1.609999984502792,.5999999940395355
196809,.43000001,8.8699999,5.6999998,6.1300001,3.72,3.1199999,4.8699999,4.1300001,4.9099998,4.5599999,1.8200001,1968m9,8.439999878406525,5.269999802112579,5.700000107288361,3.290000021457672,2.689999878406525,4.439999878406525,3.700000107288361,4.479999840259552,4.129999935626984,1.39000004529953
196810,.44,1.8200001,1.91,2.1199999,2.6700001,1.64,1.16,1.45,.70999998,1.64,-3.1300001,1968m10,1.380000054836273,1.469999969005585,1.679999887943268,2.230000078678131,1.199999988079071,.7199999690055847,1.010000050067902,.2699999809265137,1.199999988079071,-3.570000112056732
196811,.41999999,5.9499998,6.1399999,5.0700002,5.8099999,5.9000001,4.6399999,6.46,6.7800002,2.98,7.98,1968m11,5.529999822378159,5.719999879598618,4.650000184774399,5.389999955892563,5.480000108480453,4.219999879598618,6.040000051259995,6.360000222921371,2.560000032186508,7.560000032186508
196812,.43000001,-1.6799999,-1.67,-3.47,-3.5899999,-3.6099999,-3.6900001,-2.96,-4.6399999,-3.97,-4.6500001,1968m12,-2.10999995470047,-2.099999964237213,-3.900000035762787,-4.019999921321869,-4.039999902248383,-4.120000064373016,-3.39000004529953,-5.069999873638153,-4.400000035762787,-5.080000102519989
196901,.52999997,-.75999999,.54000002,-.85000002,.17,.38999999,.79000002,-1.25,-.87,-1.74,-2.8599999,1969m1,-1.289999961853027,.0100000500679016,-1.379999995231628,-.3599999696016312,-.1399999856948853,.2600000500679016,-1.779999971389771,-1.399999976158142,-2.269999980926514,-3.389999866485596
196902,.46000001,-8.2600002,-7.2600002,-5.5100002,-5.1100001,-4.8699999,-4.5599999,-5.2800002,-4.9000001,-3.79,-4.3200002,1969m2,-8.720000237226486,-7.720000237226486,-5.970000237226486,-5.570000141859055,-5.329999893903732,-5.019999951124191,-5.740000218153,-5.360000103712082,-4.249999970197678,-4.780000180006027
196903,.46000001,2.45,4.1900001,6.04,1.17,3.22,4.5900002,1.63,1.9400001,3.3900001,3.8599999,1969m3,1.990000039339066,3.730000048875809,5.579999953508377,.7099999487400055,2.760000020265579,4.13000014424324,1.169999986886978,1.480000048875809,2.930000096559525,3.399999886751175
196904,.52999997,3.23,1.58,-.43000001,4.6399999,.07,2.6900001,.94999999,2.5899999,2.49,2.95,1969m4,2.700000047683716,1.050000071525574,-.9599999785423279,4.109999895095825,-.4599999710917473,2.160000085830688,.4200000166893005,2.059999942779541,1.960000038146973,2.420000076293945
196905,.47999999,-.75,1.1799999,.75999999,1.03,1.23,-.61000001,2,-1.75,1.0599999,-.34,1969m5,-1.229999989271164,.6999999582767487,.2800000011920929,.5499999821186066,.7500000298023224,-1.090000003576279,1.520000010728836,-2.229999989271164,.5799999535083771,-.8199999928474426
196906,.50999999,-11.06,-9.7700005,-9.96,-6.3200002,-7.5500002,-6.9200001,-6.3200002,-5.23,-4.9299998,-1.5599999,1969m6,-11.57000041007996,-10.28000044822693,-10.47000002861023,-6.830000162124634,-8.06000018119812,-7.430000066757202,-6.830000162124634,-5.740000009536743,-5.43999981880188,-2.069999933242798
196907,.52999997,-9.1300001,-9.2799997,-7.04,-6.5799999,-6.4400001,-5.27,-6.1300001,-6.1100001,-5.54,-5.0100002,1969m7,-9.660000085830688,-9.809999704360962,-7.569999933242798,-7.109999895095825,-6.970000028610229,-5.799999952316284,-6.660000085830688,-6.640000104904175,-6.069999933242798,-5.540000200271606
196908,.5,5.4499998,3.49,7.0900002,3.6500001,4.48,5.6599998,4.0799999,4.8000002,4.9099998,6.5599999,1969m8,4.949999809265137,2.990000009536743,6.590000152587891,3.150000095367432,3.980000019073486,5.159999847412109,3.579999923706055,4.300000190734863,4.409999847412109,6.059999942779541
196909,.62,-2.5599999,-4.3499999,-6.5700002,-2.6400001,-4.1700001,-3.3199999,-1.29,-1.05,-1.34,-.059999999,1969m9,-3.179999947547913,-4.96999990940094,-7.190000176429749,-3.260000109672546,-4.790000081062317,-3.939999938011169,-1.909999966621399,-1.669999957084656,-1.960000038146973,-.6800000034272671
196910,.60000002,7.54,5.5,5.4699998,4.04,3,6.8299999,7.1700001,5.5100002,6.3099999,6.1799998,1969m10,6.939999938011169,4.899999976158142,4.869999766349792,3.439999938011169,2.399999976158142,6.229999899864197,6.570000052452087,4.910000205039978,5.709999918937683,5.579999804496765
196911,.51999998,-5.4899998,-4.3899999,-5.04,-1.63,-4.48,-3.3099999,-3.8599999,-3.8299999,-2.8099999,-1.77,1969m11,-6.009999752044678,-4.909999847412109,-5.559999942779541,-2.149999976158142,-5,-3.829999923706055,-4.379999876022339,-4.349999904632568,-3.329999923706055,-2.289999961853027
196912,.63999999,-4.8099999,-1.28,-2.6199999,-4.0500002,-1.23,-1.8200001,-1.9,-2.3,-.49000001,-.22,1969m12,-5.449999928474426,-1.919999957084656,-3.259999871253967,-4.690000176429749,-1.870000004768372,-2.460000038146973,-2.539999961853027,-2.939999938011169,-1.129999995231628,-.8599999845027924
197001,.60000002,-5.3800001,-7.6900001,-8.6499996,-6.0599999,-7.6700001,-8.3900003,-6.52,-8.0699997,-7.0100002,-8.5200005,1970m1,-5.980000138282776,-8.290000081062317,-9.249999642372131,-6.659999966621399,-8.270000100135803,-8.990000367164612,-7.120000004768372,-8.669999718666077,-7.610000252723694,-9.12000048160553
197002,.62,7.0799999,7.5799999,8.6700001,8.5,4.6799998,7.25,5.8200002,4.3000002,5.5700002,3.0699999,1970m2,6.459999918937683,6.959999918937683,8.050000071525574,7.879999995231628,4.059999823570251,6.629999995231628,5.200000166893005,3.680000185966492,4.950000166893005,2.449999928474426
197003,.56999999,-.88,-1.6900001,.58999997,.66000003,1.39,-.67000002,1.01,-1.83,.02,-1.6,1970m3,-1.449999988079071,-2.260000050067902,.0199999809265137,.0900000333786011,.8199999928474426,-1.240000009536743,.4399999976158142,-2.400000035762787,-.5499999932944775,-2.170000016689301
197004,.5,-14.12,-9.2799997,-9.4700003,-9.2600002,-8.7700005,-10.16,-11.19,-9.6899996,-8.21,-12.17,1970m4,-14.61999988555908,-9.779999732971191,-9.970000267028809,-9.760000228881836,-9.270000457763672,-10.65999984741211,-11.6899995803833,-10.1899995803833,-8.710000038146973,-12.67000007629395
197005,.52999997,-8.71,-5.25,-3.26,-5.3899999,-2.71,-6.29,-6.29,-9.6199999,-6.8699999,-7.0100002,1970m5,-9.240000009536743,-5.779999971389771,-3.789999961853027,-5.919999837875366,-3.240000009536743,-6.819999933242798,-6.819999933242798,-10.14999985694885,-7.399999856948853,-7.540000200271606
197006,.57999998,-10,-3.3900001,-3.5599999,-7.4499998,-5.21,-3.4200001,-3.1400001,-3.5699999,-3.8099999,-7.0900002,1970m6,-10.5799999833107,-3.970000088214874,-4.13999992609024,-8.029999792575836,-5.790000021457672,-4.000000059604645,-3.720000088214874,-4.149999916553497,-4.38999992609024,-7.67000013589859
197007,.51999998,7.27,8.2200003,8.4899998,10.07,9.5600004,8.8800001,8.1300001,8.6000004,5.04,4.21,1970m7,6.75,7.700000286102295,7.96999979019165,9.549999713897705,9.040000438690186,8.360000133514404,7.610000133514404,8.080000400543213,4.519999980926514,3.690000057220459
197008,.52999997,3.8499999,5.3000002,5.27,2.6900001,6.6199999,5.27,5.5799999,4.7199998,5.3099999,5.6900001,1970m8,3.319999933242798,4.770000219345093,4.740000009536743,2.160000085830688,6.089999914169312,4.740000009536743,5.049999952316284,4.18999981880188,4.779999971389771,5.160000085830688
197009,.54000002,13.42,4.5700002,2.4100001,2.1400001,3.8,2.28,3.27,4.3299999,4.98,6.98,1970m9,12.88000005483627,4.030000150203705,1.870000064373016,1.600000083446503,3.259999930858612,1.739999949932098,2.729999959468842,3.789999902248383,4.439999997615814,6.439999997615814
197010,.46000001,-7.9699998,-.60000002,-2.21,-3.6099999,.19,-1.39,-1.03,-1.89,-2.1099999,-.36000001,1970m10,-8.429999798536301,-1.060000032186508,-2.670000046491623,-4.069999903440475,-.2700000107288361,-1.849999994039536,-1.489999979734421,-2.349999994039536,-2.569999903440475,-.820000022649765
197011,.46000001,3.1900001,3.9300001,5.23,6.1100001,5.73,5.2600002,4.4400001,4.9299998,5.5999999,5.1300001,1970m11,2.730000048875809,3.470000058412552,4.770000010728836,5.650000125169754,5.270000010728836,4.800000220537186,3.980000048875809,4.469999819993973,5.139999896287918,4.670000106096268
197012,.41999999,8.25,6.5500002,5.3499999,6.3400002,5.71,6.7800002,6.96,6.8099999,7.5599999,4.6399999,1970m12,7.830000013113022,6.130000203847885,4.92999991774559,5.920000165700912,5.290000051259995,6.360000222921371,6.540000051259995,6.389999955892563,7.139999955892563,4.219999879598618
197101,.38,10.55,4.9200001,4.46,6.6500001,1.4400001,7.0500002,4.4099998,4.2199998,5.1799998,4.04,1971m1,10.17000019550323,4.540000081062317,4.080000042915344,6.270000100135803,1.060000061988831,6.670000195503235,4.029999852180481,3.839999794960022,4.799999833106995,3.659999966621399
197102,.33000001,3.4300001,1.33,1.91,-1.49,3.48,.33000001,3.25,2.52,1.78,2.3299999,1971m2,3.10000005364418,1.000000029802322,1.579999953508377,-1.820000022649765,3.150000005960464,0,2.919999986886978,2.189999967813492,1.449999958276749,1.999999910593033
197103,.30000001,5.5300002,3.03,4.0700002,2.5799999,4.0900002,3.6400001,4.2600002,4.5599999,5.6799998,5.4000001,1971m3,5.230000197887421,2.729999959468842,3.770000159740448,2.279999911785126,3.790000140666962,3.340000092983246,3.960000216960907,4.259999930858612,5.379999816417694,5.100000083446503
197104,.28,5.5999999,5.8699999,3.0699999,2.05,1.96,3.9000001,4.02,1.8,5,3.54,1971m4,5.319999903440475,5.589999884366989,2.789999932050705,1.769999951124191,1.68000003695488,3.620000094175339,3.739999979734421,1.519999951124191,4.719999998807907,3.259999960660934
197105,.28999999,-4.3600001,-4.8600001,-5.6700001,-4.1700001,-3.6099999,-2.55,-2.1700001,-3.79,-2.0599999,-4.2399998,1971m5,-4.650000125169754,-5.150000125169754,-5.960000067949295,-4.460000067949295,-3.899999886751175,-2.839999943971634,-2.460000067949295,-4.079999953508377,-2.349999934434891,-4.529999762773514
197106,.37,-1.0700001,-1.42,.72000003,.079999998,.41,2.0699999,1.41,.93000001,.16,-.44999999,1971m6,-1.440000057220459,-1.789999961853027,.3500000238418579,-.2900000065565109,.0399999916553497,1.699999928474426,1.039999961853027,.5600000023841858,-.2100000083446503,-.8199999928474426
197107,.40000001,-7.5700002,-3.9400001,-4.25,-3.47,-3.8099999,-4.2199998,-3.9000001,-2.9400001,-4.1300001,-5.0900002,1971m7,-7.970000177621841,-4.340000063180923,-4.650000005960464,-3.870000034570694,-4.209999948740005,-4.619999796152115,-4.300000101327896,-3.340000063180923,-4.530000120401382,-5.490000158548355
197108,.47,8.2600002,5.7800002,3.5999999,5.3200002,2.4400001,1.1,5.5900002,3.8399999,6.3299999,4.1900001,1971m8,7.790000230073929,5.310000211000443,3.129999905824661,4.85000017285347,1.970000058412552,.6300000250339508,5.120000153779984,3.369999915361404,5.859999924898148,3.720000058412552
197109,.37,-4.1500001,-.97000003,-1.34,-.77999997,-.41999999,-1.35,-.47,-.23,1.0599999,.1,1971m9,-4.520000100135803,-1.340000033378601,-1.710000038146973,-1.149999976158142,-.7899999916553497,-1.720000028610229,-.8400000035762787,-.6000000089406967,.6899999380111694,-.2700000032782555
197110,.37,-7.0500002,-5.3800001,-3.74,-4.27,-3.5799999,-4.5500002,-4.0599999,-4.2199998,-3.8099999,-2.5699999,1971m10,-7.420000195503235,-5.75000011920929,-4.110000014305115,-4.639999985694885,-3.949999928474426,-4.920000195503235,-4.429999947547913,-4.589999794960022,-4.179999947547913,-2.939999938011169
197111,.37,-3.45,-2.6300001,-1.35,.52999997,-.31999999,-.93000001,-.72000003,.66000003,1.84,.79000002,1971m11,-3.820000052452087,-3.00000011920929,-1.720000028610229,.1599999666213989,-.6899999976158142,-1.300000011920929,-1.090000033378601,.2900000214576721,1.470000028610229,.4200000166893005
197112,.37,11.63,10.48,10.24,6.4400001,8.6199999,10.09,8.0900002,8.3800001,10.53,9.3599997,1971m12,11.26000010967255,10.10999953746796,9.869999766349792,6.070000052452087,8.24999988079071,9.720000147819519,7.720000147819519,8.010000109672546,10.15999972820282,8.989999651908875
197201,.28999999,8.0500002,4.6100001,1.92,1.1900001,.52999997,1.9400001,.58999997,1.75,3.01,5.4200001,1972m1,7.760000199079514,4.320000141859055,1.629999965429306,.9000000655651093,.2399999797344208,1.650000065565109,.2999999821186066,1.46000000834465,2.719999998807907,5.130000084638596
197202,.25,2.6800001,2.48,1.34,1.17,2.7,3.6300001,1.23,5.2600002,5.6599998,3.47,1972m2,2.430000066757202,2.230000019073486,1.090000033378601,.9199999570846558,2.450000047683716,3.380000114440918,.9800000190734863,5.010000228881836,5.409999847412109,3.220000028610229
197203,.27000001,-.33000001,-.41999999,-.72000003,1.17,.87,-3.26,3.4200001,1.92,1.99,1.3099999,1972m3,-.6000000238418579,-.6899999976158142,-.9900000393390656,.8999999463558197,.5999999940395355,-3.530000001192093,3.150000065565109,1.64999994635582,1.719999998807907,1.039999932050705
197204,.28999999,2.48,1.05,1.53,-1.3099999,-.18000001,.090000004,1.54,.70999998,1.3200001,.54000002,1972m4,2.190000027418137,.7599999606609344,1.239999979734421,-1.599999934434891,-.4699999988079071,-.199999988079071,1.249999970197678,.4199999868869781,1.030000060796738,.2500000298023224
197205,.30000001,-1.64,-.89999998,.79000002,-.93000001,1.3200001,3.3900001,-.94999999,2.45,4.04,3.04,1972m5,-1.939999997615814,-1.199999988079071,.4900000095367432,-1.230000019073486,1.020000040531158,3.090000092983246,-1.25,2.150000035762787,3.739999949932098,2.739999949932098
197206,.28999999,-5.75,-3.7,-3.26,-2.04,-3.5799999,-3.1600001,-2.3699999,-.56,-.63999999,-1.01,1972m6,-6.03999999165535,-3.990000039339066,-3.549999982118607,-2.329999953508377,-3.869999915361404,-3.450000077486038,-2.659999877214432,-.8499999940395355,-.929999977350235,-1.299999982118607
197207,.31,-4.7199998,-4.4400001,-1.74,-1.29,-.98000002,-1.12,-.67000002,.47,1.14,.75999999,1972m7,-5.029999792575836,-4.750000059604645,-2.050000011920929,-1.599999964237213,-1.290000021457672,-1.430000007152557,-.9800000190734863,.1599999964237213,.8299999833106995,.449999988079071
197208,.28999999,5.0500002,5.6399999,4.8299999,4.8600001,3.4100001,4.6300001,6.27,4.6599998,.52999997,2.29,1972m8,4.760000199079514,5.349999874830246,4.539999932050705,4.570000141859055,3.120000094175339,4.340000122785568,5.979999989271164,4.36999985575676,.2399999797344208,1.999999970197678
197209,.34,-4.2800002,-3.26,-.91000003,-1.16,.52999997,-1.63,-.63,-.83999997,-.039999999,-.60000002,1972m9,-4.620000213384628,-3.599999994039536,-1.250000029802322,-1.499999970197678,.1899999678134918,-1.969999998807907,-.9699999988079071,-1.179999977350235,-.380000002682209,-.9400000274181366
197210,.40000001,-1.7,1.08,.83999997,1.5599999,2.4000001,2.0599999,.36000001,2.3,1.85,-1.39,1972m10,-2.10000005364418,.6800000369548798,.4399999678134918,1.159999936819077,2.000000089406967,1.659999936819077,-.0399999916553497,1.89999994635582,1.450000017881393,-1.78999999165535
197211,.37,5.27,9.0699997,6.5700002,7.5599999,5.96,5.6700001,6.2600002,4.75,2.8,2.98,1972m11,4.899999976158142,8.699999690055847,6.200000166893005,7.189999938011169,5.590000033378601,5.300000071525574,5.890000224113464,4.379999995231628,2.429999947547913,2.610000014305115
197212,.37,-2.9000001,-2.71,-.86000001,-.99000001,1.36,1.41,-.02,1.88,3.1099999,1.8,1972m12,-3.270000100135803,-3.080000042915344,-1.230000019073486,-1.360000014305115,.9900000095367432,1.039999961853027,-.3900000043213367,1.509999990463257,2.739999890327454,1.429999947547913
197301,.44,-4.5300002,-4.9899998,-2.1400001,-2.54,-3.52,-4.02,-2.6900001,-1.54,-4.0599999,-.090000004,1973m1,-4.970000207424164,-5.429999768733978,-2.580000102519989,-2.979999959468842,-3.959999978542328,-4.459999978542328,-3.130000054836273,-1.979999959468842,-4.499999940395355,-.5300000011920929
197302,.41999999,-4.2800002,-4.6300001,-6.3499999,-5.9000001,-3.79,-4.1399999,-7.3400002,-2.72,-3.98,-3.1199999,1973m2,-4.700000196695328,-5.050000101327896,-6.769999891519547,-6.32000008225441,-4.209999948740005,-4.559999853372574,-7.760000139474869,-3.140000015497208,-4.400000005960464,-3.53999987244606
197303,.46000001,-.88,.87,-.61000001,.11,-1.88,-1.42,1.61,-1.1,.52999997,-.88,1973m3,-1.340000003576279,.4099999964237213,-1.070000022649765,-.3500000089406967,-2.340000003576279,-1.879999965429306,1.150000005960464,-1.560000032186508,.0699999630451202,-1.340000003576279
197304,.51999998,-6.3099999,-5.5300002,-4.2399998,-3.47,-1.5599999,-3.99,-4.1599998,-3.96,-6.5599999,-5.5100002,1973m4,-6.829999923706055,-6.050000190734863,-4.759999752044678,-3.990000009536743,-2.079999923706055,-4.509999990463257,-4.679999828338623,-4.480000019073486,-7.079999923706055,-6.03000020980835
197305,.50999999,-6.9000001,-5.2600002,-4.2399998,-3.53,-.68000001,-2.8900001,-1.98,-.41999999,-1.01,-2.02,1973m5,-7.410000085830688,-5.770000219345093,-4.749999761581421,-4.039999961853027,-1.189999997615814,-3.400000095367432,-2.490000009536743,-.929999977350235,-1.519999980926514,-2.529999971389771
197306,.50999999,-2.21,-1.48,-2.0599999,-1.0599999,-1.55,-1.66,-2.1199999,-.44999999,-.27000001,-.18000001,1973m6,-2.720000028610229,-1.990000009536743,-2.569999933242798,-1.569999933242798,-2.059999942779541,-2.169999957084656,-2.629999876022339,-.9599999785423279,-.7800000011920929,-.6899999976158142
197307,.63999999,9.3900003,8.3800001,7.4200001,3.9000001,3.6600001,5.9099998,7.96,7.4699998,4.9899998,4.04,1973m7,8.750000357627869,7.740000128746033,6.78000009059906,3.260000109672546,3.020000100135803,5.269999861717224,7.320000052452087,6.829999804496765,4.349999785423279,3.399999976158142
197308,.69999999,-.61000001,-.44999999,-4.3800001,-2.9300001,-3.0699999,-2.7,-3.3699999,-3.5799999,-3.25,-3.54,1973m8,-1.310000002384186,-1.149999976158142,-5.080000102519989,-3.630000054836273,-3.769999921321869,-3.400000035762787,-4.069999873638153,-4.279999911785126,-3.949999988079071,-4.239999949932098
197309,.68000001,7.27,9.5,6.8099999,8.1400003,7.9200001,9.3299999,7.7800002,5.6500001,5.4499998,-1.4400001,1973m9,6.589999973773956,8.819999992847443,6.129999935626984,7.460000336170197,7.240000069141388,8.649999916553497,7.100000202655792,4.970000088214874,4.769999802112579,-2.120000064373016
197310,.64999998,1.98,.73000002,-1.39,1.0700001,-1.9400001,.28,-.79000002,.63999999,-.38,.059999999,1973m10,1.330000042915344,.0800000429153442,-2.039999961853027,.4200000762939453,-2.590000033378601,-.3699999749660492,-1.439999997615814,-.0099999904632568,-1.029999971389771,-.5899999774992466
197311,.56,-12.06,-9.7200003,-13.5,-14.24,-9.1999998,-12.92,-16.93,-11.77,-12.34,-11.95,1973m11,-12.62000042200089,-10.28000026941299,-14.06000000238419,-14.79999977350235,-9.759999811649323,-13.48000007867813,-17.49000030755997,-12.33000046014786,-12.90000015497208,-12.50999981164932
197312,.63999999,3.95,4.9200001,1.51,5.9499998,3.7,2.5999999,.41,1.99,1.38,-4.0599999,1973m12,3.310000061988831,4.28000009059906,.8700000047683716,5.309999823570251,3.060000061988831,1.959999918937683,-.2299999892711639,1.350000023841858,.7400000095367432,-4.699999928474426
197401,.63,4.6100001,.57999998,4.0900002,-.88999999,.97000003,2.5699999,1.52,-1.75,-2.29,.82999998,1974m1,3.980000138282776,-.050000011920929,3.460000157356262,-1.519999980926514,.3400000333786011,1.939999938011169,.8899999856948853,-2.379999995231628,-2.919999957084656,.199999988079071
197402,.57999998,.94,1.21,1.6799999,-.20999999,2.55,2.3,1.4299999,-1.63,-.80000001,-1.37,1974m2,.3600000143051147,.6300000548362732,1.099999964237213,-.7899999767541885,1.969999969005585,1.719999969005585,.8499999642372131,-2.209999978542328,-1.379999995231628,-1.949999988079071
197403,.56,-4.0900002,-4.54,-6.46,-2.1199999,-3.1600001,-2.8900001,-1.65,-.56999999,-1.37,-1.08,1974m3,-4.650000154972076,-5.099999964237213,-7.020000040531158,-2.679999887943268,-3.720000088214874,-3.450000107288361,-2.209999978542328,-1.129999995231628,-1.930000007152557,-1.64000004529953
197404,.75,-5.7399998,-7.8200002,-7.1399999,-5.02,-5.0500002,-5.7600002,-3.9100001,-2.5799999,-2.8599999,-4.1300001,1974m4,-6.489999771118164,-8.570000171661377,-7.889999866485596,-5.769999980926514,-5.800000190734863,-6.510000228881836,-4.660000085830688,-3.329999923706055,-3.609999895095825,-4.880000114440918
197405,.75,-9.0799999,-8.9099998,-10.68,-6.0599999,-2.0999999,-5.8499999,-3.0799999,-2.77,-.99000001,-2.1500001,1974m5,-9.829999923706055,-9.659999847412109,-11.43000030517578,-6.809999942779541,-2.849999904632568,-6.599999904632568,-3.829999923706055,-3.519999980926514,-1.740000009536743,-2.900000095367432
197406,.60000002,-3.73,-1.46,-3.98,-1.8200001,-1.3,-3.3099999,-3.4200001,-1.61,-1.9,-1.5,1974m6,-4.330000042915344,-2.060000061988831,-4.580000042915344,-2.420000076293945,-1.899999976158142,-3.909999966621399,-4.020000100135803,-2.210000038146973,-2.5,-2.100000023841858
197407,.69999999,-5.21,-4.7600002,-3.49,-9.4899998,-5.96,-5.1100001,-7.4899998,-8.6199999,-7.5900002,-9.3199997,1974m7,-5.910000026226044,-5.460000216960907,-4.189999997615814,-10.18999975919724,-6.660000026226044,-5.810000121593475,-8.189999759197235,-9.319999873638153,-8.290000140666962,-10.01999968290329
197408,.60000002,-7.6300001,-9.0799999,-9.0500002,-9.7299995,-5.0999999,-9.9099998,-10.08,-10.57,-10.49,-7.3299999,1974m8,-8.230000138282776,-9.679999947547913,-9.650000214576721,-10.32999956607819,-5.699999928474426,-10.50999987125397,-10.67999994754791,-11.16999971866608,-11.08999979496002,-7.929999947547913
197409,.81,-5.8600001,-6.3099999,-10.77,-7.9499998,-6.46,-7.52,-11.96,-11.39,-13.48,-15.62,1974m9,-6.67000013589859,-7.119999945163727,-11.58000046014786,-8.759999811649323,-7.270000040531158,-8.329999983310699,-12.77000004053116,-12.20000034570694,-14.28999954462051,-16.42999988794327
197410,.50999999,16.799999,18.370001,14.8,12.15,17.110001,18.129999,21.32,16.51,18.49,15.86,1974m10,16.28999924659729,17.86000084877014,14.29000020027161,11.63999962806702,16.60000061988831,17.61999917030334,20.80999970436096,16.00000023841858,17.97999978065491,15.34999966621399
197411,.54000002,-.56,-1.25,-.83999997,-4.79,-3.45,-3.55,-3.0899999,-3.95,-6.5599999,-4.9200001,1974m11,-1.100000023841858,-1.790000021457672,-1.379999995231628,-5.329999983310699,-3.990000069141388,-4.089999973773956,-3.629999935626984,-4.490000069141388,-7.099999964237213,-5.460000097751617
197412,.69999999,-3.9000001,-2.4100001,-4.79,-.92000002,.23,-1.17,-1.89,-4.5900002,-2.9200001,-3.8699999,1974m12,-4.600000083446503,-3.11000007390976,-5.489999949932098,-1.620000004768372,-.4699999839067459,-1.869999945163727,-2.589999973773956,-5.290000140666962,-3.620000064373016,-4.569999873638153
197501,.57999998,15.58,16.42,17.23,19.360001,10.59,13.53,11.67,14.73,10.81,15.32,1975m1,14.99999994039536,15.84000009298325,16.64999955892563,18.78000062704086,10.01000016927719,12.94999974966049,11.09000009298325,14.14999955892563,10.230000436306,14.73999971151352
197502,.43000001,3.78,3.74,5.5500002,2.3900001,3.9400001,3.03,4.77,7.3099999,8.04,9.6800003,1975m2,3.349999964237213,3.310000002384186,5.120000183582306,1.960000097751617,3.510000050067902,2.599999964237213,4.339999973773956,6.879999935626984,7.60999995470047,9.250000298023224
197503,.41,2.99,2.28,6.3800001,5.1799998,.68000001,4.7800002,4.3600001,4.1500001,2.99,2.01,1975m3,2.580000013113022,1.869999974966049,5.970000118017197,4.769999831914902,.2700000107288361,4.370000213384628,3.950000137090683,3.74000009894371,2.580000013113022,1.599999994039536
197504,.44,4.4400001,2.6700001,5.5700002,.47999999,3.02,4.71,5.98,3.6300001,8.7200003,5.4699998,1975m4,4.000000059604645,2.230000078678131,5.130000174045563,.0399999916553497,2.579999983310699,4.270000040531158,5.540000021457672,3.190000116825104,8.280000269412994,5.029999792575836
197505,.44,7.3699999,7.52,4.5100002,7.3600001,5.7600002,5.2199998,5.77,2.51,6.48,5.8200002,1975m5,6.929999887943268,7.079999983310699,4.070000231266022,6.92000013589859,5.320000231266022,4.779999792575836,5.329999983310699,2.069999992847443,6.040000021457672,5.380000174045563
197506,.41,6.9699998,7.75,7.9099998,7.3099999,5.04,6.9699998,5.5500002,6.4299998,4.1100001,2.7,1975m6,6.559999793767929,7.340000003576279,7.499999850988388,6.89999994635582,4.629999965429306,6.559999793767929,5.140000194311142,6.019999831914902,3.700000137090683,2.290000051259995
197507,.47999999,-6.1399999,-4.96,-7.8200002,-5.4000001,-3.25,-5.6100001,-7.52,-6.1700001,-7.1799998,-6.4299998,1975m7,-6.61999985575676,-5.440000027418137,-8.300000160932541,-5.880000084638596,-3.729999989271164,-6.090000122785568,-7.999999970197678,-6.650000065565109,-7.659999817609787,-6.909999817609787
197508,.47999999,-5.3699999,-3.76,-2.3499999,-.69999999,-2.98,-3.0699999,-2.49,-2.8299999,-1.88,-1.17,1975m8,-5.849999874830246,-4.239999979734421,-2.829999893903732,-1.179999977350235,-3.46000000834465,-3.549999922513962,-2.969999998807907,-3.309999912977219,-2.359999984502792,-1.64999994635582
197509,.52999997,-4.4899998,-3.71,-4.6100001,-3.3399999,-1.65,-3.3599999,-5.4299998,-6.3299999,-4.1599998,-1.89,1975m9,-5.019999742507935,-4.240000009536743,-5.140000104904175,-3.869999885559082,-2.179999947547913,-3.889999866485596,-5.959999799728394,-6.859999895095825,-4.68999981880188,-2.419999957084656
197510,.56,5.04,5.7800002,7.54,6.5599999,7.9299998,4.7199998,7.3800001,7.4200001,4.6599998,4.5500002,1975m10,4.479999959468842,5.220000207424164,6.979999959468842,5.999999940395355,7.369999825954437,4.159999787807465,6.820000112056732,6.86000007390976,4.099999845027924,3.990000188350677
197511,.41,4.75,3.6600001,4.7399998,3.72,3.97,2.26,2.8199999,1.9299999,3.73,1.98,1975m11,4.340000003576279,3.250000089406967,4.329999774694443,3.310000032186508,3.560000032186508,1.849999994039536,2.409999936819077,1.519999951124191,3.320000022649765,1.570000022649765
197512,.47999999,-.37,-1.33,-1.85,-1.85,.30000001,-.89999998,-1.22,-1.54,-1.59,-1.1,1975m12,-.8499999940395355,-1.810000032186508,-2.330000013113022,-2.330000013113022,-.179999977350235,-1.379999965429306,-1.700000017881393,-2.019999951124191,-2.070000022649765,-1.580000013113022
197601,.47,15.87,12.46,12.54,14.53,10.19,13.9,13.52,13.66,11.55,12.58,1976m1,15.39999988675117,11.99000003933907,12.06999996304512,14.05999973416328,9.719999581575394,13.42999961972237,13.05000045895576,13.1899998486042,11.08000019192696,12.10999992489815
197602,.34,6.9200001,1.54,2.5599999,.69999999,2.54,-.47999999,-.56,.55000001,-1.65,.02,1976m2,6.580000072717667,1.199999958276749,2.219999939203262,.3599999845027924,2.199999958276749,-.8199999928474426,-.9000000059604645,.2100000083446503,-1.989999979734421,-.3200000040233135
197603,.40000001,3.27,3.6300001,3.5,3.23,2.1900001,2.77,.37,2.95,4.6199999,2.6099999,1976m3,2.869999974966049,3.230000108480453,3.099999994039536,2.830000013113022,1.790000051259995,2.369999974966049,-.0300000011920929,2.550000041723251,4.219999879598618,2.209999889135361
197604,.41999999,-2.6700001,-.87,-3.1700001,-.41,.44999999,.050000001,-.15000001,-1.1900001,-2.4400001,-1.38,1976m4,-3.090000063180923,-1.28999999165535,-3.590000063180923,-.8299999833106995,.0300000011920929,-.3699999861419201,-.5699999928474426,-1.610000044107437,-2.860000044107437,-1.799999982118607
197605,.37,-3.9100001,-1.66,-3.23,-1.23,-2.3499999,-.61000001,-2.1099999,-.1,-1.33,1.89,1976m5,-4.28000009059906,-2.029999971389771,-3.600000023841858,-1.600000023841858,-2.71999990940094,-.9800000190734863,-2.479999899864197,-.4700000062584877,-1.700000047683716,1.519999980926514
197606,.43000001,6.1399999,5.8299999,4.3699999,5.1799998,3.05,5.23,3.8,4.5799999,3.78,5.54,1976m6,5.709999859333038,5.399999916553497,3.939999878406525,4.749999821186066,2.619999945163727,4.800000011920929,3.369999945163727,4.149999916553497,3.349999964237213,5.10999995470047
197607,.47,3.6700001,-.81,-.49000001,-.059999999,.34,-1.11,-.97000003,-.69,-.61000001,-1.41,1976m7,3.200000077486038,-1.280000001192093,-.9600000083446503,-.5299999974668026,-.1299999952316284,-1.580000013113022,-1.440000027418137,-1.159999996423721,-1.080000013113022,-1.879999965429306
197608,.41999999,-.99000001,1.41,-.37,1.25,1.78,-1.4299999,-1.16,.1,-2.45,-.19,1976m8,-1.409999996423721,.9899999797344208,-.7899999916553497,.8300000131130219,1.359999984502792,-1.849999934434891,-1.579999953508377,-.319999985396862,-2.870000034570694,-.6099999845027924
197609,.44,1.53,1.41,2.9100001,2.6800001,2.76,2.21,2.9200001,2.1600001,2.21,3.4100001,1976m9,1.089999973773956,.9699999690055847,2.470000088214874,2.240000069141388,2.319999992847443,1.770000040531158,2.480000078678131,1.720000088214874,1.770000040531158,2.970000088214874
197610,.41,-2.0599999,-2.1400001,-1.97,-1.7,-.97000003,-1.53,-1.35,-2.03,-2.5899999,-3,1976m10,-2.469999939203262,-2.550000101327896,-2.380000025033951,-2.110000044107437,-1.380000025033951,-1.939999967813492,-1.760000020265579,-2.439999967813492,-2.999999910593033,-3.409999996423721
197611,.40000001,3.04,3.1600001,1.02,2.1300001,2.5599999,-1.6799999,.75,-.36000001,1.8200001,-.68000001,1976m11,2.639999955892563,2.760000079870224,.6199999749660492,1.730000108480453,2.159999936819077,-2.079999953508377,.3499999940395355,-.7600000202655792,1.420000046491623,-1.080000013113022
197612,.40000001,6.48,5.8299999,7.1399999,6.25,4.21,9.0299997,5.1300001,5,5.8299999,6.2800002,1976m12,6.080000013113022,5.42999991774559,6.739999860525131,5.849999994039536,3.810000032186508,8.629999727010727,4.730000108480453,4.599999994039536,5.42999991774559,5.880000203847885
197701,.36000001,-3.3900001,-4.3200002,-2.9300001,-1.8,-2.1400001,-3.25,-4.6100001,-6.8800001,-4.23,-3.02,1977m1,-3.75000011920929,-4.680000185966492,-3.290000081062317,-2.159999966621399,-2.50000011920929,-3.610000014305115,-4.970000147819519,-7.240000128746033,-4.590000033378601,-3.379999995231628
197702,.34999999,-2.1099999,-1.09,-1.6799999,-2.9300001,-.07,-1.5599999,-1.3099999,-2.0799999,-2.29,-1.45,1977m2,-2.459999889135361,-1.440000027418137,-2.029999941587448,-3.280000060796738,-.4199999943375587,-1.909999936819077,-1.659999936819077,-2.42999991774559,-2.639999955892563,-1.800000041723251
197703,.38,-.33000001,.029999999,-.43000001,-1.4400001,-.46000001,-.66000003,-1.84,-2.9300001,.27000001,-.85000002,1977m3,-.7100000083446503,-.3499999959021807,-.8100000023841858,-1.820000052452087,-.8400000035762787,-1.040000021457672,-2.220000028610229,-3.310000061988831,-.1099999845027924,-1.230000019073486
197704,.38,4.3400002,1.9400001,2.3699999,.74000001,-.16,1.8099999,.73000002,-.81,1.25,-1.3,1977m4,3.960000157356262,1.560000061988831,1.989999890327454,.3600000143051147,-.5399999916553497,1.429999947547913,.3500000238418579,-1.189999997615814,.8700000047683716,-1.679999947547913
197705,.37,-.83999997,-1.73,-2.0799999,-.56999999,.55000001,.07,-2.3099999,-1.53,.07,-2.01,1977m5,-1.209999978542328,-2.100000023841858,-2.449999928474426,-.9399999976158142,.1800000071525574,-.3000000044703484,-2.679999947547913,-1.899999976158142,-.3000000044703484,-2.379999995231628
197706,.40000001,7.1100001,4.1599998,3.9000001,5.5599999,3.02,3.99,5.4299998,5.0700002,6.04,6.4499998,1977m6,6.71000012755394,3.759999841451645,3.500000089406967,5.159999936819077,2.619999974966049,3.590000003576279,5.029999822378159,4.670000165700912,5.639999955892563,6.049999803304672
197707,.41999999,-2.95,-2.6900001,.0099999998,.36000001,-1.0599999,-.86000001,-2.28,-.95999998,-2.1099999,-1.09,1977m7,-3.370000034570694,-3.110000044107437,-.4099999871104956,-.0599999725818634,-1.479999929666519,-1.280000001192093,-2.699999958276749,-1.379999965429306,-2.529999881982803,-1.510000020265579
197708,.44,-2.8900001,-.68000001,-2.6900001,-2.4400001,-1.55,-1.33,-.31,-.19,-1.89,-1.3200001,1977m8,-3.330000102519989,-1.120000004768372,-3.130000054836273,-2.880000054836273,-1.989999949932098,-1.770000040531158,-.75,-.6299999952316284,-2.329999983310699,-1.760000050067902
197709,.43000001,-.75,-1.98,.66000003,.54000002,1.92,-.14,-.37,.11,.20999999,-.0099999998,1977m9,-1.180000007152557,-2.410000026226044,.2300000190734863,.1100000143051147,1.489999949932098,-.5700000077486038,-.800000011920929,-.3200000077486038,-.2200000137090683,-.44000000692904
197710,.49000001,-6.0700002,-2.8599999,-3.0599999,-4.4699998,-4.54,-3.5699999,-4.1300001,-4.2800002,-4.4499998,-3.02,1977m10,-6.56000018119812,-3.349999904632568,-3.549999952316284,-4.959999799728394,-5.029999971389771,-4.059999942779541,-4.620000123977661,-4.770000219345093,-4.93999981880188,-3.509999990463257
197711,.5,6.3699999,5.0799999,4.3299999,5.6500001,3.98,5.4699998,5.1500001,3.75,3.9000001,3.9000001,1977m11,5.869999885559082,4.579999923706055,3.829999923706055,5.150000095367432,3.480000019073486,4.96999979019165,4.650000095367432,3.25,3.400000095367432,3.400000095367432
197712,.49000001,-.07,-.34,.56999999,.40000001,1.38,.57999998,.1,.33000001,.99000001,1.58,1977m12,-.5600000098347664,-.8300000131130219,.0799999833106995,-.0900000035762787,.8899999856948853,.0899999737739563,-.390000008046627,-.1599999964237213,.5,1.090000033378601
197801,.49000001,-3.74,-5.1100001,-4.9099998,-4.2600002,-4.73,-5.75,-6.0999999,-7.3299999,-5.98,-5.46,1978m1,-4.230000019073486,-5.600000143051147,-5.399999856948853,-4.750000238418579,-5.220000028610229,-6.240000009536743,-6.589999914169312,-7.819999933242798,-6.470000028610229,-5.950000047683716
197802,.46000001,-.89999998,-1.6,-.87,-.19,1.38,-.64999998,-1.8099999,-1.77,-1.6900001,-1.4400001,1978m2,-1.359999984502792,-2.060000032186508,-1.330000013113022,-.6500000059604645,.9199999868869781,-1.109999984502792,-2.269999951124191,-2.229999989271164,-2.150000065565109,-1.900000065565109
197803,.52999997,6.23,2.27,4.3699999,3.6199999,3.3399999,4.8000002,4.77,3.6099999,2.8,1.6799999,1978m3,5.700000047683716,1.740000009536743,3.839999914169312,3.089999914169312,2.809999942779541,4.270000219345093,4.240000009536743,3.079999923706055,2.269999980926514,1.149999976158142
197804,.54000002,8.4499998,8.1000004,4.8099999,6.9400001,5.8499999,7.3099999,9.9700003,10.7,9.6899996,9.9399996,1978m4,7.909999787807465,7.560000360012054,4.269999921321869,6.400000035762787,5.309999883174896,6.769999921321869,9.430000245571136,10.15999978780746,9.149999558925629,9.399999558925629
197805,.50999999,3.0699999,2.99,1.79,2.4100001,.51999998,3.2,2.5,2.74,2.48,1.6,1978m5,2.559999942779541,2.480000019073486,1.279999971389771,1.900000095367432,.0099999904632568,2.690000057220459,1.990000009536743,2.230000019073486,1.970000028610229,1.090000033378601
197806,.54000002,-.57999998,-.94999999,-.41,-.51999998,-1.01,-1.64,.07,-1.29,-2.8900001,-1.6900001,1978m6,-1.120000004768372,-1.490000009536743,-.9500000178813934,-1.060000002384186,-1.550000011920929,-2.180000007152557,-.4700000211596489,-1.829999983310699,-3.430000126361847,-2.230000078678131
197807,.56,6.5500002,4.0799999,5.7199998,3.9100001,6.04,5.46,6.8899999,5.04,5.8400002,6.9899998,1978m7,5.990000188350677,3.519999921321869,5.159999787807465,3.350000083446503,5.479999959468842,4.900000035762787,6.32999986410141,4.479999959468842,5.280000150203705,6.429999768733978
197808,.56,5.4899998,2.9200001,2.5899999,4.7399998,3.5799999,4.3200002,3.48,5.73,4.9200001,5,1978m8,4.929999768733978,2.36000007390976,2.029999911785126,4.179999768733978,3.019999921321869,3.760000169277191,2.920000016689301,5.170000016689301,4.36000007390976,4.439999997615814
197809,.62,1.79,-1.51,-.86000001,.090000004,-1.59,-.47999999,-1.8200001,-.13,-.34,-2.05,1978m9,1.169999957084656,-2.129999995231628,-1.480000019073486,-.5300000011920929,-2.210000038146973,-1.099999994039536,-2.440000057220459,-.75,-.9600000083446503,-2.669999957084656
197810,.68000001,-16.83,-11.29,-12.04,-8.5699997,-12.1,-11.78,-11.37,-10.98,-10.68,-10.78,1978m10,-17.50999993085861,-11.96999996900558,-12.71999996900558,-9.249999701976776,-12.78000038862228,-12.45999974012375,-12.04999989271164,-11.65999954938889,-11.36000031232834,-11.45999974012375
197811,.69999999,3.1400001,3.5599999,4.3299999,3.54,3.0899999,3.22,3.5799999,2.8900001,3.1199999,3.72,1978m11,2.440000116825104,2.85999995470047,3.629999935626984,2.839999973773956,2.38999992609024,2.520000040531158,2.879999935626984,2.190000116825104,2.419999897480011,3.020000040531158
197812,.77999997,.54000002,-1.03,.63999999,.38999999,1.37,1.66,1.22,1.39,2.55,4.29,1978m12,-.2399999499320984,-1.809999942779541,-.1399999856948853,-.3899999856948853,.5900000333786011,.8799999952316284,.440000057220459,.6100000143051147,1.769999980926514,3.509999990463257
197901,.76999998,11.3,8.21,5.1900001,4.8600001,4.9000001,6.1500001,3.3699999,4.4499998,2.74,4.8499999,1979m1,10.53000020980835,7.440000057220459,4.420000076293945,4.090000152587891,4.130000114440918,5.380000114440918,2.599999904632568,3.679999828338623,1.970000028610229,4.079999923706055
197902,.73000002,-2.0599999,-2.6300001,-3.5799999,-2.1099999,-3.97,-2.3199999,-2.96,-3.3299999,-3.1900001,-3.2,1979m2,-2.789999961853027,-3.360000133514404,-4.309999942779541,-2.839999914169312,-4.700000047683716,-3.049999952316284,-3.690000057220459,-4.059999942779541,-3.920000076293945,-3.930000066757202
197903,.81,9.3100004,5.9299998,6.5900002,3.76,6.46,7.21,6.2600002,6.6199999,6.4699998,7.23,1979m3,8.500000417232513,5.119999825954437,5.780000150203705,2.949999988079071,5.650000035762787,6.400000035762787,5.45000022649765,5.809999883174896,5.659999787807465,6.420000016689301
197904,.80000001,-.20999999,-.93000001,-1.13,-1.0700001,1.02,1.5700001,1.78,1.46,.64999998,1.64,1979m4,-1.010000005364418,-1.730000019073486,-1.930000007152557,-1.870000064373016,.2199999690055847,.7700000405311584,.9799999594688416,.6600000262260437,-.1500000357627869,.8399999737739563
197905,.81999999,-.36000001,-.46000001,-.64999998,-.62,-1.48,-1.5,-2.71,-1.98,-2.22,-1.52,1979m5,-1.180000007152557,-1.280000001192093,-1.469999969005585,-1.439999997615814,-2.300000011920929,-2.319999992847443,-3.530000030994415,-2.800000011920929,-3.040000021457672,-2.339999973773956
197906,.81,6.8099999,5,6.79,3.5699999,5.4499998,5.9200001,3.79,5.3499999,4.7600002,2.6700001,1979m6,5.999999940395355,4.189999997615814,5.979999959468842,2.759999930858612,4.639999806880951,5.11000007390976,2.979999959468842,4.539999902248383,3.95000022649765,1.86000007390976
197907,.76999998,2.5999999,1.64,2.4200001,1.0700001,1.89,2.1600001,3.01,2.27,1.88,-.88999999,1979m7,1.829999923706055,.8700000047683716,1.650000095367432,.3000000715255737,1.120000004768372,1.390000104904175,2.240000009536743,1.5,1.110000014305115,-1.659999966621399
197908,.76999998,6.8000002,3.95,4.8099999,4.3099999,7.4400001,8.8800001,6.6100001,7.4099998,6.3699999,6.1100001,1979m8,6.03000020980835,3.180000066757202,4.039999961853027,3.539999961853027,6.670000076293945,8.110000133514404,5.840000152587891,6.639999866485596,5.599999904632568,5.340000152587891
197909,.82999998,-1.3,-2.1300001,.74000001,-.91000003,.5,.20999999,-.30000001,.81,1.24,-.47999999,1979m9,-2.129999935626984,-2.960000097751617,-.0899999737739563,-1.740000009536743,-.3299999833106995,-.6199999898672104,-1.129999995231628,-.0199999809265137,.4100000262260437,-1.309999972581863
197910,.87,-10.4,-6.9899998,-8.2799997,-6.96,-6.8400002,-6.7199998,-7.9699998,-5.8800001,-5.6199999,-8.0699997,1979m10,-11.26999962329865,-7.859999775886536,-9.149999737739563,-7.830000042915344,-7.710000157356262,-7.589999794960022,-8.839999794960022,-6.75000011920929,-6.489999890327454,-8.93999969959259
197911,.99000001,6.3499999,6.8800001,7.1300001,5.1799998,7.0700002,6.48,5.0500002,4.8400002,6.54,6.5500002,1979m11,5.359999895095825,5.890000104904175,6.140000104904175,4.18999981880188,6.080000162124634,5.490000009536743,4.06000018119812,3.850000143051147,5.549999952316284,5.56000018119812
197912,.94999999,4.8499999,1.27,3.6700001,1.01,3.3699999,3.25,3.0799999,2.3299999,3.02,2.04,1979m12,3.899999916553497,.3199999928474426,2.720000088214874,.0600000023841858,2.419999897480011,2.300000011920929,2.129999935626984,1.379999935626984,2.069999992847443,1.089999973773956
198001,.80000001,9.7299995,5.2800002,6.6599998,2.0599999,6.3400002,8.3699999,5.9899998,7.27,6.2800002,6.04,1980m1,8.929999530315399,4.480000197887421,5.85999983549118,1.259999930858612,5.540000140666962,7.569999873638153,5.189999759197235,6.469999969005585,5.480000197887421,5.239999949932098
198002,.88999999,.37,-2.1800001,-.34,.81,-1.0599999,-.25,-4.6199999,.11,3.54,-2.6900001,1980m2,-.5199999809265137,-3.070000052452087,-1.229999989271164,-.0799999833106995,-1.949999928474426,-1.139999985694885,-5.509999871253967,-.7799999862909317,2.649999976158142,-3.580000042915344
198003,1.21,-17.139999,-10.57,-13.27,-8.7799997,-10.67,-12.88,-8.8199997,-10.12,-11.74,-12.61,1980m3,-18.34999942779541,-11.77999973297119,-14.48000049591064,-9.989999771118164,-11.88000011444092,-14.09000015258789,-10.02999973297119,-11.32999992370605,-12.94999980926514,-13.81999969482422
198004,1.26,4.8200002,7.9899998,7.21,6.79,6.1999998,4.9400001,2.9200001,5.5300002,5.3000002,1.51,1980m4,3.56000018119812,6.729999780654907,5.950000047683716,5.529999971389771,4.93999981880188,3.680000066757202,1.660000085830688,4.270000219345093,4.040000200271606,.25
198005,.81,6.4099998,6.71,5.3400002,6,6.1599998,6.0599999,6.0999999,6.73,5.5300002,5.1999998,1980m5,5.599999845027924,5.900000035762787,4.530000150203705,5.189999997615814,5.349999845027924,5.249999940395355,5.289999902248383,5.920000016689301,4.720000207424164,4.389999806880951
198006,.61000001,3.9400001,4.0700002,4.1399999,2.21,3.8199999,2.5599999,2.6600001,3.1900001,3.4300001,4.1399999,1980m6,3.330000042915344,3.460000157356262,3.529999852180481,1.600000023841858,3.209999918937683,1.949999928474426,2.050000071525574,2.580000042915344,2.820000052452087,3.529999852180481
198007,.52999997,5.3800001,3.26,6.4000001,4.7600002,6.3400002,6.4400001,8.7600002,8.1700001,10.34,8.1400003,1980m7,4.850000143051147,2.730000019073486,5.870000123977661,4.230000257492065,5.81000018119812,5.910000085830688,8.230000257492065,7.640000104904175,9.81000018119812,7.610000371932983
198008,.63999999,1.46,.18000001,1,3.0699999,3.74,2.7,2.1800001,.98000002,2.9100001,3.0899999,1980m8,.8200000524520874,-.4599999785423279,.3600000143051147,2.429999947547913,3.100000023841858,2.060000061988831,1.540000081062317,.3400000333786011,2.270000100135803,2.449999928474426
198009,.75,.44999999,2.52,2.73,.54000002,2.5999999,3.4000001,4.2199998,4.4000001,2.71,3.4300001,1980m9,-.300000011920929,1.769999980926514,1.980000019073486,-.2099999785423279,1.849999904632568,2.650000095367432,3.46999979019165,3.650000095367432,1.960000038146973,2.680000066757202
198010,.94999999,1.76,-.69999999,1.71,-.57999998,2.5799999,1.77,2.1400001,2.1900001,.050000001,5.48,1980m10,.8100000023841858,-1.649999976158142,.7600000500679016,-1.529999971389771,1.629999935626984,.8199999928474426,1.190000116825104,1.240000069141388,-.899999987334013,4.530000030994415
198011,.95999998,5.4200001,4.4699998,6.8600001,5.3000002,12.33,15.99,11.46,12.76,8.5100002,13.28,1980m11,4.460000097751617,3.509999811649323,5.900000154972076,4.340000212192535,11.36999994516373,15.02999979257584,10.50000005960464,11.80000025033951,7.550000250339508,12.31999975442886
198012,1.3099999,-3.48,-.57999998,-1.28,-.97000003,-3.1900001,-2.9400001,-2.6800001,-5.5700002,.38999999,-4.6100001,1980m12,-4.789999961853027,-1.88999992609024,-2.589999914169312,-2.279999971389771,-4.5,-4.25,-3.990000009536743,-6.880000114440918,-.9199999570846558,-5.920000076293945
198101,1.04,1.95,-1.83,-1.54,1.35,-4.1300001,-7.1300001,-4.0500002,-4.9699998,-3.98,-7.2199998,1981m1,.9100000858306885,-2.870000004768372,-2.579999923706055,.3100000619888306,-5.170000076293945,-8.170000076293945,-5.090000152587891,-6.009999752044678,-5.019999980926514,-8.259999752044678
198102,1.0700001,.72000003,.63999999,1.71,1.67,1.96,2.5699999,4.73,3.4300001,2.99,-.97000003,1981m2,-.3500000238418579,-.4300000667572021,.6399999856948853,.5999999046325684,.8899999856948853,1.49999988079071,3.659999966621399,2.360000014305115,1.919999957084656,-2.040000081062317
198103,1.21,8.3599997,9.4700003,7.1300001,6.1999998,3.49,4.73,4.3699999,4.4099998,5.5599999,1.14,1981m3,7.149999618530273,8.260000228881836,5.920000076293945,4.989999771118164,2.279999971389771,3.519999980926514,3.159999847412109,3.199999809265137,4.349999904632568,-.0700000524520874
198104,1.08,.12,-.81999999,-1.08,1.95,-.41,-2.0599999,-2.48,-2.6300001,.44999999,-1.97,1981m4,-.9600000455975533,-1.900000035762787,-2.160000085830688,.8700000047683716,-1.490000039339066,-3.139999985694885,-3.560000061988831,-3.710000157356262,-.6300000548362732,-3.050000071525574
198105,1.15,2.22,1.85,1.62,2.9300001,1.01,.14,-.38999999,.55000001,3.1600001,.34,1981m5,1.070000052452087,.7000000476837158,.4700000286102295,1.78000009059906,-.1399999856948853,-1.009999975562096,-1.539999961853027,-.5999999642372131,2.010000109672546,-.8099999725818634
198106,1.35,-2.1199999,-.17,1.73,-.68000001,-1.96,-.02,-1.86,-1,-2.8399999,-.029999999,1981m6,-3.46999990940094,-1.520000025629997,.3799999952316284,-2.030000030994415,-3.310000061988831,-1.370000023394823,-3.210000038146973,-2.350000023841858,-4.189999938011169,-1.380000023171306
198107,1.24,-2.24,-1.5700001,-1.88,-1.9,-1.04,.12,-1.03,1.5599999,-.039999999,1.74,1981m7,-3.480000019073486,-2.810000061988831,-3.120000004768372,-3.139999985694885,-2.279999971389771,-1.120000012218952,-2.269999980926514,.3199999332427979,-1.280000008642673,.5
198108,1.28,-8.2700005,-5.4400001,-6.0999999,-7.29,-3.7,-4.3099999,-5.9699998,-6.6399999,-5.8200002,-6.48,1981m8,-9.550000429153442,-6.720000028610229,-7.379999876022339,-8.569999933242798,-4.980000019073486,-5.589999914169312,-7.249999761581421,-7.919999837875366,-7.100000143051147,-7.759999990463257
198109,1.24,-8.3199997,-4.4499998,-5.52,-4.1999998,-2.97,-6.4499998,-4.9200001,-6.25,-6.27,-7.5500002,1981m9,-9.559999704360962,-5.68999981880188,-6.759999990463257,-5.43999981880188,-4.210000038146973,-7.68999981880188,-6.160000085830688,-7.490000009536743,-7.509999990463257,-8.790000200271606
198110,1.21,3.03,2.48,5.8600001,6.5599999,4.8299999,5.6900001,6.9200001,7.4200001,8.6899996,6.0300002,1981m10,1.819999933242798,1.269999980926514,4.650000095367432,5.349999904632568,3.619999885559082,4.480000019073486,5.710000038146973,6.210000038146973,7.479999542236328,4.820000171661377
198111,1.0700001,3.75,5.7800002,5.3800001,5.04,3.8299999,3.8199999,4.1999998,4.5100002,3.02,4.6599998,1981m11,2.679999947547913,4.710000157356262,4.310000061988831,3.96999990940094,2.759999871253967,2.74999988079071,3.129999756813049,3.440000176429749,1.949999928474426,3.589999794960022
198112,.87,-3.6800001,-2.3800001,-3.3299999,-2.03,-1.49,-2.0799999,-2.73,-3.8299999,-2.6900001,-3.01,1981m12,-4.550000071525574,-3.25000011920929,-4.199999928474426,-2.899999976158142,-2.360000014305115,-2.949999928474426,-3.600000023841858,-4.699999928474426,-3.560000061988831,-3.879999995231628
198201,.80000001,-1.3,-.87,-1.64,-1.7,-1.6,-4.0500002,-2.5899999,-3.5799999,-2.96,-1.36,1982m1,-2.099999964237213,-1.670000016689301,-2.439999997615814,-2.500000059604645,-2.400000035762787,-4.850000202655792,-3.38999992609024,-4.379999935626984,-3.760000050067902,-2.160000026226044
198202,.92000002,-2.8199999,-.93000001,-2.02,-2.75,-5.5700002,-4.7399998,-5.5799999,-7.3299999,-4.6399999,-6.3899999,1982m2,-3.739999949932098,-1.850000023841858,-2.939999997615814,-3.670000016689301,-6.490000188350677,-5.659999787807465,-6.499999940395355,-8.249999940395355,-5.559999883174896,-7.309999883174896
198203,.98000002,.36000001,.86000001,-.050000001,-.18000001,.33000001,-1.1,-.94,-.69,.059999999,-3.05,1982m3,-.6200000047683716,-.1200000047683716,-1.030000019818544,-1.160000026226044,-.6500000059604645,-2.080000042915344,-1.920000016689301,-1.670000016689301,-.9200000204145908,-4.029999971389771
198204,1.13,3.6400001,4.0700002,4.2600002,4.8600001,1.77,3.55,5.27,3.8900001,5.52,6.3600001,1982m4,2.510000109672546,2.940000176429749,3.130000233650208,3.730000138282776,.6399999856948853,2.419999957084656,4.139999985694885,2.760000109672546,4.389999985694885,5.230000138282776
198205,1.0599999,-3.01,-3.0699999,-4.75,-3.8800001,-3.0999999,-1.6799999,-3.95,-1.1900001,-3.6900001,-1.92,1982m5,-4.069999933242798,-4.129999876022339,-5.809999942779541,-4.940000057220459,-4.159999847412109,-2.739999890327454,-5.009999990463257,-2.25,-4.75,-2.979999899864197
198206,.95999998,-1.12,-1.27,-2.28,-2.6800001,-2.9100001,-2.01,-1.67,-.75999999,-2.52,-2.3099999,1982m6,-2.079999983310699,-2.229999959468842,-3.239999949932098,-3.64000004529953,-3.870000064373016,-2.969999969005585,-2.629999935626984,-1.719999969005585,-3.479999959468842,-3.269999921321869
198207,1.05,-2.7,-3.0899999,-2.1500001,-1.76,-1.7,-3.71,-1.49,-3.4100001,-2.9200001,.1,1982m7,-3.75,-4.139999866485596,-3.200000047683716,-2.809999942779541,-2.75,-4.759999990463257,-2.539999961853027,-4.460000038146973,-3.970000028610229,-.9499999508261681
198208,.75999999,13.02,12.84,14.86,15.05,11.78,11.64,11.59,12.29,9.5900002,9.6700001,1982m8,12.26000046730042,12.08000016212463,14.09999966621399,14.29000020027161,11.01999974250793,10.8800003528595,10.83000016212463,11.52999997138977,8.830000162124634,8.910000085830688
198209,.50999999,.93000001,-.039999999,1.84,.47,1.1799999,1.88,1.45,3.02,2.76,3.1600001,1982m9,.4200000166893005,-.5499999895691872,1.330000042915344,-.0399999916553497,.6699999570846558,1.370000004768372,.940000057220459,2.509999990463257,2.25,2.650000095367432
198210,.58999997,17.370001,11.65,10.79,13.19,8.6000004,11.91,12.3,9.8500004,13.07,12.9,1982m10,16.78000086545944,11.05999964475632,10.19999998807907,12.59999960660934,8.01000040769577,11.31999987363815,11.71000021696091,9.26000040769577,12.47999972105026,12.30999964475632
198211,.63,9.1700001,5.6799998,5.9699998,5.3000002,4.3499999,3.52,5.3299999,3.8399999,4.3800001,7.4099998,1982m11,8.540000081062317,5.049999833106995,5.339999794960022,4.670000195503235,3.71999990940094,2.889999985694885,4.699999928474426,3.209999918937683,3.75000011920929,6.779999852180481
198212,.67000002,2.4100001,1.26,1.8,.28999999,.31,-.22,1.16,-.079999998,1.1,3.9400001,1982m12,1.740000069141388,.5899999737739563,1.129999935626984,-.3800000250339508,-.3600000143051147,-.8900000154972076,.4899999499320984,-.7500000149011612,.4300000071525574,3.270000040531158
198301,.69,4.8800001,4.52,3.51,4.71,8.3500004,2.55,3.51,3.02,2.97,3.3199999,1983m1,4.190000116825104,3.829999983310699,2.819999992847443,4.020000040531158,7.660000383853912,1.85999995470047,2.819999992847443,2.329999983310699,2.280000030994415,2.629999935626984
198302,.62,4.27,4.8800001,4.71,2.76,2.26,3.55,2.28,3.3599999,3.22,3.29,1983m2,3.649999976158142,4.260000109672546,4.090000033378601,2.139999985694885,1.639999985694885,2.929999947547913,1.659999966621399,2.739999890327454,2.600000023841858,2.669999957084656
198303,.63,6.5300002,2.9400001,3.4100001,2.8699999,2.6600001,4.5100002,2.8499999,2.8499999,4.8200002,3.47,1983m3,5.900000214576721,2.310000061988831,2.78000009059906,2.239999890327454,2.03000009059906,3.880000233650208,2.21999990940094,2.21999990940094,4.190000176429749,2.840000033378601
198304,.70999998,11.09,6.3000002,6.5500002,6.6999998,6.1599998,9.2200003,6.4200001,6.6999998,6.1199999,8.8699999,1983m4,10.38000017404556,5.590000212192535,5.840000212192535,5.989999830722809,5.449999868869781,8.510000288486481,5.710000097751617,5.989999830722809,5.409999907016754,8.159999907016754
198305,.69,2.3199999,3.3499999,2.6800001,.25,-.67000002,2.26,-1.78,.56,2.6600001,.46000001,1983m5,1.629999935626984,2.659999907016754,1.990000069141388,-.4399999976158142,-1.360000014305115,1.569999992847443,-2.469999969005585,-.1299999952316284,1.970000088214874,-.2299999892711639
198306,.67000002,4.1900001,1.29,-.19,3.78,2.6400001,3.1600001,5.23,6.4000001,3.6099999,5.0700002,1983m6,3.520000040531158,.6199999451637268,-.8600000143051147,3.10999995470047,1.970000088214874,2.490000069141388,4.560000002384186,5.730000078678131,2.939999878406525,4.400000154972076
198307,.74000001,-4.29,-3.6099999,-1.4,-2.47,-2.95,-2.3699999,-3.9000001,-3.8800001,-4.0900002,-3.75,1983m7,-5.029999971389771,-4.349999904632568,-2.139999985694885,-3.210000038146973,-3.690000057220459,-3.109999895095825,-4.640000104904175,-4.620000123977661,-4.830000162124634,-4.490000009536743
198308,.75999999,-1.89,.56,-1,1.91,2.54,.56,.86000001,.56,.52999997,-1.1,1983m8,-2.649999976158142,-.199999988079071,-1.759999990463257,1.149999976158142,1.779999971389771,-.199999988079071,.1000000238418579,-.199999988079071,-.2300000190734863,-1.860000014305115
198309,.75999999,-1.14,1.85,2.29,2.55,2.1600001,.87,1.78,1.71,1.67,1.87,1983m9,-1.899999976158142,1.090000033378601,1.529999971389771,1.789999961853027,1.400000095367432,.1100000143051147,1.019999980926514,.9500000476837158,.9099999666213989,1.110000014305115
198310,.75999999,-6.9499998,-2.3,-.039999999,-.85000002,-3.1800001,-1.9,-2.1800001,-2.8900001,-1.4400001,-3.96,1983m10,-7.709999799728394,-3.059999942779541,-.7999999895691872,-1.610000014305115,-3.940000057220459,-2.659999966621399,-2.940000057220459,-3.650000095367432,-2.200000047683716,-4.720000028610229
198311,.69999999,6.1799998,4.8800001,3.0599999,2.04,1.84,2.97,3.0699999,4.46,2.3499999,1.02,1983m11,5.479999840259552,4.180000126361847,2.35999995470047,1.339999973773956,1.14000004529953,2.270000040531158,2.369999945163727,3.760000050067902,1.649999916553497,.3199999928474426
198312,.73000002,-2.04,-2.6400001,-2.1199999,-1.5700001,-.62,-1.12,-2.03,.46000001,-.79000002,.52999997,1983m12,-2.769999980926514,-3.370000123977661,-2.849999904632568,-2.300000071525574,-1.350000023841858,-1.850000023841858,-2.759999990463257,-.2700000107288361,-1.520000040531158,-.2000000476837158
198401,.75999999,-.55000001,-2.54,-2.77,-.56999999,1.83,-.70999998,1.0700001,-2.24,-1.78,-3.29,1984m1,-1.310000002384186,-3.299999952316284,-3.529999971389771,-1.329999983310699,1.070000052452087,-1.469999969005585,.3100000619888306,-3,-2.539999961853027,-4.049999952316284
198402,.70999998,-6.6500001,-4.3000002,-6.04,-2.8699999,-3.3599999,-5.4200001,-1.88,-3.6900001,-3.52,-4.04,1984m2,-7.36000007390976,-5.010000169277191,-6.749999940395355,-3.57999986410141,-4.069999873638153,-6.130000054836273,-2.589999973773956,-4.400000035762787,-4.229999959468842,-4.749999940395355
198403,.73000002,2.45,3.4100001,2.4000001,1.13,-1.1,1.78,1.23,.49000001,.97000003,2.03,1984m3,1.720000028610229,2.680000066757202,1.670000076293945,.3999999761581421,-1.830000042915344,1.049999952316284,.5,-.2400000095367432,.2400000095367432,1.299999952316284
198404,.81,-5.4099998,-3.04,-1.83,.81,1.63,2.8699999,1.5700001,.0099999998,1.78,.75,1984m4,-6.219999849796295,-3.849999964237213,-2.64000004529953,0,.8199999928474426,2.059999883174896,.7600000500679016,-.8000000026077032,.9699999690055847,-.0600000023841858
198405,.77999997,-10.2,-6.8899999,-6.3299999,-3.6900001,-6.1300001,-5.52,-4.1999998,-2.8699999,-4.3600001,-5.1799998,1984m5,-10.97999978065491,-7.669999837875366,-7.109999895095825,-4.470000028610229,-6.910000085830688,-6.299999952316284,-4.979999780654907,-3.649999856948853,-5.140000104904175,-5.959999799728394
198406,.75,-1.22,.050000001,1.02,3.0899999,5.98,2.6099999,2.23,4.52,3.6400001,2.48,1984m6,-1.970000028610229,-.6999999992549419,.2699999809265137,2.339999914169312,5.230000019073486,1.859999895095825,1.480000019073486,3.769999980926514,2.890000104904175,1.730000019073486
198407,.81999999,-8.8999996,-4.1100001,-2.6700001,-1.28,-2,-3.3299999,-1.96,-2.54,-1.53,.92000002,1984m7,-9.719999611377716,-4.930000126361847,-3.490000069141388,-2.099999964237213,-2.819999992847443,-4.149999916553497,-2.780000030994415,-3.35999995470047,-2.349999964237213,.1000000238418579
198408,.82999998,13.48,13.1,11.74,11.75,11.43,10.16,10.83,11.09,11.15,11.39,1984m8,12.64999955892563,12.27000039815903,10.90999978780746,10.9200000166893,10.60000032186508,9.32999986410141,9.999999940395355,10.26000016927719,10.31999963521957,10.56000036001205
198409,.86000001,-2.8900001,-.98000002,-.18000001,-.50999999,1.21,.13,-1.01,1.4299999,-.94999999,.33000001,1984m9,-3.75000011920929,-1.840000033378601,-1.040000021457672,-1.370000004768372,.3500000238418579,-.7300000190734863,-1.870000004768372,.5699999332427979,-1.810000002384186,-.5300000011920929
198410,1,-3.49,-.70999998,2.05,-.63999999,-.81,-1.09,.54000002,.89999998,.73000002,.62,1984m10,-4.490000009536743,-1.709999978542328,1.049999952316284,-1.639999985694885,-1.810000002384186,-2.090000033378601,-.4599999785423279,-.1000000238418579,-.2699999809265137,-.3799999952316284
198411,.73000002,-4.0700002,-.07,-.47999999,-.38,.37,-.22,-1.99,-.97000003,-1.28,-2.22,1984m11,-4.800000190734863,-.8000000193715096,-1.21000000834465,-1.110000014305115,-.3600000143051147,-.9500000178813934,-2.720000028610229,-1.700000047683716,-2.009999990463257,-2.950000047683716
198412,.63999999,.15000001,1.4,3.24,2.3800001,2.5999999,1.49,2.53,3.1099999,2.3599999,2.9000001,1984m12,-.4899999797344208,.7599999904632568,2.600000023841858,1.740000128746033,1.959999918937683,.8500000238418579,1.889999985694885,2.46999990940094,1.71999990940094,2.260000109672546
198501,.64999998,12.75,9.6400003,8.8500004,8.9099998,7.0799999,6.6300001,8.7799997,7.3699999,8.1499996,10.62,1985m1,12.10000002384186,8.990000367164612,8.200000405311584,8.259999871253967,6.429999947547913,5.980000138282776,8.129999756813049,6.71999990940094,7.499999642372131,9.96999990940094
198502,.57999998,.31999999,1.67,.059999999,.94,1.0599999,2.9200001,2.1099999,3.1400001,3.1500001,1.12,1985m2,-.2599999904632568,1.089999973773956,-.519999984651804,.3600000143051147,.4799999594688416,2.340000092983246,1.529999911785126,2.560000121593475,2.570000112056732,.5400000214576721
198503,.62,-1.89,-.62,-1.08,-.68000001,.58999997,.95999998,.2,.64999998,.38,-2.01,1985m3,-2.509999990463257,-1.240000009536743,-1.700000047683716,-1.300000011920929,-.0300000309944153,.3399999737739563,-.4200000017881393,.0299999713897705,-.2400000095367432,-2.629999995231628
198504,.72000003,-3.74,-.25,-.43000001,.02,.090000004,1.35,-1.3,.15000001,-.2,-.99000001,1985m4,-4.460000038146973,-.9700000286102295,-1.150000035762787,-.7000000290572643,-.6300000250339508,.6299999952316284,-2.019999980926514,-.570000022649765,-.9200000315904617,-1.710000038146973
198505,.66000003,1.6900001,6.6799998,5.7399998,4.8499999,6.3400002,6.1799998,6.0700002,5.48,6.02,6.1900001,1985m5,1.030000030994415,6.019999802112579,5.07999974489212,4.189999878406525,5.680000126361847,5.519999802112579,5.410000145435333,4.819999992847443,5.35999995470047,5.530000030994415
198506,.55000001,-.49000001,1.92,1.88,1.45,2.9200001,2.0799999,1.7,1.83,1.95,.72000003,1985m6,-1.040000021457672,1.369999945163727,1.329999983310699,.9000000357627869,2.370000064373016,1.529999911785126,1.150000035762787,1.280000030994415,1.400000035762787,.1700000166893005
198507,.62,1.91,.75,-.44999999,.029999999,-1.14,-.079999998,-.25999999,-.86000001,-1.41,1.05,1985m7,1.289999961853027,.1299999952316284,-1.069999992847443,-.5900000054389238,-1.759999990463257,-.7000000029802322,-.8799999952316284,-1.480000019073486,-2.029999971389771,.4299999475479126
198508,.55000001,-.91000003,-.92000002,.19,.44999999,-.33000001,-.89999998,-.17,-.28999999,-.74000001,-1.0599999,1985m8,-1.460000038146973,-1.470000028610229,-.3600000143051147,-.1000000238418579,-.8800000250339508,-1.449999988079071,-.7200000137090683,-.8400000035762787,-1.290000021457672,-1.60999995470047
198509,.60000002,-6.8499999,-4.6500001,-4.1999998,-5.0300002,-3.51,-2.9000001,-3.6600001,-2.9300001,-3.55,-4.0700002,1985m9,-7.449999928474426,-5.25000011920929,-4.799999833106995,-5.630000233650208,-4.110000014305115,-3.50000011920929,-4.260000109672546,-3.53000009059906,-4.149999976158142,-4.670000195503235
198510,.64999998,5.0900002,3.79,4.75,5.3000002,4.3899999,4.6799998,3.6300001,4.6700001,6.1900001,4.27,1985m10,4.440000176429749,3.139999985694885,4.100000023841858,4.650000214576721,3.739999890327454,4.029999852180481,2.980000138282776,4.020000100135803,5.540000081062317,3.620000004768372
198511,.61000001,7.9099998,7.04,6.8400002,5.75,7.7399998,8.4700003,6.5999999,4.8000002,7.5999999,8.3999996,1985m11,7.299999833106995,6.429999947547913,6.230000138282776,5.139999985694885,7.129999756813049,7.860000252723694,5.989999890327454,4.190000176429749,6.989999890327454,7.789999604225159
198512,.64999998,2.04,4.1700001,4.6399999,3.8900001,4.8499999,5.6199999,3.8299999,3.23,3.8,7.1799998,1985m12,1.389999985694885,3.520000100135803,3.989999890327454,3.240000128746033,4.199999928474426,4.96999990940094,3.179999947547913,2.580000042915344,3.149999976158142,6.529999852180481
198601,.56,5.1999998,4.8600001,2.8,1.5,-.16,-1.03,2.3599999,-.86000001,-.23,1.42,1986m1,4.639999806880951,4.300000131130219,2.239999949932098,.9399999976158142,-.7199999988079071,-1.589999973773956,1.799999892711639,-1.420000016689301,-.7900000065565109,.85999995470047
198602,.52999997,5.5900002,7.9499998,9.0100002,6.8299999,7.9899998,7.6500001,7.6900001,7.8499999,9.5200005,6.46,1986m2,5.06000018119812,7.419999837875366,8.480000257492065,6.299999952316284,7.459999799728394,7.120000123977661,7.160000085830688,7.319999933242798,8.990000486373901,5.930000066757202
198603,.60000002,7.0100002,4.9499998,3.73,4.4400001,4.4400001,4.77,6.46,6.5599999,6.5900002,5.8099999,1986m3,6.410000205039978,4.349999785423279,3.129999995231628,3.840000033378601,3.840000033378601,4.169999957084656,5.860000014305115,5.959999918937683,5.990000128746033,5.209999918937683
198604,.51999998,-3.52,-5,-2.6600001,-2.05,1.1,-1.26,.69,-.81,.74000001,.41999999,1986m4,-4.039999961853027,-5.519999980926514,-3.180000066757202,-2.569999933242798,.5800000429153442,-1.779999971389771,.1700000166893005,-1.329999983310699,.2200000286102295,-.0999999940395355
198605,.49000001,2.76,3.8399999,4.6999998,4.5599999,5.4499998,4.8800001,4.5700002,6.8499999,6.7800002,4.71,1986m5,2.269999980926514,3.349999904632568,4.209999799728394,4.069999933242798,4.959999799728394,4.390000104904175,4.080000162124634,6.359999895095825,6.290000200271606,4.220000028610229
198606,.51999998,-1.1900001,1.48,-.25999999,1.3099999,4.0100002,1.29,2.0699999,1.79,2.9100001,.93000001,1986m6,-1.710000038146973,.9600000381469727,-.7799999713897705,.7899999618530273,3.490000247955322,.7699999809265137,1.549999952316284,1.269999980926514,2.390000104904175,.4100000262260437
198607,.51999998,-10.53,-4.4200001,-4.48,-5.96,-4.54,-4.21,-4.6599998,-5.3099999,-7,-8.3800001,1986m7,-11.04999971389771,-4.940000057220459,-5,-6.480000019073486,-5.059999942779541,-4.730000019073486,-5.179999828338623,-5.829999923706055,-7.519999980926514,-8.900000095367432
198608,.46000001,5.5500002,7.71,8.1700001,7.79,6.1700001,7.0599999,6.8099999,7.3499999,5.6900001,5.1999998,1986m8,5.090000182390213,7.250000029802322,7.710000067949295,7.329999953508377,5.710000067949295,6.599999934434891,6.349999934434891,6.889999896287918,5.230000048875809,4.739999800920486
198609,.44999999,-8.0600004,-8.4399996,-7.7199998,-6.98,-7.0300002,-8.7299995,-9.5600004,-8.5900002,-6.9000001,-9.2799997,1986m9,-8.51000040769577,-8.889999568462372,-8.169999778270721,-7.430000007152557,-7.480000197887421,-9.179999530315399,-10.01000040769577,-9.040000140666962,-7.350000083446503,-9.729999721050262
198610,.46000001,3.0699999,3.8699999,7.1100001,5.71,5.7600002,5.5599999,6.7800002,4.6399999,3.22,6.9400001,1986m10,2.609999924898148,3.409999877214432,6.650000125169754,5.250000029802322,5.300000220537186,5.099999934434891,6.320000201463699,4.179999858140945,2.760000020265579,6.480000048875809
198611,.38999999,-1.4400001,.82999998,1.15,2.01,.69999999,3.54,1.39,1.9400001,1.9,1.61,1986m11,-1.830000042915344,.4399999976158142,.7599999904632568,1.620000004768372,.3100000023841858,3.149999976158142,1,1.550000071525574,1.509999990463257,1.220000028610229
198612,.49000001,-2.9100001,-2.8399999,-3.6099999,-2.55,-3.97,-1.6799999,-2.8399999,-2.51,-3.21,-2.4400001,1986m12,-3.400000095367432,-3.329999923706055,-4.099999904632568,-3.039999961853027,-4.460000038146973,-2.169999957084656,-3.329999923706055,-3,-3.700000047683716,-2.930000066757202
198701,.41999999,10.64,12.42,14.36,12.98,12.56,13.22,10.89,13.75,12.36,14.02,1987m1,10.22000035643578,12.00000008940697,13.93999966979027,12.55999955534935,12.14000043272972,12.80000028014183,10.47000035643578,13.33000001311302,11.93999966979027,13.60000047087669
198702,.43000001,11.38,6.2800002,3.9400001,4.1599998,5.6500001,3.54,2.9000001,3.71,5.0599999,5.6199999,1987m2,10.95000010728836,5.850000202655792,3.510000050067902,3.729999840259552,5.220000088214874,3.10999995470047,2.470000088214874,3.280000030994415,4.629999935626984,5.189999878406525
198703,.47,.37,-1.1900001,2.1500001,2.3199999,.0099999998,1.64,.99000001,3.4300001,4.0999999,2.3299999,1987m3,-.0999999940395355,-1.660000056028366,1.680000096559525,1.849999934434891,-.4599999990314245,1.169999986886978,.5200000107288361,2.960000067949295,3.629999905824661,1.859999924898148
198704,.44,-2.6400001,-2.1600001,-.41999999,-2.6300001,-2.5799999,-2.0599999,-2.1300001,-.70999998,-1.0599999,-1.66,1987m4,-3.080000102519989,-2.600000083446503,-.8599999845027924,-3.070000112056732,-3.019999921321869,-2.499999940395355,-2.570000112056732,-1.149999976158142,-1.499999940395355,-2.099999964237213
198705,.38,1.29,-1.33,-.81999999,.11,.61000001,2.23,.64999998,.090000004,.95999998,.82999998,1987m5,.9099999666213989,-1.710000038146973,-1.199999988079071,-.2699999958276749,.2300000190734863,1.850000023841858,.2699999809265137,-.2899999916553497,.5799999833106995,.449999988079071
198706,.47999999,-.079999998,4.71,3.8499999,4.3499999,3.05,3.8499999,6.3899999,5.1900001,5.3800001,4.4200001,1987m6,-.5599999874830246,4.230000048875809,3.369999915361404,3.869999915361404,2.56999996304512,3.369999915361404,5.909999877214432,4.710000067949295,4.900000125169754,3.940000087022781
198707,.46000001,5.8099999,6.8299999,4.3800001,3.6400001,2.6600001,3.9400001,2.3900001,5.52,4.0500002,5.5700002,1987m7,5.349999934434891,6.369999915361404,3.920000106096268,3.180000096559525,2.200000077486038,3.480000048875809,1.930000096559525,5.059999972581863,3.590000182390213,5.110000163316727
198708,.47,.15000001,3.8299999,3.21,2.8,3.74,4.96,3.71,4.4400001,4.6100001,5.0500002,1987m8,-.3199999928474426,3.359999924898148,2.740000039339066,2.329999953508377,3.270000010728836,4.490000039339066,3.240000039339066,3.970000058412552,4.140000134706497,4.580000191926956
198709,.44999999,.34999999,-.69999999,-1.87,-2.03,-1.2,-1.85,-3.5,-1.02,-2.8299999,-4.0599999,1987m9,-.0999999940395355,-1.149999976158142,-2.319999992847443,-2.479999959468842,-1.650000035762787,-2.300000011920929,-3.949999988079071,-1.469999969005585,-3.279999911785126,-4.509999930858612
198710,.60000002,-32.369999,-26.969999,-22.16,-21.84,-22.540001,-20.33,-20.030001,-20.440001,-23.41,-24.57,1987m10,-32.96999895572662,-27.56999933719635,-22.75999987125397,-22.44000017642975,-23.1400009393692,-20.92999994754791,-20.63000071048737,-21.04000055789948,-24.00999987125397,-25.16999971866608
198711,.34999999,-4.7399998,-5.73,-6.0799999,-6.0900002,-5.4000001,-9.0799999,-7.3400002,-8.5600004,-7.5799999,-9.0699997,1987m11,-5.0899997651577,-6.080000013113022,-6.42999991774559,-6.440000146627426,-5.750000089406967,-9.42999991774559,-7.690000146627426,-8.910000413656235,-7.92999991774559,-9.419999688863754
198712,.38999999,6.1300001,6.0700002,5.1500001,7.0599999,8.3400002,7.4200001,6.1300001,7.0599999,8.3400002,8.9200001,1987m12,5.740000128746033,5.680000185966492,4.760000109672546,6.669999957084656,7.950000166893005,7.03000009059906,5.740000128746033,6.669999957084656,7.950000166893005,8.53000009059906
198801,.28999999,3.05,3.99,5.5799999,4.9099998,3.8800001,5.04,5.4499998,3.77,4.3600001,4.0700002,1988m1,2.759999960660934,3.700000017881393,5.289999932050705,4.61999985575676,3.590000122785568,4.749999970197678,5.159999817609787,3.479999989271164,4.070000141859055,3.780000180006027
198802,.46000001,7.98,5.2399998,3.22,4.96,5.1399999,4.6199999,5.0100002,5.2399998,5.52,6.1100001,1988m2,7.520000010728836,4.779999762773514,2.760000020265579,4.500000029802322,4.679999858140945,4.159999877214432,4.550000220537186,4.779999762773514,5.059999972581863,5.650000125169754
198803,.44,3.5699999,-1.38,-1.88,-.34,-.98000002,-2.6700001,-3.04,-3.46,-1.45,-2,1988m3,3.129999935626984,-1.819999992847443,-2.319999992847443,-.7800000011920929,-1.420000016689301,-3.11000007390976,-3.479999959468842,-3.900000035762787,-1.89000004529953,-2.439999997615814
198804,.46000001,3.03,.75999999,-.64999998,.91000003,1.6799999,2.53,1.34,.63,.17,.1,1988m4,2.56999996304512,.2999999821186066,-1.109999984502792,.4500000178813934,1.219999939203262,2.06999996304512,.8800000250339508,.1699999868869781,-.2900000065565109,-.3600000068545341
198805,.50999999,-1.4,.28999999,1.38,.40000001,-.57999998,.94,.73000002,.75,.28999999,-.62,1988m5,-1.909999966621399,-.2199999988079071,.8700000047683716,-.1099999845027924,-1.089999973773956,.4300000071525574,.2200000286102295,.2400000095367432,-.2199999988079071,-1.129999995231628
198806,.49000001,5.0900002,4.1799998,4.6500001,4.1300001,5.21,4.1599998,6.4899998,5.3699999,6.0900002,5.3200002,1988m6,4.600000143051147,3.68999981880188,4.160000085830688,3.640000104904175,4.720000028610229,3.669999837875366,5.999999761581421,4.879999876022339,5.600000143051147,4.830000162124634
198807,.50999999,.15000001,-.44999999,-.63999999,.27000001,-.07,-1.59,-.74000001,-1.45,-1.38,0,1988m7,-.3599999845027924,-.9599999785423279,-1.149999976158142,-.2399999797344208,-.5799999907612801,-2.100000023841858,-1.25,-1.960000038146973,-1.889999985694885,-.5099999904632568
198808,.58999997,-3.6600001,-1.24,-.77999997,-1.28,-2.8,-4.0799999,-2.6400001,-3.9300001,-2.01,-3.0599999,1988m8,-4.250000059604645,-1.829999983310699,-1.369999945163727,-1.869999945163727,-3.38999992609024,-4.669999897480011,-3.230000078678131,-4.520000040531158,-2.599999964237213,-3.649999916553497
198809,.62,2.3099999,1.74,4.1999998,4.3299999,1,3.4300001,4.29,5,6.3000002,4.46,1988m9,1.689999938011169,1.120000004768372,3.579999804496765,3.709999918937683,.3799999952316284,2.810000061988831,3.669999957084656,4.379999995231628,5.680000185966492,3.840000033378601
198810,.61000001,-1.86,.050000001,.81,2.0799999,2.52,3.0699999,1.05,2.21,4.02,-.19,1988m10,-2.470000028610229,-.5600000135600567,.199999988079071,1.46999990940094,1.909999966621399,2.459999918937683,.4399999380111694,1.600000023841858,3.409999966621399,-.800000011920929
198811,.56999999,-2.1700001,-.98000002,-2.49,-1.73,-1.21,-2.22,-.60000002,-2,-1.33,-2.3,1988m11,-2.740000069141388,-1.550000011920929,-3.060000002384186,-2.300000011920929,-1.780000030994415,-2.790000021457672,-1.170000016689301,-2.569999992847443,-1.900000035762787,-2.869999945163727
198812,.63,3.49,.31,1.99,2.28,1.62,2.77,1.38,2,1.89,3.6400001,1988m12,2.860000014305115,-.3199999928474426,1.360000014305115,1.649999976158142,.9900000095367432,2.139999985694885,.75,1.370000004768372,1.259999990463257,3.010000109672546
198901,.55000001,7.6500001,7.1500001,5.8499999,5.0500002,6.6100001,6.3899999,6.6199999,7.8299999,6.5900002,5.9400001,1989m1,7.100000083446503,6.600000083446503,5.299999892711639,4.500000178813934,6.060000121593475,5.839999854564667,6.069999873638153,7.279999911785126,6.040000140666962,5.39000004529953
198902,.61000001,.46000001,-1.41,.07,-1.62,-2.6700001,-2.5599999,-1.47,-1.92,-2,-1.35,1989m2,-.1500000059604645,-2.019999980926514,-.5400000140070915,-2.230000019073486,-3.28000009059906,-3.169999957084656,-2.080000042915344,-2.529999971389771,-2.610000014305115,-1.960000038146973
198903,.67000002,4.1700001,2.77,1.96,2.6400001,1.61,-.76999998,2.96,2.97,2.9300001,3.1500001,1989m3,3.500000059604645,2.099999964237213,1.290000021457672,1.970000088214874,.9399999976158142,-1.439999997615814,2.290000021457672,2.300000011920929,2.260000050067902,2.480000078678131
198904,.67000002,6.6700001,4.5300002,4.4299998,4.4200001,2.8499999,5.5700002,6.1999998,6.4899998,4.8600001,5.0300002,1989m4,6.000000059604645,3.860000193119049,3.759999811649323,3.750000059604645,2.179999887943268,4.900000154972076,5.529999792575836,5.819999754428864,4.190000116825104,4.360000193119049
198905,.79000002,4.8699999,3.5999999,4.3299999,4.1199999,2.8800001,2.6199999,6.3499999,3.8099999,4.1799998,5.1100001,1989m5,4.07999986410141,2.809999883174896,3.539999902248383,3.32999986410141,2.090000092983246,1.82999986410141,5.559999883174896,3.019999921321869,3.389999806880951,4.320000112056732
198906,.70999998,-1.34,-.050000001,-1.66,1.22,.15000001,.25999999,-1.35,-1.34,-.80000001,-1.22,1989m6,-2.050000011920929,-.7599999792873859,-2.369999945163727,.5100000500679016,-.5599999725818634,-.449999988079071,-2.060000002384186,-2.050000011920929,-1.509999990463257,-1.930000007152557
198907,.69999999,3.6400001,6.8600001,5.1300001,7.0500002,7.8499999,7.2199998,8.3599997,7.6999998,8.3100004,11.17,1989m7,2.940000116825104,6.160000145435333,4.430000126361847,6.350000202655792,7.149999916553497,6.519999802112579,7.659999668598175,6.999999821186066,7.610000431537628,10.47000008821487
198908,.74000001,2.3599999,2.77,2.73,1.54,1.6900001,1.24,2.7,3.0999999,2.3800001,1.4299999,1989m8,1.619999885559082,2.029999971389771,1.990000009536743,.7999999523162842,.9500000476837158,.5,1.960000038146973,2.359999895095825,1.640000104904175,.6899999380111694
198909,.64999998,-.72000003,-.88999999,-.16,.38,-.49000001,-1.35,-.30000001,.12,-.75,2.4000001,1989m9,-1.370000004768372,-1.539999961853027,-.8099999725818634,-.2699999809265137,-1.139999985694885,-2,-.949999988079071,-.5299999788403511,-1.399999976158142,1.75000011920929
198910,.68000001,-5.1100001,-2.6500001,-2.99,-1.7,-1.17,-2.3800001,-3.6199999,-3.5999999,-2.47,-3,1989m10,-5.790000140666962,-3.330000102519989,-3.670000016689301,-2.380000054836273,-1.849999964237213,-3.060000121593475,-4.299999892711639,-4.279999911785126,-3.150000035762787,-3.680000007152557
198911,.69,2.04,2.3199999,1.87,2.8900001,2.74,2.6500001,1.51,1.7,.95999998,.18000001,1989m11,1.349999964237213,1.629999935626984,1.180000007152557,2.200000107288361,2.050000011920929,1.960000097751617,.8199999928474426,1.010000050067902,.2699999809265137,-.5099999904632568
198912,.61000001,-.38,.43000001,2.72,1.3099999,2.0899999,2.8499999,4.4400001,1.1,1.4299999,.61000001,1989m12,-.9900000095367432,-.1800000071525574,2.110000014305115,.6999999284744263,1.479999899864197,2.239999890327454,3.830000042915344,.4900000095367432,.8199999332427979,0
199001,.56999999,-8.9300003,-5.8600001,-7.5799999,-7.5900002,-6.0300002,-6.29,-7.8899999,-7.29,-6.8000002,-8.3199997,1990m1,-9.500000298023224,-6.430000126361847,-8.149999916553497,-8.160000145435333,-6.600000202655792,-6.85999995470047,-8.459999859333038,-7.85999995470047,-7.370000183582306,-8.889999687671661
199002,.56999999,2.6099999,2.25,1.3099999,3.01,1.3200001,2.0899999,.60000002,1.4299999,1.99,1.14,1990m2,2.039999902248383,1.680000007152557,.7399999499320984,2.439999997615814,.7500000596046448,1.519999921321869,.0300000309944153,.85999995470047,1.420000016689301,.5699999928474426
199003,.63999999,1.61,1.08,1.3099999,-.34,1.87,2.23,3.51,2.72,3.25,3.8299999,1990m3,.9700000286102295,.440000057220459,.6699999570846558,-.9799999892711639,1.230000019073486,1.590000033378601,2.870000004768372,2.080000042915344,2.610000014305115,3.189999938011169
199004,.69,-4.52,-4.3899999,-4.4899998,-4.79,-4.4299998,-.91000003,-3.52,-2.96,-1.54,-.75,1990m4,-5.209999978542328,-5.07999986410141,-5.179999768733978,-5.479999959468842,-5.119999825954437,-1.600000023841858,-4.209999978542328,-3.650000035762787,-2.229999959468842,-1.439999997615814
199005,.68000001,8.29,7.6399999,8.1499996,8.6899996,8.1999998,8.96,8.5900002,10.86,9.9200001,9.5600004,1990m5,7.60999995470047,6.959999859333038,7.469999611377716,8.009999573230743,7.519999802112579,8.280000030994415,7.910000145435333,10.17999964952469,9.240000069141388,8.880000412464142
199006,.63,-.14,-.44,1.73,-1.79,-.85000002,-.69999999,-1.9299999,-1.0700001,.31,.73000002,1990m6,-.7699999958276749,-1.069999992847443,1.100000023841858,-2.419999957084656,-1.480000019073486,-1.329999983310699,-2.559999942779541,-1.700000047683716,-.3199999928474426,.1000000238418579
199007,.68000001,-4.5700002,-2.45,-.18000001,-.1,1.41,-.2,-.86000001,-1.3200001,-3.3199999,-1.05,1990m7,-5.250000178813934,-3.130000054836273,-.8600000143051147,-.7800000086426735,.7299999594688416,-.8800000101327896,-1.540000021457672,-2.000000059604645,-3.999999940395355,-1.729999959468842
199008,.66000003,-13.87,-10.06,-8.8999996,-8.7399998,-9.1899996,-8.5500002,-8.8599997,-10.46,-8.9099998,-9.7399998,1990m8,-14.52999991178513,-10.72000044584274,-9.559999644756317,-9.399999797344208,-9.849999606609344,-9.210000216960907,-9.51999968290329,-11.12000006437302,-9.569999873638153,-10.39999979734421
199009,.60000002,-7.7199998,-8.71,-6.04,-6.0100002,-4.5100002,-3.51,-3.3299999,-6.8800001,-6.1100001,-5.3899999,1990m9,-8.319999814033508,-9.310000061988831,-6.639999985694885,-6.610000252723694,-5.110000252723694,-4.110000014305115,-3.929999947547913,-7.480000138282776,-6.710000157356262,-5.989999890327454
199010,.68000001,-5.75,-4.6300001,-2.9100001,-.1,.55000001,-1.15,-1.96,-1.39,-.029999999,1.13,1990m10,-6.430000007152557,-5.310000121593475,-3.590000092983246,-.7800000086426735,-.1299999952316284,-1.829999983310699,-2.64000004529953,-2.069999992847443,-.7100000064820051,.449999988079071
199011,.56999999,11.4,7.4099998,7.3400002,6.0500002,7.2399998,5.5500002,6.4299998,7.5599999,6.8299999,7.1500001,1990m11,10.82999962568283,6.839999854564667,6.770000159740448,5.480000197887421,6.669999778270721,4.980000197887421,5.85999983549118,6.989999949932098,6.259999930858612,6.580000102519989
199012,.60000002,4.1100001,1.3,2.1600001,2.1400001,2.5,3.3099999,1.9,2.8699999,4.1999998,4.7800002,1990m12,3.510000109672546,.6999999284744263,1.560000061988831,1.540000081062317,1.899999976158142,2.709999918937683,1.299999952316284,2.269999861717224,3.599999785423279,4.180000185966492
199101,.51999998,5.8899999,6.7600002,3.9200001,2.6300001,4.0900002,3.6800001,5.52,4.6900001,7.25,6.1199999,1991m1,5.369999885559082,6.240000247955322,3.400000095367432,2.110000133514404,3.570000171661377,3.160000085830688,5,4.170000076293945,6.730000019073486,5.599999904632568
199102,.47999999,11.41,8.6599998,6.3800001,7.6500001,7.4400001,5.8600001,6.25,7.6599998,7.5100002,9.5699997,1991m2,10.92999985814095,8.179999858140945,5.900000125169754,7.170000106096268,6.960000067949295,5.38000014424324,5.770000010728836,7.179999858140945,7.030000239610672,9.089999705553055
199103,.44,8.4499998,3.8199999,2.49,1.22,2.5799999,3.47,.97000003,2.78,4.77,3.9400001,1991m3,8.009999811649323,3.379999935626984,2.050000011920929,.7800000309944153,2.13999992609024,3.030000030994415,.5300000309944153,2.339999973773956,4.329999983310699,3.500000059604645
199104,.52999997,.41999999,-.44,.81999999,-.52999997,1.3,.23999999,-.5,.36000001,.0099999998,1.02,1991m4,-.1099999845027924,-.9699999690055847,.2900000214576721,-1.059999942779541,.7699999809265137,-.2899999767541885,-1.029999971389771,-.1699999570846558,-.5199999716132879,.4900000095367432
199105,.47,2.6600001,3.6800001,2.1800001,3.1600001,4.7399998,2.46,3.8199999,6.5999999,3.25,5.4499998,1991m5,2.190000087022781,3.210000067949295,1.710000067949295,2.690000087022781,4.269999772310257,1.990000039339066,3.349999934434891,6.129999905824661,2.780000001192093,4.97999981045723
199106,.41999999,-6.4699998,-6.0900002,-4.5700002,-5.5100002,-3.74,-3.96,-4.8099999,-4.6599998,-4.0500002,-4.1100001,1991m6,-6.889999777078629,-6.510000139474869,-4.990000158548355,-5.930000215768814,-4.159999996423721,-4.380000025033951,-5.229999929666519,-5.079999834299088,-4.470000177621841,-4.530000120401382
199107,.49000001,3.3499999,3.98,3.5699999,4.6599998,4.54,3.24,3.6800001,4.3600001,5.5,6.8000002,1991m7,2.859999895095825,3.490000009536743,3.079999923706055,4.169999837875366,4.049999952316284,2.75,3.190000057220459,3.870000123977661,5.009999990463257,6.31000018119812
199108,.46000001,3.3499999,1.88,2.54,2.78,1.09,.69,1.45,3.3399999,3.9400001,4.3899999,1991m8,2.889999896287918,1.419999986886978,2.079999953508377,2.31999996304512,.6300000250339508,.2299999892711639,.9900000393390656,2.879999905824661,3.480000048875809,3.929999858140945
199109,.46000001,3.5,-.89999998,.039999999,.76999998,-.37,-.11,-1.47,-2.0599999,-2.29,-1.72,1991m9,3.03999999165535,-1.359999984502792,-.4200000092387199,.3099999725818634,-.8300000131130219,-.5700000077486038,-1.93000003695488,-2.519999951124191,-2.749999970197678,-2.18000003695488
199110,.41999999,5.9299998,2.5799999,2.23,2.8099999,.64999998,1.79,.47,1.6799999,1.55,1.61,1991m10,5.509999841451645,2.159999936819077,1.810000032186508,2.389999955892563,.2299999892711639,1.369999974966049,.050000011920929,1.259999960660934,1.129999965429306,1.190000027418137
199111,.38999999,-6.5100002,-3.1700001,-3.77,-2.77,-4.4899998,-4.8800001,-4.98,-5.2600002,-3.7,-.5,1991m11,-6.900000214576721,-3.560000061988831,-4.159999966621399,-3.159999966621399,-4.879999756813049,-5.270000100135803,-5.370000004768372,-5.650000214576721,-4.090000033378601,-.8899999856948853
199112,.38,9.3599997,8.9799995,6.6799998,10.82,12.5,7.4400001,10.62,10.11,13.37,14.77,1991m12,8.979999661445618,8.5999995470047,6.299999833106995,10.43999969959259,12.12000000476837,7.060000061988831,10.23999989032745,9.729999661445618,12.98999989032745,14.39000046253204
199201,.34,7.2399998,1.01,.60000002,-1.34,-.87,-.34999999,-.43000001,.52999997,-.88,-2.45,1992m1,6.899999767541885,.6699999868869781,.2600000202655792,-1.68000003695488,-1.21000000834465,-.6899999976158142,-.7700000107288361,.1899999678134918,-1.219999998807907,-2.790000051259995
199202,.28,-1.21,2.3599999,3.74,-.20999999,3.9200001,1.77,1.48,.28999999,.64999998,1.24,1992m2,-1.490000039339066,2.079999893903732,3.46000000834465,-.489999994635582,3.640000075101852,1.489999979734421,1.200000017881393,.0099999904632568,.3699999749660492,.9600000083446503
199203,.34,-4,-2.4400001,-1.91,-.77999997,-.93000001,-2.8900001,-2.4200001,-2.1400001,-1.23,-3.4100001,1992m3,-4.340000003576279,-2.780000060796738,-2.249999970197678,-1.119999974966049,-1.270000010728836,-3.230000108480453,-2.760000079870224,-2.480000108480453,-1.570000022649765,-3.750000089406967
199204,.31999999,-5.8299999,-.76999998,1.73,.93000001,1.73,5,3.4100001,4.0100002,.56,-.47999999,1992m4,-6.149999916553497,-1.089999973773956,1.410000026226044,.6100000143051147,1.410000026226044,4.680000007152557,3.090000092983246,3.690000236034393,.2400000095367432,-.7999999821186066
199205,.28,-.25,.98000002,.47999999,1.59,.63999999,.56,-.079999998,.12,1.08,.93000001,1992m5,-.5300000011920929,.7000000178813934,.199999988079071,1.310000032186508,.3599999845027924,.2800000011920929,-.3599999994039536,-.1600000038743019,.8000000417232513,.6500000059604645
199206,.31999999,-4.0999999,-2.6900001,-2.51,-.1,-1.4299999,-.090000004,.19,-3.1900001,-1.78,-3.54,1992m6,-4.419999897480011,-3.010000050067902,-2.829999983310699,-.4199999943375587,-1.749999940395355,-.4099999964237213,-.1299999952316284,-3.510000050067902,-2.099999964237213,-3.85999995470047
199207,.31,3.46,2.6199999,2.95,5.54,3.02,4.27,4.5300002,4.0700002,4.0999999,4.6100001,1992m7,3.150000035762787,2.309999883174896,2.64000004529953,5.229999959468842,2.709999978542328,3.959999978542328,4.220000207424164,3.760000169277191,3.789999902248383,4.300000131130219
199208,.25999999,-7.25,-4.3200002,-4.6300001,-2.52,-2.6400001,-1.52,-1.7,-1.92,-1.24,-1.1,1992m8,-7.509999990463257,-4.580000162124634,-4.890000104904175,-2.779999971389771,-2.900000095367432,-1.779999971389771,-1.960000038146973,-2.179999947547913,-1.5,-1.360000014305115
199209,.25999999,1.72,1.49,.17,2.8299999,.47999999,1.05,.56999999,3.1199999,2.47,-.25,1992m9,1.460000038146973,1.230000019073486,-.0899999886751175,2.569999933242798,.2199999988079071,.7899999618530273,.3100000023841858,2.859999895095825,2.210000038146973,-.5099999904632568
199210,.23,3.1199999,.88999999,1.39,.93000001,-1.62,-.68000001,1,1.11,3.0999999,1.88,1992m10,2.889999881386757,.6599999815225601,1.15999998152256,.7000000029802322,-1.850000008940697,-.9100000113248825,.7699999958276749,.8800000101327896,2.869999900460243,1.649999991059303
199211,.23,8.3100004,6.8299999,4.71,3.22,2.3699999,2.3199999,3.55,5.1700001,4.8899999,4.2199998,1992m11,8.080000415444374,6.59999991953373,4.480000033974648,2.990000024437904,2.139999881386757,2.089999929070473,3.319999948143959,4.94000007212162,4.659999862313271,3.989999786019325
199212,.28,4.6900001,3.24,2.75,2.26,-.36000001,1.96,1.61,3.0699999,2.5799999,-.43000001,1992m12,4.410000056028366,2.96000000834465,2.469999998807907,1.979999989271164,-.6400000154972076,1.68000003695488,1.330000013113022,2.789999932050705,2.299999922513962,-.7100000083446503
199301,.23,3.8699999,3.8299999,4.0100002,2.52,2.3,1.03,.039999999,1.15,.87,-1.63,1993m1,3.639999881386757,3.59999991953373,3.780000224709511,2.289999976754189,2.069999948143959,.7999999672174454,-.1900000050663948,.919999971985817,.6400000005960464,-1.859999999403954
199302,.22,-3.0899999,1.02,.47999999,2.28,3.1900001,2.01,2.22,.51999998,.47999999,-3.28,1993m2,-3.309999912977219,.7999999821186066,.2599999904632568,2.059999972581863,2.970000058412552,1.78999999165535,2.000000029802322,.2999999821186066,.2599999904632568,-3.499999970197678
199303,.25,2.95,3.73,4.1399999,2.9300001,1.73,3.3900001,2.3099999,3.23,1.75,1.33,1993m3,2.700000047683716,3.480000019073486,3.889999866485596,2.680000066757202,1.480000019073486,3.140000104904175,2.059999942779541,2.980000019073486,1.5,1.080000042915344
199304,.23999999,.85000002,1.11,-.36000001,-1.88,-2.1500001,-.14,-2.28,-3.1600001,-5.5500002,-4.8699999,1993m4,.6100000292062759,.8700000196695328,-.6000000089406967,-2.11999998986721,-2.390000090003014,-.3799999952316284,-2.519999966025352,-3.40000008046627,-5.790000185370445,-5.109999880194664
199305,.22,7.6300001,3.02,2.49,1.78,1.99,3.6300001,1.97,3.0999999,4.0100002,3.1199999,1993m5,7.410000115633011,2.799999982118607,2.270000010728836,1.559999972581863,1.770000010728836,3.410000115633011,1.750000029802322,2.879999905824661,3.790000230073929,2.899999886751175
199306,.25,1.45,1.35,2.54,1.14,.090000004,-.25,.1,1.65,-.46000001,-.25999999,1993m6,1.200000047683716,1.100000023841858,2.289999961853027,.8899999856948853,-.1599999964237213,-.5,-.1499999985098839,1.399999976158142,-.7100000083446503,-.5099999904632568
199307,.23999999,.88,3.5799999,.97000003,.94,1.3,1.04,.83999997,-2.21,-.75,-2.8499999,1993m7,.6400000005960464,3.339999929070473,.7300000339746475,.7000000029802322,1.059999957680702,.7999999672174454,.5999999791383743,-2.450000032782555,-.989999994635582,-3.08999989926815
199308,.25,6.3000002,4.5599999,5.75,3.95,2.54,3.79,4.0500002,4.3499999,3.3499999,2.9100001,1993m8,6.050000190734863,4.309999942779541,5.5,3.700000047683716,2.289999961853027,3.539999961853027,3.800000190734863,4.099999904632568,3.099999904632568,2.660000085830688
199309,.25999999,.02,-.039999999,.50999999,1.12,-.20999999,.61000001,-.47999999,.34,-.44999999,.1,1993m9,-.2399999909102917,-.2999999895691872,.25,.8600000143051147,-.4699999839067459,.3500000238418579,-.7399999797344208,.0800000131130219,-.7099999785423279,-.1599999889731407
199310,.22,3.4100001,1.39,-1.5599999,-.17,.029999999,.95999998,2.8900001,1.0700001,1.64,3.53,1993m10,3.190000087022781,1.169999986886978,-1.779999941587448,-.3900000005960464,-.1899999994784594,.7399999797344208,2.670000106096268,.8500000536441803,1.419999986886978,3.309999972581863
199311,.25,-3.97,-3.6900001,-3.6300001,-1.86,-1.49,-3.24,-1.1900001,-.67000002,-.5,.31999999,1993m11,-4.220000028610229,-3.940000057220459,-3.880000114440918,-2.110000014305115,-1.740000009536743,-3.490000009536743,-1.440000057220459,-.9200000166893005,-.75,.0699999928474426
199312,.23,-.28,1.6,2.6500001,2.8499999,2.4200001,2.3399999,2.5999999,1,.74000001,2.48,1993m12,-.510000005364418,1.370000019669533,2.420000091195107,2.619999900460243,2.19000007212162,2.109999909996986,2.369999900460243,.7699999958276749,.510000005364418,2.250000014901161
199401,.25,3.6400001,3.8199999,4.6700001,3.0999999,2.8499999,3.78,2.8199999,3.72,2.9000001,2.03,1994m1,3.390000104904175,3.569999933242798,4.420000076293945,2.849999904632568,2.599999904632568,3.529999971389771,2.569999933242798,3.470000028610229,2.650000095367432,1.779999971389771
199402,.20999999,-4.98,-3.6400001,-3.02,-2.3499999,-1.17,-2.8099999,-2.8099999,.60000002,-2.6400001,-2.52,1994m2,-5.190000012516975,-3.850000098347664,-3.229999974370003,-2.559999898076057,-1.379999950528145,-3.01999993622303,-3.01999993622303,.3900000303983688,-2.850000098347664,-2.729999974370003
199403,.27000001,-5.75,-4.9000001,-4.3699999,-4.27,-4.6500001,-4.2600002,-4.02,-4.6300001,-3.98,-4.6100001,1994m3,-6.020000010728836,-5.170000106096268,-4.639999896287918,-4.53999999165535,-4.920000106096268,-4.530000239610672,-4.28999999165535,-4.900000125169754,-4.250000029802322,-4.88000014424324
199404,.27000001,-2.1500001,1.38,.83999997,1.9400001,.93000001,2.03,.25,-.50999999,1.29,2.5899999,1994m4,-2.420000106096268,1.109999984502792,.5699999630451202,1.670000046491623,.6599999964237213,1.759999960660934,-.0200000107288361,-.7800000011920929,1.019999951124191,2.319999903440475
199405,.31999999,.36000001,.43000001,-.02,-.34,-.87,-.25,2.4100001,1.3200001,2.74,.87,1994m5,.0400000214576721,.1100000143051147,-.3399999924004078,-.6599999964237213,-1.189999997615814,-.5699999928474426,2.090000092983246,1.000000059604645,2.420000016689301,.550000011920929
199406,.31,-3.77,-3.1300001,-3.02,-2.49,-4.1599998,-.76999998,-2.76,-2.5,-2.5999999,-2.76,1994m6,-4.079999983310699,-3.440000116825104,-3.329999983310699,-2.800000011920929,-4.469999849796295,-1.079999983310699,-3.069999992847443,-2.810000002384186,-2.909999907016754,-3.069999992847443
199407,.28,2.52,5.2600002,3.1700001,3.55,2.5799999,3.8699999,4.0799999,3.1900001,1.87,2.96,1994m7,2.239999979734421,4.980000227689743,2.890000075101852,3.269999951124191,2.299999922513962,3.589999884366989,3.799999922513962,2.910000056028366,1.590000003576279,2.68000003695488
199408,.37,5.4299998,4.2199998,3.49,5.0500002,4.0500002,4.3600001,2.6600001,4.8299999,4.5100002,4.8400002,1994m8,5.059999823570251,3.849999785423279,3.120000004768372,4.680000185966492,3.680000185966492,3.990000128746033,2.290000081062317,4.459999918937683,4.140000224113464,4.470000147819519
199409,.37,-1.6,-2.4100001,-1.41,-.27000001,-1.9299999,-2.8499999,-2.04,-2.71,-2.45,-1.36,1994m9,-1.970000028610229,-2.78000009059906,-1.779999971389771,-.6400000154972076,-2.299999952316284,-3.21999990940094,-2.409999966621399,-3.080000042915344,-2.820000052452087,-1.730000019073486
199410,.38,-.58999997,1.17,2.3299999,1.78,.58999997,4.0100002,2.1800001,1.65,1.58,1.64,1994m10,-.9699999690055847,.7899999618530273,1.949999928474426,1.399999976158142,.2099999785423279,3.630000233650208,1.800000071525574,1.269999980926514,1.200000047683716,1.259999990463257
199411,.37,-4.7399998,-3.4000001,-3.6600001,-4.3400002,-3.3,-3.3800001,-4.1399999,-3.0799999,-3.26,-3.4200001,1994m11,-5.109999775886536,-3.770000100135803,-4.03000009059906,-4.710000157356262,-3.669999957084656,-3.75000011920929,-4.509999871253967,-3.449999928474426,-3.629999995231628,-3.790000081062317
199412,.44,-.47999999,1.58,2.0899999,2.6600001,1.02,.46000001,3.1800001,.44,.86000001,1.53,1994m12,-.9199999868869781,1.14000004529953,1.649999916553497,2.220000088214874,.5799999833106995,.0200000107288361,2.740000069141388,0,.4200000166893005,1.089999973773956
199501,.41999999,.31999999,4.4899998,1.39,.18000001,.57999998,1.92,2.8099999,3.3099999,2.77,2.3099999,1995m1,-.0999999940395355,4.069999784231186,.9699999988079071,-.2399999797344208,.1599999964237213,1.499999970197678,2.389999955892563,2.889999955892563,2.349999994039536,1.889999955892563
199502,.40000001,3.74,2.46,3.52,3.77,4.1399999,4.6100001,4.79,4.29,4.0300002,3.6800001,1995m2,3.340000003576279,2.060000032186508,3.119999974966049,3.369999974966049,3.739999860525131,4.21000012755394,4.389999955892563,3.889999955892563,3.630000203847885,3.280000060796738
199503,.46000001,1.71,2.3699999,2.9300001,2.8099999,3.01,2.3199999,1.96,2.72,3.49,2.3900001,1995m3,1.250000029802322,1.909999877214432,2.470000058412552,2.349999934434891,2.549999982118607,1.859999924898148,1.500000029802322,2.260000020265579,3.030000001192093,1.930000096559525
199504,.44,1.33,2.26,1.77,2.8099999,1.1900001,3.21,1.25,1.67,3.52,3.8699999,1995m4,.89000004529953,1.819999992847443,1.329999983310699,2.369999945163727,.7500000596046448,2.770000040531158,.8100000023841858,1.229999959468842,3.079999983310699,3.429999887943268
199505,.54000002,1.98,2.3,3.49,1.73,3.8499999,3.79,3.71,4.27,2.5,4.6100001,1995m5,1.439999997615814,1.759999930858612,2.949999988079071,1.189999997615814,3.309999883174896,3.249999940395355,3.170000016689301,3.729999959468842,1.959999978542328,4.070000112056732
199506,.47,6.5,3.6099999,2.1800001,3.1700001,3.3099999,2.6199999,1.0700001,3.1500001,2.8599999,3.6900001,1995m6,6.030000001192093,3.139999896287918,1.710000067949295,2.700000077486038,2.839999943971634,2.149999886751175,.6000000536441803,2.680000096559525,2.389999896287918,3.220000058412552
199507,.44999999,6.0300002,3.5899999,4.5700002,3.77,3.4300001,4.8800001,5.2600002,4.1500001,4.1300001,2.8599999,1995m7,5.580000221729279,3.13999992609024,4.120000183582306,3.319999992847443,2.980000078678131,4.430000126361847,4.810000240802765,3.700000107288361,3.680000126361847,2.409999907016754
199508,.47,3.72,3.2,2.01,-.31,-.5,1.53,-1.13,1.1799999,.34,2.04,1995m8,3.250000029802322,2.730000048875809,1.53999999165535,-.7800000011920929,-.9699999988079071,1.059999972581863,-1.599999994039536,.7099999487400055,-.1299999952316284,1.56999996304512
199509,.43000001,3.5599999,2.6199999,1.67,2.4400001,4.0599999,3.6900001,1.83,4.3899999,3.8399999,6.0100002,1995m9,3.129999935626984,2.189999878406525,1.239999949932098,2.010000050067902,3.629999935626984,3.260000050067902,1.400000035762787,3.959999859333038,3.409999907016754,5.580000221729279
199510,.47,-3.0799999,-3.3099999,-2.5899999,-3.1400001,-1.27,-3.1800001,-.81,-.99000001,.52999997,.63,1995m10,-3.549999922513962,-3.779999941587448,-3.059999912977219,-3.610000103712082,-1.739999979734421,-3.650000065565109,-1.280000001192093,-1.46000000834465,.0599999725818634,.1599999964237213
199511,.41999999,4.1500001,4.8000002,5.73,5.9400001,3.8800001,5.0100002,2.8499999,6.0300002,2.5999999,4.5999999,1995m11,3.730000108480453,4.380000203847885,5.310000032186508,5.520000070333481,3.46000012755394,4.590000241994858,2.42999991774559,5.610000222921371,2.17999991774559,4.17999991774559
199512,.49000001,2.3900001,1.53,2.47,2.96,2.79,1.42,-.64999998,2.77,1.49,.72000003,1995m12,1.900000095367432,1.039999961853027,1.980000019073486,2.470000028610229,2.299999952316284,.9299999475479126,-1.139999985694885,2.279999971389771,1,.2300000190734863
199601,.43000001,1.83,2.3399999,2.01,.5,1.0599999,3.25,2.1700001,3.55,3.27,3.71,1996m1,1.400000035762787,1.909999907016754,1.579999983310699,.0699999928474426,.6299999356269836,2.819999992847443,1.740000069141388,3.119999945163727,2.839999973773956,3.280000030994415
199602,.38999999,3.0899999,1.45,1.67,1.37,.88,1.79,4.25,.49000001,1.83,1.4400001,1996m2,2.699999928474426,1.060000061988831,1.279999971389771,.9800000190734863,.4900000095367432,1.399999976158142,3.860000014305115,.1000000238418579,1.440000057220459,1.050000071525574
199603,.38999999,-1.63,.98000002,1.97,3.1700001,1.66,2.6199999,.40000001,2.1099999,1.52,-.079999998,1996m3,-2.019999980926514,.5900000333786011,1.580000042915344,2.78000009059906,1.269999980926514,2.229999899864197,.0100000202655792,1.71999990940094,1.129999995231628,-.4699999839067459
199604,.46000001,3.73,4,1.97,1.8200001,2.6800001,1.3,2.5799999,.40000001,3.4200001,2.1500001,1996m4,3.270000010728836,3.53999999165535,1.510000020265579,1.360000044107437,2.220000058412552,.8399999439716339,2.119999915361404,-.0600000023841858,2.960000067949295,1.690000087022781
199605,.41999999,2.8699999,2.7,2.01,3.28,1.45,1.99,2.01,3.1099999,2.97,3.3399999,1996m5,2.449999898672104,2.280000060796738,1.590000003576279,2.859999984502792,1.030000060796738,1.570000022649765,1.590000003576279,2.689999908208847,2.550000041723251,2.919999927282333
199606,.40000001,-5.3299999,-2.22,-2.6099999,1.41,-.76999998,-1.4,-1.78,-.1,.050000001,1.45,1996m6,-5.729999929666519,-2.620000034570694,-3.00999990105629,1.009999960660934,-1.169999986886978,-1.799999982118607,-2.179999977350235,-.5000000074505806,-.3500000052154064,1.050000041723251
199607,.44999999,-11.39,-7.8699999,-6.0799999,-7.4499998,-5.3400002,-5.6700001,-4.3000002,-5.0799999,-3.46,-4.6700001,1996m7,-11.84000033140182,-8.319999873638153,-6.529999911785126,-7.899999797344208,-5.790000140666962,-6.120000064373016,-4.750000178813934,-5.529999911785126,-3.910000026226044,-5.120000064373016
199608,.41,4.1999998,4.9200001,3.74,4.6500001,4.25,2.8299999,3.3599999,4.1199999,3.8,.25999999,1996m8,3.789999812841415,4.510000079870224,3.330000013113022,4.24000009894371,3.840000003576279,2.419999927282333,2.949999898672104,3.709999889135361,3.389999955892563,-.1500000059604645
199609,.44,3.9300001,3.3199999,4.29,3.6099999,4.6799998,4.5300002,5.3699999,6.5599999,7.8299999,5.02,1996m9,3.490000069141388,2.879999935626984,3.849999964237213,3.169999897480011,4.239999830722809,4.090000212192535,4.929999887943268,6.119999945163727,7.38999992609024,4.579999983310699
199610,.41999999,-3.0699999,-.70999998,3.3399999,1.34,1.3200001,2.55,1.84,2.28,1.11,1.53,1996m10,-3.489999920129776,-1.129999965429306,2.919999927282333,.9200000464916229,.9000000655651093,2.129999965429306,1.420000046491623,1.859999984502792,.6900000274181366,1.109999984502792
199611,.41,2.1099999,6.25,5.21,4.4299998,4.9499998,5.8699999,6.1999998,9.1000004,8.2200003,7.5599999,1996m11,1.699999898672104,5.840000003576279,4.800000041723251,4.019999831914902,4.539999812841415,5.459999889135361,5.789999812841415,8.690000385046005,7.810000270605087,7.14999994635582
199612,.46000001,-.49000001,.14,-1.26,.46000001,-.76999998,-.16,-2.05,-1.92,-2.8699999,-.63,1996m12,-.9500000178813934,-.3200000077486038,-1.719999998807907,0,-1.229999989271164,-.6200000047683716,-2.509999960660934,-2.379999965429306,-3.329999893903732,-1.090000003576279
199701,.44999999,3.49,2.9400001,5.9400001,2.5999999,3.6300001,3.51,5.9000001,6.71,7.6100001,5.8600001,1997m1,3.040000021457672,2.490000069141388,5.490000069141388,2.149999916553497,3.180000126361847,3.060000002384186,5.450000107288361,6.260000050067902,7.160000145435333,5.410000145435333
199702,.38999999,-1.24,-1.64,-1.2,.090000004,-.079999998,.02,.11,.38,-.33000001,1.26,1997m2,-1.629999995231628,-2.029999971389771,-1.590000033378601,-.2999999821186066,-.4699999839067459,-.3699999861419201,-.2799999862909317,-.0099999904632568,-.7199999988079071,.8700000047683716
199703,.43000001,-6.4400001,-4.3000002,-3.73,-4.4000001,-3.22,-2.02,-3.76,-4.4400001,-4.71,-6.2800002,1997m3,-6.870000064373016,-4.730000197887421,-4.160000026226044,-4.830000102519989,-3.650000035762787,-2.449999988079071,-4.189999997615814,-4.870000064373016,-5.14000004529953,-6.710000216960907
199704,.43000001,-2.6500001,1.6900001,3.1500001,.69,2.05,3.7,3.6400001,7.75,6.04,6.4899998,1997m4,-3.080000102519989,1.260000050067902,2.720000088214874,.2599999904632568,1.619999945163727,3.270000040531158,3.210000097751617,7.319999992847443,5.60999995470047,6.059999763965607
199705,.49000001,11.47,8.3500004,9.1099997,6.8600001,7.1900001,6.4699998,6.3600001,6.52,5.75,7.0799999,1997m5,10.98000025749207,7.860000371932983,8.619999647140503,6.370000123977661,6.700000047683716,5.979999780654907,5.870000123977661,6.029999971389771,5.259999990463257,6.589999914169312
199706,.37,4.6399999,3.3699999,4.9499998,4.8600001,4.54,2.51,5.6500001,5.6500001,3.74,3.8900001,1997m6,4.269999861717224,2.99999988079071,4.579999804496765,4.490000128746033,4.169999957084656,2.139999985694885,5.28000009059906,5.28000009059906,3.370000004768372,3.520000100135803
199707,.43000001,5.8200002,6.9200001,8.0900002,6.7199998,8.3699999,8.7799997,8.5900002,8.5699997,9.4899998,4.8899999,1997m7,5.39000016450882,6.490000069141388,7.660000145435333,6.289999783039093,7.939999878406525,8.349999725818634,8.160000145435333,8.139999687671661,9.059999763965607,4.459999859333038
199708,.41,.54000002,-1.15,-3,-.52999997,-1.85,-2.8199999,-4.0900002,-5.48,-4.4699998,-5.4400001,1997m8,.1300000250339508,-1.559999972581863,-3.409999996423721,-.9399999678134918,-2.260000020265579,-3.229999929666519,-4.500000149011612,-5.890000015497208,-4.879999786615372,-5.85000005364418
199709,.44,8.3900003,7.04,6.9099998,7.4499998,5.5100002,5.4400001,5.8299999,6.9099998,3.6900001,5.0700002,1997m9,7.95000034570694,6.599999964237213,6.469999849796295,7.009999811649323,5.070000231266022,5.000000059604645,5.38999992609024,6.469999849796295,3.250000059604645,4.630000174045563
199710,.41999999,-4.3800001,-4.4299998,-4.3000002,-2.4100001,-3.3199999,-3.6900001,-2.6099999,-4.4400001,-2.3900001,-2.99,1997m10,-4.800000101327896,-4.849999815225601,-4.720000177621841,-2.830000072717667,-3.739999920129776,-4.110000044107437,-3.029999881982803,-4.860000044107437,-2.810000091791153,-3.409999996423721
199711,.38999999,-1.86,.63999999,1.35,.20999999,3.8199999,2.99,1.6900001,5.0700002,4.1999998,6.8000002,1997m11,-2.25,.25,.9600000381469727,-.1799999922513962,3.429999947547913,2.600000023841858,1.300000071525574,4.680000185966492,3.809999823570251,6.410000205039978
199712,.47999999,-.92000002,3.3,1.84,2,3.47,2.9400001,1.67,3.5699999,-.2,1.78,1997m12,-1.400000005960464,2.81999996304512,1.360000044107437,1.520000010728836,2.990000039339066,2.460000067949295,1.189999967813492,3.089999943971634,-.6799999922513962,1.299999982118607
199801,.43000001,1.5700001,-.23,-.050000001,-.93000001,-2.54,-1.16,-1.61,1.25,3.9000001,.69999999,1998m1,1.14000004529953,-.6600000113248825,-.4800000078976154,-1.360000014305115,-2.969999969005585,-1.589999973773956,-2.040000021457672,.8199999928474426,3.470000088214874,.2699999809265137
199802,.38999999,8.1599998,7.3800001,8.1599998,7.0300002,8.2799997,7.5100002,7.9699998,7.75,8.3999996,4.9400001,1998m2,7.769999861717224,6.990000128746033,7.769999861717224,6.640000224113464,7.889999747276306,7.120000243186951,7.579999804496765,7.360000014305115,8.009999632835388,4.550000071525574
199803,.38999999,7.2399998,7.3499999,3.3,4.4099998,5.21,3.8699999,4.0599999,5.0900002,3.8,7.1700001,1998m3,6.849999785423279,6.959999918937683,2.909999966621399,4.019999861717224,4.820000052452087,3.479999899864197,3.669999957084656,4.700000166893005,3.409999966621399,6.78000009059906
199804,.43000001,1.61,2.21,2.98,.66000003,.98000002,1.91,3.8900001,.51999998,1.6,-.88999999,1998m4,1.180000007152557,1.780000030994415,2.550000011920929,.2300000190734863,.550000011920929,1.479999959468842,3.460000097751617,.0899999737739563,1.170000016689301,-1.319999992847443
199805,.40000001,-5.23,-2.77,-4.6599998,-1.47,-1.1,-1.74,-5.0900002,-2.5999999,-2.7,.28,1998m5,-5.630000025033951,-3.169999986886978,-5.059999853372574,-1.870000034570694,-1.500000029802322,-2.140000015497208,-5.490000158548355,-2.999999910593033,-3.10000005364418,-.1200000047683716
199806,.41,2.3599999,5.29,3.72,.039999999,3.28,1.88,3.1700001,4.1700001,5.29,3.7,1998m6,1.949999898672104,4.879999965429306,3.310000032186508,-.369999997317791,2.869999974966049,1.469999998807907,2.760000079870224,3.760000079870224,4.879999965429306,3.290000051259995
199807,.40000001,-2.95,-5.5,-3.3900001,-4.4099998,-2.8599999,-1.75,-2.8299999,-2.4300001,-.77999997,.15000001,1998m7,-3.35000005364418,-5.900000005960464,-3.790000110864639,-4.809999853372574,-3.25999990105629,-2.150000005960464,-3.229999929666519,-2.830000072717667,-1.179999977350235,-.25
199808,.43000001,-23.049999,-16.49,-18.18,-15.19,-13.48,-15.07,-14.94,-15.63,-15.6,-13.37,1998m8,-23.4799992442131,-16.91999977827072,-18.61000031232834,-15.61999958753586,-13.90999954938889,-15.49999970197678,-15.36999958753586,-16.06000012159348,-16.03000038862228,-13.79999989271164
199809,.46000001,10.8,7.5,5.5100002,5.1700001,4.1500001,8.1700001,5.7399998,3.4200001,9.0900002,6.0599999,1998m9,10.34000018239021,7.03999999165535,5.050000220537186,4.710000067949295,3.690000087022781,7.710000067949295,5.279999762773514,2.960000067949295,8.63000014424324,5.599999934434891
199810,.31999999,6.0799999,5.8299999,6.9299998,5.4400001,9.2200003,7.4299998,6.21,7.9000001,5.4899998,10.21,1998m10,5.759999930858612,5.509999930858612,6.60999983549118,5.120000064373016,8.900000274181366,7.10999983549118,5.89000004529953,7.580000102519989,5.169999778270721,9.89000004529953
199811,.31,10.27,5.1100001,5.5599999,5.75,6.5700002,4.73,5.5300002,4.5500002,9.1300001,5.3800001,1998m11,9.960000455379486,4.800000131130219,5.249999940395355,5.439999997615814,6.260000169277191,4.420000016689301,5.220000207424164,4.240000188350677,8.820000112056732,5.070000112056732
199812,.38,14.67,4.54,3.8099999,7.0999999,6.4400001,4.2399998,3.78,7.04,7.27,5.9200001,1998m12,14.29000008106232,4.159999966621399,3.429999947547913,6.71999990940094,6.060000061988831,3.859999775886536,3.399999976158142,6.659999966621399,6.889999985694885,5.540000081062317
199901,.34999999,11.55,1.46,-.37,.79000002,.50999999,1.66,2.48,1.6,7.7199998,2.3399999,1999m1,11.20000019669533,1.110000044107437,-.7199999988079071,.4400000274181366,.1599999964237213,1.309999972581863,2.130000025033951,1.250000029802322,7.369999796152115,1.989999920129776
199902,.34999999,-2.7,-3.71,-.85000002,-4.1700001,-2.0599999,-2.8099999,-5.02,-2,-4.6999998,-5.0300002,1999m2,-3.050000041723251,-4.060000032186508,-1.200000017881393,-4.520000070333481,-2.409999936819077,-3.159999936819077,-5.369999974966049,-2.349999994039536,-5.049999803304672,-5.380000203847885
199903,.43000001,13.94,2.97,3.9400001,1.95,4.0700002,4.0300002,3.47,5.02,3.8800001,-.66000003,1999m3,13.50999957323074,2.540000021457672,3.510000050067902,1.520000040531158,3.64000016450882,3.600000202655792,3.040000021457672,4.589999973773956,3.450000107288361,-1.090000033378601
199904,.37,8.3599997,6.04,4.4099998,4.4099998,3.8199999,5.23,9.1199999,3.0999999,-1.15,7.8600001,1999m4,7.989999651908875,5.669999957084656,4.039999842643738,4.039999842643738,3.449999928474426,4.860000014305115,8.74999988079071,2.729999899864197,-1.519999980926514,7.490000128746033
199905,.34,-6.3099999,2.45,.31999999,2.99,-2.48,-2.0999999,-.19,-2.24,-2.5599999,-2.22,1999m5,-6.64999994635582,2.110000044107437,-.0200000107288361,2.650000005960464,-2.820000022649765,-2.439999908208847,-.5300000011920929,-2.580000013113022,-2.89999994635582,-2.560000032186508
199906,.40000001,2.0899999,4.3899999,3.24,3.5799999,6.0300002,4.3000002,4.3400002,5.0999999,6.21,6.54,1999m6,1.689999908208847,3.989999860525131,2.840000003576279,3.17999991774559,5.630000203847885,3.900000184774399,3.940000146627426,4.699999898672104,5.810000032186508,6.139999955892563
199907,.38,-3.3699999,-3.3699999,-1.09,-1.15,-5.4400001,-2.24,-2.77,-4.27,-2.8,-3.05,1999m7,-3.74999988079071,-3.74999988079071,-1.470000028610229,-1.529999971389771,-5.820000052452087,-2.620000004768372,-3.149999976158142,-4.649999976158142,-3.179999947547913,-3.429999947547913
199908,.38999999,-1.67,-1.3200001,-1.97,-2.52,-1.9400001,-1.77,-4.1700001,-.14,1.27,-.56,1999m8,-2.059999942779541,-1.710000038146973,-2.360000014305115,-2.909999966621399,-2.330000042915344,-2.159999966621399,-4.560000061988831,-.5299999862909317,.8799999952316284,-.949999988079071
199909,.38999999,.41999999,-.63,-4.96,-3.51,-.76999998,-1.24,-3.1500001,-.55000001,-3.1199999,-4.8000002,1999m9,.0300000011920929,-1.019999980926514,-5.350000023841858,-3.899999976158142,-1.159999966621399,-1.629999995231628,-3.540000081062317,-.9399999976158142,-3.509999871253967,-5.190000176429749
199910,.38999999,9.7200003,1.6799999,5.3099999,3.8699999,10.29,7.73,4.02,11.09,7.1799998,2.04,1999m10,9.330000281333923,1.289999961853027,4.919999957084656,3.479999899864197,9.899999976158142,7.340000033378601,3.629999995231628,10.70000016689301,6.789999842643738,1.649999976158142
199911,.36000001,7,7.21,1.15,4.3499999,.039999999,1.84,3.8199999,.69999999,2.5699999,3.6199999,1999m11,6.639999985694885,6.850000023841858,.7899999618530273,3.989999890327454,-.3200000151991844,1.480000019073486,3.459999918937683,.3399999737739563,2.209999918937683,3.259999871253967
199912,.44,15.52,15.73,6.4000001,8.1800003,6.6799998,7.7800002,7.1900001,7.5100002,6.4099998,1.98,1999m12,15.08000046014786,15.28999954462051,5.960000097751617,7.740000307559967,6.239999830722809,7.340000212192535,6.750000059604645,7.070000231266022,5.969999849796295,1.540000021457672
200001,.41,-.64999998,-4.3200002,-2.77,-1.61,-6.3600001,-5.9200001,-2.8699999,-3.97,-4.8899999,-6.1900001,2000m1,-1.059999972581863,-4.730000168085098,-3.179999977350235,-2.020000010728836,-6.770000129938126,-6.330000072717667,-3.279999881982803,-4.380000025033951,-5.299999862909317,-6.60000005364418
200002,.43000001,15.46,2.96,8.79,2.9300001,-3.4300001,4.3200002,1.58,-.58999997,-1,-4.25,2000m2,15.03000003099442,2.530000030994415,8.35999995470047,2.500000059604645,-3.86000007390976,3.89000016450882,1.150000035762787,-1.019999980926514,-1.430000007152557,-4.680000007152557
200003,.47,-4.6199999,6.8099999,5.9400001,6.04,11.7,7.3499999,8.6700001,13.85,11.63,6.7800002,2000m3,-5.089999884366989,6.339999943971634,5.470000058412552,5.56999996304512,11.22999981045723,6.879999905824661,8.200000077486038,13.38000038266182,11.16000011563301,6.310000211000443
200004,.46000001,-11.62,-6.5300002,-4.1900001,-4.04,-.56,-.75999999,-1.0599999,-2.4400001,-9.0600004,1.12,2000m4,-12.07999989390373,-6.990000218153,-4.650000065565109,-4.499999970197678,-1.020000010728836,-1.219999998807907,-1.519999951124191,-2.900000065565109,-9.520000427961349,.6599999964237213
200005,.5,-9.3900003,-2.29,-3.05,-1.01,.44,-3.52,-4.3499999,-1.47,-4.2600002,-.88999999,2000m5,-9.890000343322754,-2.789999961853027,-3.549999952316284,-1.509999990463257,-.0600000023841858,-4.019999980926514,-4.849999904632568,-1.970000028610229,-4.760000228881836,-1.389999985694885
200006,.40000001,14.09,1.58,1.4299999,1.78,-1.2,-.93000001,3.78,.94,5.6399999,3.7,2000m6,13.69000014662743,1.18000003695488,1.029999941587448,1.379999965429306,-1.60000005364418,-1.330000013113022,3.379999965429306,.5399999916553497,5.239999860525131,3.300000041723251
200007,.47999999,-9.5799999,1.84,-2.02,1.72,.92000002,-1.74,3.79,-1.77,-2.8299999,-2.6700001,2000m7,-10.05999991297722,1.360000044107437,-2.499999970197678,1.240000039339066,.4400000274181366,-2.219999998807907,3.309999972581863,-2.249999970197678,-3.309999912977219,-3.150000065565109
200008,.5,12.42,7.9000001,8.21,7.5700002,10.89,3.9300001,10.32,6.3800001,7.5900002,2.8,2000m8,11.92000007629395,7.400000095367432,7.710000038146973,7.070000171661377,10.39000034332275,3.430000066757202,9.819999694824219,5.880000114440918,7.090000152587891,2.299999952316284
200009,.50999999,-7.8800001,-10.82,-1.86,-.34999999,-.85000002,-6.77,-1.09,-12.97,-2.48,-.20999999,2000m9,-8.390000104904175,-11.32999968528748,-2.370000004768372,-.8599999845027924,-1.360000014305115,-7.279999971389771,-1.600000023841858,-13.48000025749207,-2.990000009536743,-.7199999839067459
200010,.56,-10.55,-6.77,-7.6999998,-2.5999999,-3.6500001,-.81,-3.3599999,5.8800001,-1.47,5.3200002,2000m10,-11.11000019311905,-7.329999983310699,-8.259999811649323,-3.159999907016754,-4.210000097751617,-1.370000004768372,-3.919999897480011,5.320000112056732,-2.030000030994415,4.760000169277191
200011,.50999999,-25.57,-13.75,-15.75,-8.1700001,-9.3999996,-4.5300002,-7.3899999,-7.0300002,-7.3499999,-4.0799999,2000m11,-26.07999968528748,-14.25999999046326,-16.25999999046326,-8.680000066757202,-9.90999960899353,-5.040000200271606,-7.899999856948853,-7.540000200271606,-7.859999895095825,-4.589999914169312
200012,.5,.91000003,4.6199999,4.4899998,1.17,6.9200001,.62,1.77,-.31999999,2.1400001,-.31999999,2000m12,.4100000262260437,4.119999885559082,3.989999771118164,.6699999570846558,6.420000076293945,.1200000047683716,1.269999980926514,-.8199999928474426,1.640000104904175,-.8199999928474426
200101,.54000002,8.3599997,9.3800001,6.6799998,2.54,1.09,.70999998,4.9200001,7.6399999,-.81,3.48,2001m1,7.819999635219574,8.840000092983246,6.139999806880951,1.999999940395355,.550000011920929,.1699999570846558,4.380000054836273,7.099999845027924,-1.350000023841858,2.939999997615814
200102,.38,-19.290001,-10.65,-8.0600004,-10.45,-6.9699998,-12.55,-12.88,-5.1100001,-7.0799999,-3.25,2001m2,-19.67000091075897,-11.0299996137619,-8.440000414848328,-10.82999980449677,-7.349999785423279,-12.93000018596649,-13.26000010967255,-5.490000128746033,-7.459999918937683,-3.629999995231628
200103,.41999999,-13.94,-7.6399999,-4.8400002,-2.3199999,-4.3499999,-6.3400002,-7.3200002,-4.7600002,-9.2799997,-3.76,2001m3,-14.35999956727028,-8.059999853372574,-5.260000139474869,-2.739999920129776,-4.769999891519547,-6.760000139474869,-7.740000158548355,-5.180000215768814,-9.69999971985817,-4.179999977350235
200104,.38999999,14.29,10.53,8.1599998,8.1199999,9.2399998,6.5300002,9.6000004,9.3400002,6.2399998,4.75,2001m4,13.89999997615814,10.13999974727631,7.769999861717224,7.729999899864197,8.849999785423279,6.140000224113464,9.210000395774841,8.950000166893005,5.849999785423279,4.360000014305115
200105,.31999999,-.31999999,.050000001,.20999999,.92000002,.75,2.1900001,.88,1.02,1.9400001,.62,2001m5,-.6399999856948853,-.2699999921023846,-.1099999994039536,.6000000238418579,.4300000071525574,1.870000064373016,.5600000023841858,.699999988079071,1.620000064373016,.300000011920929
200106,.28,-.75999999,-2.49,-3.55,1.23,-1.37,-2.52,-2.4200001,.82999998,-3.3399999,-1.08,2001m6,-1.03999999165535,-2.770000010728836,-3.829999953508377,.9500000178813934,-1.650000005960464,-2.799999982118607,-2.700000077486038,.5499999821186066,-3.619999915361404,-1.360000044107437
200107,.30000001,-11.81,-6.3299999,-1.37,-1.73,-5.1799998,-2.01,2.1900001,.56999999,-.69,1.03,2001m7,-12.11000043153763,-6.629999935626984,-1.670000016689301,-2.030000030994415,-5.479999840259552,-2.310000002384186,1.89000004529953,.2699999809265137,-.9900000095367432,.7299999594688416
200108,.31,-10.05,-6.8299999,-8.5500002,-3.8299999,-8.8100004,-6.2800002,-5.8000002,-4.8699999,-5.7600002,-2.95,2001m8,-10.36000019311905,-7.13999992609024,-8.860000193119049,-4.13999992609024,-9.120000422000885,-6.590000212192535,-6.110000193119049,-5.179999887943268,-6.070000231266022,-3.260000050067902
200109,.28,-17.48,-10.27,-15.68,-7.6300001,-12.26,-10.41,-6.71,-9.3299999,-6.21,-3.45,2001m9,-17.75999954342842,-10.55000045895576,-15.96000030636787,-7.910000115633011,-12.54000023007393,-10.6899998486042,-6.990000039339066,-9.609999924898148,-6.490000039339066,-3.730000048875809
200110,.22,9.4099998,.02,6.0300002,3.24,5.2399998,1.2,3.8499999,1.87,1.85,-1.2,2001m10,9.189999848604202,-.1999999992549419,5.810000211000443,3.020000010728836,5.019999772310257,.9800000488758087,3.629999905824661,1.650000005960464,1.630000025033951,-1.420000046491623
200111,.17,13.62,3.25,12.82,5,9.5699997,9.8400002,7.2800002,8.2200003,6.71,4.9200001,2001m11,13.44999988377094,3.079999998211861,12.64999969303608,4.829999998211861,9.399999693036079,9.670000150799751,7.11000020802021,8.050000265240669,6.540000036358833,4.750000074505806
200112,.15000001,2.0699999,5.0300002,-1.72,.63,.97000003,4.0500002,3.46,1.46,.80000001,1.39,2001m12,1.919999927282333,4.880000203847885,-1.870000034570694,.4799999892711639,.820000022649765,3.900000184774399,3.310000032186508,1.310000032186508,.6500000059604645,1.239999979734421
200201,.14,-8.71,-5.1300001,.56999999,-2.77,-2.5599999,1.37,-.41,1.02,.13,-1.59,2002m1,-8.850000038743019,-5.270000115036964,.4299999922513962,-2.90999998152256,-2.699999943375587,1.230000004172325,-.5499999970197678,.8799999803304672,-.010000005364418,-1.730000033974648
200202,.13,-7.2800002,-4.9699998,-11.22,-.94,-3.1600001,-2.9100001,-.28,-1.67,.47999999,.1,2002m2,-7.410000205039978,-5.099999785423279,-11.35000026226044,-1.069999992847443,-3.290000081062317,-3.040000081062317,-.4099999964237213,-1.799999952316284,.3499999940395355,-.0299999937415123
200203,.13,6.1700001,4.3400002,9.3299999,5.1799998,4.1599998,4.6399999,6.1799998,5.5900002,1.37,2.4300001,2002m3,6.040000081062317,4.210000157356262,9.199999928474426,5.049999833106995,4.029999852180481,4.509999871253967,6.049999833106995,5.460000157356262,1.240000009536743,2.300000071525574
200204,.15000001,-9.9399996,-3.9300001,-7.0599999,-.61000001,-6.77,-1.65,-4.1999998,-3.96,-5.6599998,-7.6999998,2002m4,-10.08999958634377,-4.080000072717667,-7.209999948740005,-.7600000202655792,-6.919999986886978,-1.799999982118607,-4.349999815225601,-4.110000044107437,-5.809999853372574,-7.849999815225601
200205,.14,-3.48,-3.6900001,-2.24,-3.24,-1.17,-.85000002,-.92000002,-.47,-1.72,1.37,2002m5,-3.620000019669533,-3.830000057816505,-2.38000001013279,-3.38000001013279,-1.309999957680702,-.9900000244379044,-1.060000017285347,-.6099999994039536,-1.860000029206276,1.230000004172325
200206,.13,-12.62,-10.79,-10.5,-4.3899999,-4.23,-7.9299998,-3.9400001,-8.21,-5.4299998,-9.1599998,2002m6,-12.74999988079071,-10.91999995708466,-10.62999999523163,-4.519999861717224,-4.360000014305115,-8.059999823570251,-4.070000052452087,-8.340000033378601,-5.559999823570251,-9.289999842643738
200207,.15000001,-12.55,-9.2299995,-11.43,-9.3999996,-6.6700001,-11.91,-10.36,-7.98,-4.0700002,-5.4499998,2002m7,-12.70000019669533,-9.379999548196793,-11.58000031113625,-9.549999624490738,-6.82000008225441,-12.05999985337257,-10.50999966263771,-8.130000025033951,-4.220000177621841,-5.599999815225601
200208,.14,1.8,-.81999999,-.41,.51999998,-1.0599999,1.5700001,3.5599999,1.0599999,-1.4299999,1.0599999,2002m8,1.659999951720238,-.9599999934434891,-.5499999970197678,.3799999803304672,-1.199999943375587,1.430000051856041,3.419999942183495,.9199999421834946,-1.569999948143959,.9199999421834946
200209,.14,-8.6999998,-14.4,-11.02,-9.04,-11.14,-9.6400003,-11.17,-7.6199999,-10.31,-11.18,2002m9,-8.839999809861183,-14.53999961912632,-11.16000045835972,-9.179999962449074,-11.2800003439188,-9.7800003439188,-11.31000007688999,-7.759999886155128,-10.45000042021275,-11.32000030577183
200210,.14,9.8199997,7.04,7.27,9.8100004,7.6900001,12.04,8.1899996,5.6100001,6.23,9.1700001,2002m10,9.679999694228172,6.899999961256981,7.129999980330467,9.670000419020653,7.550000056624413,11.89999996125698,8.049999579787254,5.470000132918358,6.09000001847744,9.030000075697899
200211,.12,12.02,14.29,9.5500002,7.8800001,9.8400002,7.1399999,2.5,2.45,4.02,4.73,2002m11,11.90000046044588,14.16999996453524,9.430000193417072,7.760000117123127,9.7200001552701,7.019999869167805,2.380000002682209,2.330000050365925,3.899999983608723,4.610000021755695
200212,.11,-10.51,-9.6999998,-6.0999999,-7.8400002,-8.21,-6.7600002,-5.71,-2.0999999,-4.71,-3.22,2002m12,-10.62000022828579,-9.80999980866909,-6.209999904036522,-7.950000151991844,-8.320000037550926,-6.870000228285789,-5.820000037550926,-2.209999904036522,-4.820000037550926,-3.330000028014183
200301,.1,-2.8299999,1.77,-.56999999,-5.3899999,-2.49,-4.5100002,-3.5999999,-1.75,-3.4400001,-1.64,2003m1,-2.929999925196171,1.669999979436398,-.6699999943375587,-5.489999867975712,-2.590000011026859,-4.610000230371952,-3.699999906122684,-1.850000001490116,-3.540000058710575,-1.739999987185001
200302,.090000004,-4.1900001,-.88,-3.46,-3.8699999,-.28999999,.039999999,-.75,-.69999999,-1.88,-3.3599999,2003m2,-4.280000060796738,-.9699999988079071,-3.550000041723251,-3.959999889135361,-.3799999952316284,-.0500000044703484,-.8400000035762787,-.7899999916553497,-1.969999998807907,-3.449999898672104
200303,.1,1.1799999,-1.24,-.63,.13,-.34,1.5,2.3900001,2.3299999,1.71,.61000001,2003m3,1.079999946057796,-1.340000011026859,-.7299999967217445,.0299999937415123,-.4400000050663948,1.399999998509884,2.290000103414059,2.229999922215939,1.610000036656857,.5100000128149986
200304,.1,13.58,9.75,10.11,10.16,7.9499998,6.7800002,9.8000002,4.9099998,8.0200005,6.73,2003m4,13.47999992221594,9.649999998509884,10.00999965518713,10.05999984592199,7.849999807775021,6.680000208318233,9.700000189244747,4.809999845921993,7.920000456273556,6.63000001758337
200305,.090000004,12.41,11.32,9.7700005,5.2399998,9.0500002,4.0999999,4.9200001,4.3800001,4.3299999,5.4299998,2003m5,12.31999984383583,11.22999969124794,9.680000454187393,5.149999767541885,8.960000187158585,4.00999990105629,4.830000072717667,4.290000110864639,4.239999920129776,5.339999824762344
200306,.1,2.21,1.66,-.1,.44,1.79,1.5700001,1.88,.15000001,1.64,1.89,2003m6,2.110000036656857,1.559999965131283,-.2000000029802322,.3399999961256981,1.689999960362911,1.470000050961971,1.779999993741512,.0500000044703484,1.539999984204769,1.789999984204769
200307,.07,4.71,3.1700001,8.25,4.29,4.5900002,3.8499999,2.71,1.98,-.92000002,-.41,2003m7,4.640000037848949,3.100000075995922,8.179999999701977,4.219999961555004,4.520000152289867,3.779999904334545,2.640000037848949,1.910000018775463,-.9900000169873238,-.4799999967217445
200308,.07,5.7199998,3.3599999,.63,5.96,.37,4.6300001,3.2,2.4100001,.31999999,.57999998,2003m8,5.649999789893627,3.289999894797802,.5599999949336052,5.890000037848949,.3000000044703484,4.560000114142895,3.130000047385693,2.340000085532665,.2499999925494194,.5099999830126762
200309,.079999998,-1.51,-4.1399999,-1.65,-2.25,.23999999,-.25999999,-2.52,-1.4400001,-.27000001,.18000001,2003m9,-1.589999988675117,-4.219999864697456,-1.729999974370003,-2.329999998211861,.1599999964237213,-.3399999886751175,-2.599999979138374,-1.52000005543232,-.3500000089406967,.1000000089406967
200310,.07,9.1800003,7.48,5.9000001,10.43,7.4099998,4.75,7.48,4.02,4.4499998,5.6500001,2003m10,9.110000304877758,7.410000018775463,5.830000095069408,10.36000030487776,7.339999847114086,4.679999999701977,7.410000018775463,3.94999998062849,4.379999808967113,5.580000095069408
200311,.07,1.71,2.29,2.4100001,1.47,.92000002,.85000002,.27000001,1.4400001,.57999998,2.96,2003m11,1.640000037848949,2.219999961555004,2.340000085532665,1.400000028312206,.8500000163912773,.7800000235438347,.2000000104308128,1.370000056922436,.5099999830126762,2.890000037848949
200312,.079999998,2.1300001,4.27,7.1999998,4.7399998,4.5,4.9000001,1.46,4.9200001,4.9299998,4.96,2003m12,2.050000116229057,4.189999982714653,7.119999811053276,4.659999772906303,4.420000001788139,4.820000097155571,1.380000039935112,4.840000078082085,4.849999830126762,4.880000039935112
200401,.07,7.8800001,2.53,3.6099999,2.6400001,1.41,.41999999,1.37,3.1300001,.69999999,1.53,2004m1,7.810000114142895,2.459999971091747,3.539999894797802,2.570000104606152,1.339999966323376,.3499999865889549,1.300000004470348,3.060000114142895,.6299999877810478,1.459999971091747
200402,.059999999,-1.91,.52999997,1.71,3.5799999,2.48,.81999999,4.4699998,.63,1.41,1.54,2004m2,-1.969999965280294,.469999972730875,1.650000039488077,3.519999925047159,2.420000020414591,.7599999941885471,4.409999791532755,.5699999965727329,1.349999967962503,1.479999963194132
200403,.090000004,-2.75,-1.28,-.60000002,-.89999998,.17,-2.3199999,-.079999998,-.89999998,-1.83,-1.0700001,2004m3,-2.840000003576279,-1.369999974966049,-.6900000274181366,-.9899999797344208,.0799999982118607,-2.409999936819077,-.1700000017881393,-.9899999797344208,-1.920000046491623,-1.160000056028366
200404,.079999998,-5.4099998,-3.3900001,-2.47,-4.2800002,-4.3000002,-.38999999,-3.0999999,-1.45,1.1799999,.039999999,2004m4,-5.48999984562397,-3.470000103116035,-2.55000002682209,-4.36000020802021,-4.380000188946724,-.4699999839067459,-3.179999902844429,-1.530000045895576,1.099999949336052,-.0399999991059303
200405,.059999999,1.9400001,1.78,2.29,2.9300001,.19,2.4300001,.92000002,2.01,.34,-.63999999,2004m5,1.880000058561563,1.719999972730875,2.229999963194132,2.870000068098307,.1299999989569187,2.370000068098307,.860000018030405,1.949999991804361,.2800000049173832,-.6999999843537807
200406,.079999998,1.65,2.0699999,2.0899999,.83999997,1.85,3.0799999,.79000002,2.8299999,.82999998,2.45,2004m6,1.569999977946281,1.989999935030937,2.009999915957451,.7599999755620956,1.770000025629997,2.999999925494194,.7100000232458115,2.749999925494194,.7499999850988388,2.370000049471855
200407,.1,-9.7700005,-5.5799999,-6.5599999,-4.3000002,-3.5,-3.6700001,-2.1199999,-1.86,-2.3699999,-4.6199999,2004m7,-9.870000459253788,-5.679999925196171,-6.659999944269657,-4.400000192224979,-3.600000001490116,-3.770000077784061,-2.219999887049198,-1.960000015795231,-2.469999887049198,-4.719999887049198
200408,.11,-2.8699999,-1.92,-.1,.62,-2.1400001,3.23,.07,-.13,1.23,.95999998,2004m8,-2.979999884963036,-2.029999956488609,-.2100000008940697,.510000005364418,-2.250000104308128,3.120000019669533,-.0399999991059303,-.239999994635582,1.120000019669533,.8499999791383743
200409,.11,3.8499999,4.2399998,3.97,.94,2,-1.21,3.8299999,2.04,-.15000001,.63,2004m9,3.739999905228615,4.129999771714211,3.860000029206276,.8299999982118607,1.890000000596046,-1.320000037550926,3.719999924302101,1.929999962449074,-.260000005364418,.5199999958276749
200410,.11,3.6199999,3.21,.72000003,.79000002,2.55,-.090000004,2.1800001,1.98,1.01,.47999999,2004m10,3.509999886155128,3.100000038743019,.6100000292062759,.6800000220537186,2.439999952912331,-.2000000029802322,2.070000067353249,1.870000019669533,.8999999910593033,.3699999898672104
200411,.15000001,7.4699998,5.4099998,6.1500001,5.3899999,4.7800002,3.21,4.9000001,2.78,3.3900001,6.6799998,2004m11,7.319999784231186,5.259999841451645,6.000000089406967,5.239999860525131,4.630000203847885,3.060000032186508,4.750000089406967,2.629999965429306,3.24000009894371,6.529999822378159
200412,.16,5.04,4.46,4.4400001,3.75,1.5,2.8299999,3.0799999,3.0899999,3.4400001,4.8200002,2004m12,4.879999965429306,4.300000041723251,4.280000060796738,3.590000003576279,1.340000003576279,2.669999927282333,2.919999927282333,2.92999991774559,3.280000060796738,4.660000175237656
200501,.16,-5.77,-3.77,-5.1700001,-3.4000001,-2.01,-1.8099999,-1.02,-2.1400001,-2.23,-1.26,2005m1,-5.929999977350235,-3.929999977350235,-5.330000072717667,-3.560000091791153,-2.169999986886978,-1.969999939203262,-1.179999977350235,-2.300000101327896,-2.390000015497208,-1.419999986886978
200502,.16,-.13,1.33,2.3099999,2.1300001,.41999999,2.3699999,1.75,5.1700001,2.5599999,.17,2005m2,-.2899999916553497,1.170000046491623,2.14999994635582,1.970000118017197,.2599999904632568,2.209999889135361,1.590000003576279,5.010000079870224,2.39999994635582,.010000005364418
200503,.20999999,-3.5999999,-.58999997,-.72000003,-3.6700001,-.95999998,-1.71,-.31,-2.78,-.97000003,-1.5,2005m3,-3.809999898076057,-.7999999672174454,-.9300000220537186,-3.880000069737434,-1.169999971985817,-1.920000031590462,-.5199999958276749,-2.98999996483326,-1.180000022053719,-1.709999993443489
200504,.20999999,-4.6700001,-3.22,-3.0999999,-3.71,-1.67,.19,-1.8,-2.1199999,-2.02,-3.02,2005m4,-4.880000069737434,-3.430000022053719,-3.309999898076057,-3.920000031590462,-1.879999950528145,-.0199999958276749,-2.009999945759773,-2.329999879002571,-2.229999974370003,-3.229999974370003
200505,.23999999,6.23,4.6399999,6.1199999,5.4699998,4.0799999,2.3,3.52,3.46,1.78,4.6500001,2005m5,5.990000024437904,4.399999871850014,5.8799998909235,5.229999795556068,3.839999929070473,2.059999957680702,3.279999986290932,3.220000043511391,1.539999976754189,4.41000010073185
200506,.23,.43000001,0,1.04,1.21,.43000001,1.24,.1,.88999999,.38,1.0700001,2005m6,.2000000029802322,-.2300000041723251,.8099999576807022,.9800000339746475,.2000000029802322,1.010000005364418,-.130000002682209,.6599999815225601,.1499999910593033,.8400000482797623
200507,.23999999,6.4000001,3.29,5.25,5.5599999,3.4100001,4.8299999,2.24,4.5,3.6600001,3.05,2005m7,6.16000010073185,3.049999967217445,5.010000005364418,5.319999948143959,3.170000091195107,4.589999929070473,2.000000014901161,4.260000005364418,3.420000091195107,2.809999957680702
200508,.30000001,.029999999,-.14,1,-.87,.13,-1.91,-1.91,-2.4200001,.19,-2.5999999,2005m8,-.2700000125914812,-.4400000125169754,.699999988079071,-1.170000016689301,-.1700000166893005,-2.209999978542328,-2.209999978542328,-2.720000088214874,-.1100000143051147,-2.899999916553497
200509,.28999999,1.87,-.15000001,.16,1.03,1.71,1.22,.28,-.44,1.77,.47,2005m9,1.580000013113022,-.4399999976158142,-.1299999952316284,.7399999797344208,1.420000046491623,.9300000369548798,-.0099999904632568,-.7299999892711639,1.479999989271164,.1800000071525574
200510,.27000001,-3.53,-.090000004,-.41,-.34,-1.53,-2.49,-1.62,-.50999999,-3.24,-2.8099999,2005m10,-3.799999982118607,-.3600000143051147,-.6800000071525574,-.6100000143051147,-1.799999982118607,-2.760000020265579,-1.890000015497208,-.7800000011920929,-3.510000020265579,-3.079999953508377
200511,.31,3.9000001,4.0799999,5.5100002,5.3000002,5.4400001,3.3499999,3.8800001,3.22,2.75,2.76,2005m11,3.590000092983246,3.769999921321869,5.20000022649765,4.990000188350677,5.130000054836273,3.039999902248383,3.570000112056732,2.910000026226044,2.439999997615814,2.449999988079071
200512,.31999999,2.29,-.80000001,-1.4,.34999999,-.07,.23999999,1.53,-.73000002,-.2,.37,2005m12,1.969999969005585,-1.120000004768372,-1.719999969005585,.0300000011920929,-.3899999931454659,-.0799999982118607,1.209999978542328,-1.050000011920929,-.5199999958276749,.050000011920929
200601,.34999999,5.3299999,3.5799999,4.6700001,1.05,3,4.4200001,3.8900001,1.27,3.9000001,4.04,2006m1,4.979999929666519,3.229999929666519,4.32000008225441,.6999999582767487,2.650000005960464,4.07000008225441,3.540000110864639,.9199999868869781,3.550000101327896,3.689999967813492
200602,.34,-.33000001,-1.35,-.029999999,1,-.15000001,1.12,1.09,.69,-1.14,-.15000001,2006m2,-.6700000166893005,-1.690000027418137,-.3700000029057264,.6599999964237213,-.4900000095367432,.7800000011920929,.7500000298023224,.3499999940395355,-1.479999989271164,-.4900000095367432
200603,.37,2.8,1.4,1.52,2.8699999,2.04,3.52,.63,.61000001,1.97,1.35,2006m3,2.429999947547913,1.029999971389771,1.149999976158142,2.49999988079071,1.669999957084656,3.149999976158142,.2599999904632568,.2400000095367432,1.600000023841858,.9800000190734863
200604,.36000001,-.23,2.03,-1.71,1.6799999,1.95,1.5700001,1.5599999,-.1,2.48,.64999998,2006m4,-.5900000184774399,1.669999957084656,-2.070000052452087,1.319999933242798,1.590000033378601,1.210000038146973,1.199999928474426,-.4600000157952309,2.120000004768372,.2899999618530273
200605,.43000001,-4.7199998,-1.35,-3.5699999,-2.79,-3.27,-4.1900001,-3.6800001,-2.54,-2.23,-2.8199999,2006m5,-5.149999797344208,-1.780000030994415,-3.999999940395355,-3.219999969005585,-3.699999988079071,-4.620000064373016,-4.11000007390976,-2.969999969005585,-2.660000026226044,-3.249999940395355
200606,.40000001,-1.52,.16,-.28999999,-2.0699999,-.93000001,.2,1.28,1.03,.97000003,-.19,2006m6,-1.919999986886978,-.2400000095367432,-.6899999976158142,-2.469999939203262,-1.330000013113022,-.2000000029802322,.879999965429306,.629999965429306,.570000022649765,-.5900000035762787
200607,.40000001,-3.3599999,-1.28,-2.8199999,-1.23,-.66000003,.88,.63,.1,1.91,-2.1500001,2006m7,-3.75999990105629,-1.679999977350235,-3.219999939203262,-1.630000025033951,-1.060000032186508,.4799999892711639,.2299999892711639,-.3000000044703484,1.509999960660934,-2.550000101327896
200608,.41999999,4.5300002,3.24,3.5899999,2.1400001,2.3900001,1.78,2.3399999,2.51,.89999998,3.5699999,2006m8,4.110000222921371,2.820000022649765,3.169999927282333,1.720000118017197,1.970000118017197,1.359999984502792,1.919999927282333,2.090000003576279,.4799999892711639,3.14999994635582
200609,.41,.41,2.49,1.58,2.7,4.0100002,2.6800001,1.96,3.76,.14,1.3099999,2006m9,0,2.080000013113022,1.170000046491623,2.290000051259995,3.600000232458115,2.270000070333481,1.550000041723251,3.349999994039536,-.2699999958276749,.8999999463558197
200610,.41,4.8699999,5.6199999,2.5899999,4.7199998,2.6099999,3.6199999,1.76,2.8499999,5.0900002,3.76,2006m10,4.459999889135361,5.209999889135361,2.17999991774559,4.309999793767929,2.199999898672104,3.209999889135361,1.349999994039536,2.439999908208847,4.680000156164169,3.349999994039536
200611,.41999999,2.3699999,2.45,2.8099999,.86000001,2.8499999,.66000003,1.55,1.26,4.0999999,2.25,2006m11,1.949999898672104,2.030000060796738,2.389999955892563,.4400000274181366,2.42999991774559,.2400000393390656,1.129999965429306,.8400000035762787,3.67999991774559,1.830000013113022
200612,.40000001,1.26,2.1900001,.69,2.25,1.64,3.29,.63,.82999998,.60000002,-.38,2006m12,.8599999845027924,1.790000051259995,.2899999916553497,1.849999994039536,1.239999979734421,2.889999955892563,.2299999892711639,.429999977350235,.2000000178813934,-.7800000011920929
200701,.44,2.8599999,1.58,1.88,1.97,.44999999,2.6400001,1.61,2.21,.72000003,2.8599999,2007m1,2.419999897480011,1.14000004529953,1.439999997615814,1.530000030994415,.0099999904632568,2.200000107288361,1.170000016689301,1.770000040531158,.2800000309944153,2.419999897480011
200702,.38,-.74000001,-1.98,.13,-.47,-1.74,-3,-1.36,-2.02,-2.3699999,-.17,2007m2,-1.120000004768372,-2.360000014305115,-.25,-.8499999940395355,-2.120000004768372,-3.379999995231628,-1.740000009536743,-2.399999976158142,-2.74999988079071,-.5499999970197678
200703,.43000001,.86000001,1.01,1.12,1.97,1.66,.43000001,.74000001,.57999998,2.0799999,1.48,2007m3,.4300000071525574,.5799999833106995,.6899999976158142,1.540000021457672,1.229999959468842,0,.3100000023841858,.1499999761581421,1.649999916553497,1.050000011920929
200704,.44,4,3.1099999,3.47,2.3199999,3.4400001,4.6199999,3.22,4.8099999,4.6300001,5.4099998,2007m4,3.560000002384186,2.669999897480011,3.030000030994415,1.879999935626984,3.000000059604645,4.179999887943268,2.780000030994415,4.369999945163727,4.190000116825104,4.969999849796295
200705,.41,2.8499999,2.25,4,3.6300001,4.6599998,1.83,3.76,3.1300001,4.9400001,4.21,2007m5,2.439999908208847,1.840000003576279,3.590000003576279,3.220000118017197,4.249999850988388,1.420000046491623,3.349999994039536,2.720000118017197,4.530000060796738,3.800000041723251
200706,.40000001,-.94,-1.27,-1.97,-1.97,-.52999997,-3.46,-2.3900001,-1.65,-.67000002,-.91000003,2007m6,-1.340000003576279,-1.669999986886978,-2.370000034570694,-2.370000034570694,-.929999977350235,-3.860000044107437,-2.790000110864639,-2.049999982118607,-1.070000022649765,-1.310000032186508
200707,.40000001,-3.6900001,-5.6700001,-3.5799999,-4.1399999,-2.3599999,-4.2600002,-2.95,-3.51,-2.5,-1.1,2007m7,-4.090000063180923,-6.07000008225441,-3.979999929666519,-4.53999987244606,-2.75999990105629,-4.6600002348423,-3.35000005364418,-3.909999996423721,-2.900000005960464,-1.500000029802322
200708,.41999999,1.73,.50999999,1.5700001,2.78,1.4400001,1.95,2.1300001,1.15,1.3,.07,2007m8,1.310000032186508,.0900000035762787,1.150000065565109,2.359999984502792,1.020000070333481,1.530000060796738,1.71000012755394,.7299999892711639,.879999965429306,-.3499999865889549
200709,.31999999,4.3299999,3.3399999,2.8900001,2.02,5.3299999,2.3,2.8399999,3.1900001,4.4299998,4.79,2007m9,4.009999930858612,3.019999921321869,2.570000112056732,1.699999988079071,5.009999930858612,1.979999959468842,2.519999921321869,2.870000064373016,4.10999983549118,4.469999969005585
200710,.31999999,.94,.50999999,3.0799999,.13,6.96,.16,1.27,1.5599999,4.8600001,1.2,2007m10,.6200000047683716,.1899999976158142,2.759999930858612,-.1899999976158142,6.64000004529953,-.1599999964237213,.949999988079071,1.239999949932098,4.540000140666962,.8800000548362732
200711,.34,-7.4299998,-7.7600002,-2.28,-6.8400002,-2.5999999,-5.8000002,-5.4299998,-1.92,-2.6600001,-4.98,2007m11,-7.769999831914902,-8.100000232458115,-2.619999974966049,-7.180000156164169,-2.939999908208847,-6.140000194311142,-5.769999831914902,-2.259999960660934,-3.000000089406967,-5.320000022649765
200712,.27000001,-1.7,-.94,-.91000003,-1.23,.60000002,-3.1199999,-1.83,-.19,1.78,.68000001,2007m12,-1.970000058412552,-1.21000000834465,-1.18000003695488,-1.500000029802322,.3300000131130219,-3.389999896287918,-2.10000005364418,-.4600000083446503,1.509999960660934,.4099999964237213
200801,.20999999,-9.75,-6.3600001,-5.2600002,-7.4000001,-10.7,-3.3499999,-5.5599999,-3.71,-6.1100001,-6.8400002,2008m1,-9.959999993443489,-6.570000126957893,-5.470000222325325,-7.610000088810921,-10.90999980270863,-3.559999898076057,-5.76999993622303,-3.920000031590462,-6.320000126957893,-7.05000014603138
200802,.13,-3.47,-3.25,-.49000001,-5.8200002,-4.4000001,-5.75,-4.9899998,-2.22,-1.37,.69,2008m2,-3.600000023841858,-3.379999995231628,-.6200000047683716,-5.950000166893005,-4.53000009059906,-5.879999995231628,-5.119999766349792,-2.350000023841858,-1.5,.5600000023841858
200803,.17,-2.6400001,1.33,-.99000001,-5.0300002,1,.68000001,-2.6600001,.1,.43000001,-1.12,2008m3,-2.810000106692314,1.160000041127205,-1.160000011324883,-5.200000211596489,.8299999982118607,.510000005364418,-2.830000087618828,-.0700000002980232,.260000005364418,-1.290000006556511
200804,.18000001,6.4000001,2.9300001,2.8399999,5.71,7.02,2.74,4.4000001,4.7399998,3.8499999,6.23,2008m4,6.220000088214874,2.750000059604645,2.659999907016754,5.530000030994415,6.839999973773956,2.560000002384186,4.220000088214874,4.559999763965607,3.669999897480011,6.050000011920929
200805,.18000001,3.76,3.3499999,3.1500001,-.2,3.74,-1.23,1.47,1.6900001,3.76,2.6099999,2008m5,3.579999983310699,3.169999897480011,2.970000088214874,-.3800000101327896,3.560000002384186,-1.410000026226044,1.290000021457672,1.510000050067902,3.579999983310699,2.429999887943268
200806,.17,-9.4399996,-12.76,-8.8500004,-11.54,-8.8599997,-11.66,-10.73,-5.5999999,-4.8299999,-5.3099999,2008m6,-9.60999958217144,-12.93000023066998,-9.020000383257866,-11.70999996364117,-9.029999658465385,-11.82999984920025,-10.89999954402447,-5.769999906420708,-4.999999925494194,-5.47999994456768
200807,.15000001,.0099999998,.80000001,-.38999999,1.98,5.6999998,-1.53,-.81999999,1.2,-7.1599998,.41,2008m7,-.1400000061839819,.6500000059604645,-.5399999916553497,1.830000013113022,5.549999803304672,-1.679999977350235,-.9699999988079071,1.050000041723251,-7.309999853372574,.2599999904632568
200808,.13,.87,-.75,1.38,.79000002,1.96,1.89,1.85,2.4400001,1.79,1.66,2008m8,.7400000095367432,-.8799999952316284,1.25,.6600000262260437,1.830000042915344,1.759999990463257,1.720000028610229,2.310000061988831,1.659999966621399,1.529999971389771
200809,.15000001,-10.59,-18.82,-8.3999996,-11.41,-4.6399999,-9.1499996,-9.7200003,-7.3099999,-8.8999996,-8.4899998,2008m9,-10.74000015854836,-18.96999970078468,-8.549999624490738,-11.55999985337257,-4.78999987244606,-9.299999624490738,-9.870000272989273,-7.459999948740005,-9.049999624490738,-8.639999777078629
200810,.079999998,-26.01,-23.77,-16.370001,-21.129999,-19.059999,-15.21,-15.2,-14.27,-15.54,-17.290001,2008m10,-26.0900002270937,-23.85000045597553,-16.45000083744526,-21.20999915897846,-19.13999946415424,-15.29000003635883,-15.279999807477,-14.35000045597553,-15.61999996006489,-17.3700009137392
200811,.029999999,-17.76,-13.11,-11.03,-7.8699999,-10.29,-9.3400002,-6.0599999,-6.6399999,-1.23,-7.9200001,2008m11,-17.79000022821128,-13.13999965600669,-11.05999973230064,-7.89999988488853,-10.31999996118248,-9.370000151917338,-6.089999942108989,-6.669999865815043,-1.260000018402934,-7.950000075623393
200812,0,.28999999,6.8800001,1.1,6.2800002,-.91000003,2.5999999,.46000001,4.1700001,-.80000001,2.6300001,2008m12,.2899999916553497,6.880000114440918,1.100000023841858,6.28000020980835,-.9100000262260437,2.599999904632568,.4600000083446503,4.170000076293945,-.800000011920929,2.630000114440918
200901,0,-8.1000004,-7.8099999,-7.6799998,-6.5500002,-14.73,-7.9400001,-10.98,-5.5700002,-6.25,-5.75,2009m1,-8.100000381469727,-7.809999942779541,-7.679999828338623,-6.550000190734863,-14.72999954223633,-7.940000057220459,-10.97999954223633,-5.570000171661377,-6.25,-5.75
200902,.0099999998,-12.21,-10.77,-11.13,-11.12,-13.18,-11.18,-8.3400002,-10.65,-10.26,-6.6900001,2009m2,-12.22000003792346,-10.78000045754015,-11.1400001142174,-11.12999988533556,-13.19000030495226,-11.19000030495226,-8.350000152364373,-10.65999961830676,-10.27000022865832,-6.700000056996942
200903,.02,15.4,13.39,8.54,9.1300001,8.6099997,7.7800002,9.3400002,9.3800001,6.1799998,9.0600004,2009m3,15.37999961897731,13.37000034376979,8.519999962300062,9.110000114887953,8.589999657124281,7.760000210255384,9.320000153034925,9.360000114887953,6.159999828785658,9.040000420063734
200904,.0099999998,13.96,15.27,10.25,10.09,14.87,10.25,9.8100004,6.5999999,7.8899999,10.63,2009m4,13.95000003837049,15.26000045798719,10.24000000022352,10.08000015281141,14.8599998857826,10.24000000022352,9.800000419840217,6.589999904856086,7.879999866709113,10.62000011466444
200905,0,6.6700001,8.8800001,3.4100001,4.2199998,4.5,4.21,3.77,7.52,4.8099999,4.3099999,2009m5,6.670000076293945,8.880000114440918,3.410000085830688,4.21999979019165,4.5,4.210000038146973,3.769999980926514,7.519999980926514,4.809999942779541,4.309999942779541
200906,.0099999998,2.49,-.68000001,.37,.5,1.95,1.1799999,-1.24,.38,-.80000001,3.1500001,2009m6,2.480000009760261,-.69000000692904,.360000004991889,.4900000002235174,1.940000047907233,1.16999994777143,-1.250000009313226,.3699999954551458,-.8100000116974115,3.140000095590949
200907,.0099999998,9.8500004,6.8699999,8.3199997,10.03,9.1800003,9.6700001,8.7700005,6.1199999,7.25,5.4000001,2009m7,9.840000381693244,6.859999885782599,8.309999695047736,10.01999973319471,9.170000305399299,9.660000076517463,8.760000457987189,6.109999885782599,7.240000000223517,5.390000095590949
200908,.0099999998,9.2299995,4.2399998,8.2700005,1.92,3.0699999,2.21,3.9000001,1.67,2.04,1.76,2009m8,9.219999542459846,4.229999771341681,8.260000457987189,1.909999957308173,3.059999933466315,2.20000003837049,3.890000095590949,1.659999957308173,2.029999962076545,1.749999990686774
200909,.0099999998,5.6399999,5.46,2.2,3.9300001,5.6999998,7.0900002,1.72,3.21,4.4400001,3.5899999,2009m9,5.629999866709113,5.45000003837049,2.190000047907233,3.92000006698072,5.689999809488654,7.080000152811408,1.710000028833747,3.20000003837049,4.430000057443976,3.579999914392829
200910,0,-8.4200001,-5.23,-5.2800002,-2.96,-5.1900001,-2.97,-1.25,-.88999999,-.63999999,.99000001,2009m10,-8.420000076293945,-5.230000019073486,-5.28000020980835,-2.960000038146973,-5.190000057220459,-2.970000028610229,-1.25,-.8899999856948853,-.6399999856948853,.9900000095367432
200911,0,3.4200001,3.5999999,4.5300002,2.6199999,5.8200002,6.25,7.3400002,6.3400002,5.9000001,5.4899998,2009m11,3.420000076293945,3.599999904632568,4.53000020980835,2.619999885559082,5.820000171661377,6.25,7.340000152587891,6.340000152587891,5.900000095367432,5.489999771118164
200912,.0099999998,4.4299998,3.04,2.29,5.9699998,4.6100001,2.54,2.8900001,3.74,2.48,.25,2009m12,4.41999982856214,3.029999962076545,2.279999962076545,5.959999790415168,4.600000133737922,2.529999962076545,2.880000105127692,3.730000009760261,2.470000019297004,.2400000002235174
201001,0,-3.8399999,-1.04,-2.0799999,-3.26,-4.6900001,-2.6099999,-3.3299999,-4.0300002,-4.0900002,-4.8200002,2010m1,-3.839999914169312,-1.039999961853027,-2.079999923706055,-3.259999990463257,-4.690000057220459,-2.609999895095825,-3.329999923706055,-4.03000020980835,-4.090000152587891,-4.820000171661377
201002,0,4.4899998,4.5,4.1100001,4.1199999,3.1700001,3.3599999,2.75,2.3299999,3.1800001,3.74,2010m2,4.489999771118164,4.5,4.110000133514404,4.119999885559082,3.170000076293945,3.359999895095825,2.75,2.329999923706055,3.180000066757202,3.740000009536743
201003,.0099999998,8.0100002,6.4899998,7.2399998,5.9299998,9.3000002,7.1799998,4.7399998,5.4200001,5.54,5.04,2010m3,8.000000229105353,6.479999771341681,7.229999771341681,5.91999982856214,9.290000190958381,7.16999982856214,4.729999771341681,5.410000076517463,5.529999962076545,5.029999962076545
201004,.0099999998,5.4200001,.77999997,.88999999,3.3699999,2.6400001,2.1800001,.43000001,.85000002,3.3,1.83,2010m4,5.410000076517463,.7699999716132879,.8799999859184027,3.359999885782599,2.630000105127692,2.17000006698072,.4200000073760748,.8400000240653753,3.289999952539802,1.820000043138862
201005,.0099999998,-9,-6.7800002,-9.1599998,-7.2600002,-7.71,-7.1599998,-7.5900002,-7.4299998,-8.1999998,-8.1300001,2010m5,-9.009999999776483,-6.790000209584832,-9.169999847188592,-7.270000228658319,-7.720000037923455,-7.169999847188592,-7.600000152364373,-7.439999828115106,-8.209999809041619,-8.140000114217401
201006,.0099999998,-9.1999998,-2.51,-6.9099998,-4.9899998,-6.02,-5.4699998,-6.3400002,-3.8199999,-5.7199998,-5.5300002,2010m6,-9.209999809041619,-2.519999990239739,-6.919999847188592,-4.999999770894647,-6.029999980702996,-5.479999789968133,-6.350000152364373,-3.82999993301928,-5.729999789968133,-5.540000209584832
201007,.0099999998,6.8600001,7.25,5,6.5799999,7.77,7.5500002,6.4299998,7.5100002,5.9899998,7.75,2010m7,6.850000133737922,7.240000000223517,4.990000000223517,6.569999923929572,7.759999981150031,7.540000190958381,6.41999982856214,7.500000229105353,5.979999771341681,7.740000000223517
201008,.0099999998,-7.8400002,-7.6300001,-3.4300001,-6.9899998,-2.48,-7.0300002,-4.1500001,-3.52,-3.99,-4.9099998,2010m8,-7.850000152364373,-7.640000114217401,-3.440000066533685,-6.999999770894647,-2.490000018849969,-7.040000209584832,-4.160000095143914,-3.529999980702996,-4.000000009313226,-4.919999847188592
201009,.0099999998,10.19,10.75,9.2700005,9.7600002,9.5600004,8.8800001,8.9200001,8.7700005,10.9,8.9200001,2010m9,10.17999958060682,10.74000000022352,9.260000457987189,9.750000229105353,9.550000419840217,8.870000114664435,8.910000076517463,8.760000457987189,10.88999961875379,8.910000076517463
201010,.0099999998,2.7,4.0599999,2.28,.74000001,3.78,3.4200001,4.6999998,4.4899998,3.79,5.3899999,2010m10,2.690000047907233,4.049999943003058,2.269999971613288,.7300000097602606,3.769999971613288,3.410000076517463,4.689999809488654,4.479999771341681,3.779999962076545,5.379999866709113
201011,.0099999998,1.54,1.67,.97000003,.69999999,.85000002,-1.76,-.70999998,2,.85000002,-.91000003,2010m11,1.529999962076545,1.659999957308173,.9600000288337469,.6899999883025885,.8400000240653753,-1.769999990239739,-.7199999783188105,1.990000000223517,.8400000240653753,-.9200000260025263
201012,.0099999998,12.31,9.6000004,6.4000001,9.96,5.9299998,7.0900002,7.5,5.48,5.0999999,5.1500001,2010m12,12.30000041984022,9.590000381693244,6.390000095590949,9.95000003837049,5.91999982856214,7.080000152811408,7.490000000223517,5.470000019297004,5.089999904856086,5.140000095590949
201101,.0099999998,3.1600001,3.24,.69999999,3.73,3.04,2.5799999,2.0899999,2.25,1.02,1.4400001,2011m1,3.150000086054206,3.230000009760261,.6899999883025885,3.720000019297004,3.029999962076545,2.569999923929572,2.079999914392829,2.240000000223517,1.009999981150031,1.430000057443976
201102,.0099999998,3.71,3.5899999,5.9899998,5.02,4.8600001,1.76,4.4899998,2.6600001,2.99,2.75,2011m2,3.70000003837049,3.579999914392829,5.979999771341681,5.009999981150031,4.850000133737922,1.749999990686774,4.479999771341681,2.650000086054206,2.980000009760261,2.740000000223517
201103,.0099999998,-.40000001,-1.25,-.63,-.28999999,1.03,.43000001,1,.72000003,.97000003,1.12,2011m3,-.4100000057369471,-1.259999999776483,-.639999995008111,-.2999999914318323,1.019999971613288,.4200000073760748,.9900000002235174,.7100000288337469,.9600000288337469,1.110000004991889
201104,0,1.6,1.1900001,2.48,2.0799999,3.6900001,2.6500001,2.8099999,3.26,3.4200001,3.9200001,2011m4,1.600000023841858,1.190000057220459,2.480000019073486,2.079999923706055,3.690000057220459,2.650000095367432,2.809999942779541,3.259999990463257,3.420000076293945,3.920000076293945
201105,0,-4.71,-2.4400001,-2.27,-2.01,-.54000002,-.79000002,-1.24,-1.58,-.88,.85000002,2011m5,-4.710000038146973,-2.440000057220459,-2.269999980926514,-2.009999990463257,-.5400000214576721,-.7900000214576721,-1.240000009536743,-1.580000042915344,-.8799999952316284,.8500000238418579
201106,0,-3.27,-4.1900001,-2.1199999,-2.3499999,-1.96,-1.91,-1.64,-.86000001,-1.3,-.56,2011m6,-3.269999980926514,-4.190000057220459,-2.119999885559082,-2.349999904632568,-1.960000038146973,-1.909999966621399,-1.639999985694885,-.8600000143051147,-1.299999952316284,-.5600000023841858
201107,0,-3.6199999,-5.5599999,-4.1599998,-3.96,-2.1400001,-1.98,-2.54,-2.3599999,-.77999997,.38,2011m7,-3.619999885559082,-5.559999942779541,-4.159999847412109,-3.960000038146973,-2.140000104904175,-1.980000019073486,-2.539999961853027,-2.359999895095825,-.7799999713897705,.3799999952316284
201108,.0099999998,-10.73,-9.6300001,-9.6599998,-6.9699998,-7.52,-5.8600001,-4.4000001,-4.8099999,-5.0500002,-4.0900002,2011m8,-10.73999954201281,-9.640000114217401,-9.669999847188592,-6.979999789968133,-7.529999980702996,-5.870000133290887,-4.410000095143914,-4.819999942556024,-5.060000190511346,-4.100000152364373
201109,0,-11.35,-10.2,-11.22,-9.3299999,-9,-7.4000001,-6.02,-6.5999999,-5.1599998,-7.6599998,2011m9,-11.35000038146973,-10.19999980926514,-11.22000026702881,-9.329999923706055,-9,-7.400000095367432,-6.019999980926514,-6.599999904632568,-5.159999847412109,-7.659999847412109
201110,0,12.45,15.13,16.92,12.73,14.5,11.94,8.6599998,10.56,10.38,9.6700001,2011m10,12.44999980926514,15.13000011444092,16.92000007629395,12.72999954223633,14.5,11.9399995803833,8.659999847412109,10.5600004196167,10.38000011444092,9.670000076293945
201111,0,-1.6799999,-2.99,-1.29,-.93000001,-.36000001,.75999999,.16,.12,-.55000001,1.39,2011m11,-1.679999947547913,-2.990000009536743,-1.289999961853027,-.9300000071525574,-.3600000143051147,.7599999904632568,.1599999964237213,.119999997317791,-.550000011920929,1.389999985694885
201112,0,.34999999,-2.0699999,-1.11,2.3,-.13,2.25,1.59,.34,.76999998,.82999998,2011m12,.3499999940395355,-2.069999933242798,-1.110000014305115,2.299999952316284,-.1299999952316284,2.25,1.590000033378601,.3400000035762787,.7699999809265137,.8299999833106995
201201,0,8.71,7.4699998,5.6900001,6.5799999,7.0599999,2.49,3.0599999,2.5799999,6.7800002,6.1500001,2012m1,8.710000038146973,7.46999979019165,5.690000057220459,6.579999923706055,7.059999942779541,2.490000009536743,3.059999942779541,2.579999923706055,6.78000020980835,6.150000095367432
201202,0,6.6399999,4.1199999,4.6799998,5.48,3.1300001,2.6600001,4.9000001,3.3099999,6.2199998,4.0599999,2012m2,6.639999866485596,4.119999885559082,4.679999828338623,5.480000019073486,3.130000114440918,2.660000085830688,4.900000095367432,3.309999942779541,6.21999979019165,4.059999942779541
201203,0,2.95,3.3699999,2.5799999,4.4699998,2.95,2.52,2.96,1.9299999,5.1700001,2.3299999,2012m3,2.950000047683716,3.369999885559082,2.579999923706055,4.46999979019165,2.950000047683716,2.519999980926514,2.960000038146973,1.929999947547913,5.170000076293945,2.329999923706055
201204,0,.059999999,-3.3800001,-1.3200001,-1.65,-2.04,-.54000002,.36000001,-.83999997,-.60000002,.37,2012m4,.0599999986588955,-3.380000114440918,-1.320000052452087,-1.649999976158142,-2.039999961853027,-.5400000214576721,.3600000143051147,-.8399999737739563,-.6000000238418579,.3700000047683716
201205,.0099999998,-7.1399999,-9.0200005,-8.2700005,-5.7199998,-9.0200005,-5.6599998,-4.5599999,-5.6300001,-4.48,-7.0799999,2012m5,-7.149999866262078,-9.030000457540154,-8.280000457540154,-5.729999789968133,-9.030000457540154,-5.669999847188592,-4.569999942556024,-5.640000114217401,-4.490000018849969,-7.089999923482537
201206,0,6.9099998,4.3899999,3.5699999,4.6900001,2.54,3.54,3.1900001,5.9299998,2.05,3.24,2012m6,6.909999847412109,4.389999866485596,3.569999933242798,4.690000057220459,2.539999961853027,3.539999961853027,3.190000057220459,5.929999828338623,2.049999952316284,3.240000009536743
201207,0,-2.95,-.97000003,.34,-.2,1.33,1.09,2.49,1.35,.5,.75999999,2012m7,-2.950000047683716,-.9700000286102295,.3400000035762787,-.2000000029802322,1.330000042915344,1.090000033378601,2.490000009536743,1.350000023841858,.5,.7599999904632568
201208,.0099999998,4.4099998,4.1300001,4.3299999,3.6400001,3.53,2.1400001,1.29,1.36,3.8199999,1.03,2012m8,4.399999847635627,4.120000114664435,4.319999923929572,3.630000105127692,3.519999971613288,2.130000105127692,1.279999962076545,1.350000014528632,3.809999933466315,1.019999971613288
201209,.0099999998,3.3,4.7199998,3.24,3.6099999,4.54,2.6199999,3.3299999,1.9400001,.72000003,2.5599999,2012m9,3.289999952539802,4.709999790415168,3.230000009760261,3.599999895319343,4.529999962076545,2.609999885782599,3.319999923929572,1.930000057443976,.7100000288337469,2.549999943003058
201210,.0099999998,-1.8099999,1.24,-.059999999,-3.71,-2.96,-.41999999,-.81,-1,-3.96,-1.41,2012m10,-1.819999942556024,1.230000009760261,-.0699999984353781,-3.720000037923455,-2.970000037923455,-.4299999866634607,-.8200000021606684,-1.009999999776483,-3.970000037923455,-1.419999966397882
201211,.0099999998,1.12,-.17,1.9,1.54,2.51,1.49,.11,-.41,.56,1.11,2012m11,1.110000004991889,-.1800000015646219,1.88999997638166,1.529999962076545,2.499999990686774,1.480000009760261,.099999999627471,-.4199999962002039,.5500000026077032,1.100000014528632
201212,.0099999998,3.1700001,4.4200001,2.1199999,2.1700001,3.0899999,.72000003,1.3200001,.36000001,-1.11,.68000001,2012m12,3.160000076517463,4.410000076517463,2.109999885782599,2.160000076517463,3.079999914392829,.7100000288337469,1.310000052675605,.3500000145286322,-1.120000014081597,.6700000073760748
201301,0,7.8800001,8.3199997,6.1999998,6.1500001,5.02,7.98,6.3000002,5.3600001,1.84,5.3699999,2013m1,7.880000114440918,8.319999694824219,6.199999809265137,6.150000095367432,5.019999980926514,7.980000019073486,6.300000190734863,5.360000133514404,1.840000033378601,5.369999885559082
201302,0,.44999999,1.78,1.92,1.27,1.0700001,.68000001,2.0799999,1.49,1.0700001,.93000001,2013m2,.449999988079071,1.779999971389771,1.919999957084656,1.269999980926514,1.070000052452087,.6800000071525574,2.079999923706055,1.490000009536743,1.070000052452087,.9300000071525574
201303,0,5.3699999,3.96,4.4299998,4.3800001,3.8199999,3.2,4.2199998,3.54,3.5899999,4.5999999,2013m3,5.369999885559082,3.960000038146973,4.429999828338623,4.380000114440918,3.819999933242798,3.200000047683716,4.21999979019165,3.539999961853027,3.589999914169312,4.599999904632568
201304,0,3.1900001,1.36,-1.1799999,-.38999999,1.05,1.2,2.6300001,1.46,2.71,1.47,2013m4,3.190000057220459,1.360000014305115,-1.179999947547913,-.3899999856948853,1.049999952316284,1.200000047683716,2.630000114440918,1.460000038146973,2.710000038146973,1.470000028610229
201305,0,5.0799999,7.0100002,3.1800001,3.74,3.5799999,2.7,.69,2.27,3.0699999,1.5599999,2013m5,5.079999923706055,7.010000228881836,3.180000066757202,3.740000009536743,3.579999923706055,2.700000047683716,.6899999976158142,2.269999980926514,3.069999933242798,1.559999942779541
201306,0,-1.27,-2.5599999,-.95999998,-.07,-.20999999,-.050000001,-.38,-1.55,-3.0799999,-1.77,2013m6,-1.269999980926514,-2.559999942779541,-.9599999785423279,-.0700000002980232,-.2099999934434891,-.0500000007450581,-.3799999952316284,-1.549999952316284,-3.079999923706055,-1.769999980926514
201307,0,8.5500002,8.29,6.1199999,6.4099998,4.6700001,5.7399998,5.6100001,5.0300002,5.3200002,4.4400001,2013m7,8.550000190734863,8.289999961853027,6.119999885559082,6.409999847412109,4.670000076293945,5.739999771118164,5.610000133514404,5.03000020980835,5.320000171661377,4.440000057220459
201308,0,-1.7,-2.6600001,-3.0699999,-2.6500001,-3.9400001,-3.1199999,-3.49,-3.2,-.31999999,-3.02,2013m8,-1.700000047683716,-2.660000085830688,-3.069999933242798,-2.650000095367432,-3.940000057220459,-3.119999885559082,-3.490000009536743,-3.200000047683716,-.3199999928474426,-3.019999980926514
201309,0,6.8600001,5.3099999,3.3299999,4.1100001,4.27,3.6199999,3.1700001,3.46,2.54,4.1399999,2013m9,6.860000133514404,5.309999942779541,3.329999923706055,4.110000133514404,4.269999980926514,3.619999885559082,3.170000076293945,3.460000038146973,2.539999961853027,4.139999866485596
201310,0,.039999999,3.3,2.54,3.8800001,5.04,4.6300001,4.6999998,3.6900001,5.7399998,4.4200001,2013m10,.0399999991059303,3.299999952316284,2.539999961853027,3.880000114440918,5.039999961853027,4.630000114440918,4.699999809265137,3.690000057220459,5.739999771118164,4.420000076293945
201311,0,3.5999999,2.53,3.8299999,2.3,1.59,2.46,3.49,3.77,3.8599999,2.97,2013m11,3.599999904632568,2.529999971389771,3.829999923706055,2.299999952316284,1.590000033378601,2.460000038146973,3.490000009536743,3.769999980926514,3.859999895095825,2.970000028610229
201312,0,3.22,3.4300001,2.97,3.5999999,4.52,1.52,1.47,3.26,1.75,2.8099999,2013m12,3.220000028610229,3.430000066757202,2.970000028610229,3.599999904632568,4.519999980926514,1.519999980926514,1.470000028610229,3.259999990463257,1.75,2.809999942779541
201401,0,2.5999999,-2.53,-2.9100001,-4.0599999,.11,-2.72,-3.0999999,-4.8000002,-4.6799998,-4.96,2014m1,2.599999904632568,-2.529999971389771,-2.910000085830688,-4.059999942779541,.1099999994039536,-2.720000028610229,-3.099999904632568,-4.800000190734863,-4.679999828338623,-4.960000038146973
201402,0,6.75,4.8000002,2.9400001,4.6900001,4.98,3.53,4.3099999,4.8600001,5.3899999,4.8400002,2014m2,6.75,4.800000190734863,2.940000057220459,4.690000057220459,4.980000019073486,3.529999971389771,4.309999942779541,4.860000133514404,5.389999866485596,4.840000152587891
201403,0,-4.6500001,-1.37,2.54,.87,-1.59,.47,2.1800001,.82999998,.75,.75999999,2014m3,-4.650000095367432,-1.370000004768372,2.539999961853027,.8700000047683716,-1.590000033378601,.4699999988079071,2.180000066757202,.8299999833106995,.75,.7599999904632568
201404,0,-5,-.82999998,-2.0799999,-.76999998,-1.48,.47,-.86000001,1.72,1.8099999,1.03,2014m4,-5,-.8299999833106995,-2.079999923706055,-.7699999809265137,-1.480000019073486,.4699999988079071,-.8600000143051147,1.720000028610229,1.809999942779541,1.029999971389771
201405,0,1.5,1.95,1.08,2.5699999,3.9100001,.67000002,1.74,1.39,3.3099999,1.34,2014m5,1.5,1.950000047683716,1.080000042915344,2.569999933242798,3.910000085830688,.6700000166893005,1.740000009536743,1.389999985694885,3.309999942779541,1.340000033378601
201406,0,7.6599998,4.5100002,3.05,2.1400001,2.9100001,1.9299999,2.51,1.8,2.5,.83999997,2014m6,7.659999847412109,4.510000228881836,3.049999952316284,2.140000104904175,2.910000085830688,1.929999947547913,2.509999990463257,1.799999952316284,2.5,.8399999737739563
201407,0,-5.6500001,-3.46,-2.6300001,-2.26,-2.6800001,-2.25,-2.24,-.28,-.73000002,-2.75,2014m7,-5.650000095367432,-3.460000038146973,-2.630000114440918,-2.259999990463257,-2.680000066757202,-2.25,-2.240000009536743,-.2800000011920929,-.7300000190734863,-2.75
201408,0,7.9899998,4.3299999,5.3400002,3.9200001,3.4200001,3.4300001,3.5,4.7600002,4.21,4.0100002,2014m8,7.989999771118164,4.329999923706055,5.340000152587891,3.920000076293945,3.420000076293945,3.430000066757202,3.5,4.760000228881836,4.210000038146973,4.010000228881836
201409,0,-4.8600001,-2.29,-2.28,-1.0700001,-2.95,-2.3,-1.51,-1.3200001,-2.3499999,-1.17,2014m9,-4.860000133514404,-2.289999961853027,-2.279999971389771,-1.070000052452087,-2.950000047683716,-2.299999952316284,-1.509999990463257,-1.320000052452087,-2.349999904632568,-1.169999957084656
201410,0,1.9299999,2.9200001,2.1400001,.89999998,2.8499999,3.6099999,2.54,2.1600001,2.9100001,2.1800001,2014m10,1.929999947547913,2.920000076293945,2.140000104904175,.8999999761581421,2.849999904632568,3.609999895095825,2.539999961853027,2.160000085830688,2.910000085830688,2.180000066757202
201411,0,-.80000001,2.3900001,2.77,.11,1.47,1.53,1.47,3.96,4.3899999,4.1199999,2014m11,-.800000011920929,2.390000104904175,2.769999980926514,.1099999994039536,1.470000028610229,1.529999971389771,1.470000028610229,3.960000038146973,4.389999866485596,4.119999885559082
201412,0,.050000001,.66000003,.14,.36000001,1.22,1.8099999,.23999999,-.60000002,-2.1600001,-.50999999,2014m12,.0500000007450581,.6600000262260437,.1400000005960464,.3600000143051147,1.220000028610229,1.809999942779541,.239999994635582,-.6000000238418579,-2.160000085830688,-.5099999904632568
201501,0,-2.1099999,-6.6300001,-3.74,-4.6100001,-4.4499998,-3.8900001,-3.3,-2.49,-.80000001,-2.3099999,2015m1,-2.109999895095825,-6.630000114440918,-3.740000009536743,-4.610000133514404,-4.449999809265137,-3.890000104904175,-3.299999952316284,-2.490000009536743,-.800000011920929,-2.309999942779541
201502,0,9.5699997,8.3299999,6.02,6.1199999,7.6599998,4.8899999,5.4099998,5.5300002,6.3200002,6.3899999,2015m2,9.569999694824219,8.329999923706055,6.019999980926514,6.119999885559082,7.659999847412109,4.889999866485596,5.409999847412109,5.53000020980835,6.320000171661377,6.389999866485596
201503,0,-.1,-1.22,-.85000002,-.47999999,-.81999999,-.1,-1.23,-1.72,-2.3699999,-.60000002,2015m3,-.1000000014901161,-1.220000028610229,-.8500000238418579,-.4799999892711639,-.8199999928474426,-.1000000014901161,-1.230000019073486,-1.720000028610229,-2.369999885559082,-.6000000238418579
201504,0,-.58999997,.66000003,.82999998,.58999997,.47999999,-.36000001,.38999999,1.77,.67000002,.27000001,2015m4,-.5899999737739563,.6600000262260437,.8299999833106995,.5899999737739563,.4799999892711639,-.3600000143051147,.3899999856948853,1.769999980926514,.6700000166893005,.2700000107288361
201505,0,4.6500001,1.71,1.64,1.86,1.58,1.08,1.2,.92000002,.83999997,1.15,2015m5,4.650000095367432,1.710000038146973,1.639999985694885,1.860000014305115,1.580000042915344,1.080000042915344,1.200000047683716,.9200000166893005,.8399999737739563,1.149999976158142
201506,0,-1.39,-.30000001,-1.92,-.47999999,-1.89,-.75,-1.8,-2.3599999,-2.1400001,-1.05,2015m6,-1.389999985694885,-.300000011920929,-1.919999957084656,-.4799999892711639,-1.889999985694885,-.75,-1.799999952316284,-2.359999895095825,-2.140000104904175,-1.049999952316284
201507,0,-.30000001,-.17,2.0899999,3.01,1.8099999,1.47,1.03,3.1300001,-1.0599999,2.8,2015m7,-.300000011920929,-.1700000017881393,2.089999914169312,3.009999990463257,1.809999942779541,1.470000028610229,1.029999971389771,3.130000114440918,-1.059999942779541,2.799999952316284
201508,0,-10.09,-5.6500001,-5.4400001,-5.3699999,-6.1999998,-6.5999999,-6.1900001,-5.98,-5.7399998,-5.6100001,2015m8,-10.09000015258789,-5.650000095367432,-5.440000057220459,-5.369999885559082,-6.199999809265137,-6.599999904632568,-6.190000057220459,-5.980000019073486,-5.739999771118164,-5.610000133514404
201509,0,-10,-4.9699998,-3.1099999,-2.6300001,-3.6300001,-1.83,-3.9300001,-1.48,-2.9400001,-2.3499999,2015m9,-10,-4.96999979019165,-3.109999895095825,-2.630000114440918,-3.630000114440918,-1.830000042915344,-3.930000066757202,-1.480000019073486,-2.940000057220459,-2.349999904632568
201510,0,5.27,7.3499999,7.1999998,9.5600004,7.5,6.98,7.3000002,8.0299997,8.6800003,7.52,2015m10,5.269999980926514,7.349999904632568,7.199999809265137,9.560000419616699,7.5,6.980000019073486,7.300000190734863,8.029999732971191,8.680000305175781,7.519999980926514
201511,0,3.8800001,2.4100001,.56,2.05,1.35,-.16,.0099999998,1.13,-.5,-.36000001,2015m11,3.880000114440918,2.410000085830688,.5600000023841858,2.049999952316284,1.350000023841858,-.1599999964237213,.0099999997764826,1.129999995231628,-.5,-.3600000143051147
201512,.0099999998,-3.26,-4.7399998,-3.52,-.92000002,-3.3900001,-1.35,-2.03,-.99000001,-4.1900001,-1.23,2015m12,-3.269999990239739,-4.749999770894647,-3.529999980702996,-.9300000164657831,-3.400000104680657,-1.36000002361834,-2.039999971166253,-1.000000009313226,-4.200000056996942,-1.240000018849969
201601,.0099999998,-20.02,-10.01,-2.5699999,-6.9899998,-6.0999999,-3.72,-6.48,-3.9000001,-7.3299999,-4.1199999,2016m1,-20.03000045754015,-10.02000022865832,-2.57999993301928,-6.999999770894647,-6.109999904409051,-3.730000028386712,-6.490000018849969,-3.910000095143914,-7.339999923482537,-4.129999885335565
201602,.02,-2.8099999,-3.4100001,-.69,-1.22,1.14,-.60000002,-.69,.43000001,1.48,1.48,2016m2,-2.829999942332506,-3.430000085383654,-.7099999971687794,-1.240000028163195,1.11999998614192,-.6200000233948231,-.7099999971687794,.4100000075995922,1.460000019520521,1.460000019520521
201603,.02,8.1499996,6.8200002,6.7800002,8.0900002,7.9200001,4.9099998,7.1300001,6.5100002,8,6.8499999,2016m3,8.129999618977308,6.800000172108412,6.760000210255384,8.070000153034925,7.90000007674098,4.889999847859144,7.110000114887953,6.490000229328871,7.980000000447035,6.829999905079603
201604,.0099999998,3.7,4.3800001,2.4300001,-.44,2.0599999,2.8599999,2.5999999,.12,-2.22,-.44999999,2016m4,3.690000047907233,4.370000114664435,2.42000006698072,-.4499999973922968,2.049999943003058,2.849999895319343,2.589999904856086,.1099999975413084,-2.230000028386712,-.4599999878555536
201605,.0099999998,2.3900001,2.8299999,1.78,2.05,2.22,1.86,.82999998,2.1600001,2.8199999,.11,2016m5,2.380000105127692,2.819999923929572,1.769999971613288,2.039999952539802,2.210000028833747,1.850000014528632,.8199999835342169,2.150000086054206,2.809999933466315,.099999999627471
201606,.02,-2.8299999,-2.3499999,-1.23,-1.48,.2,.51999998,-.059999999,.93000001,-1.35,1.75,2016m6,-2.84999992325902,-2.369999904185534,-1.250000018626451,-1.500000018626451,.1800000034272671,.4999999813735485,-.0799999982118607,.9100000075995922,-1.370000023394823,1.730000000447035
201607,.02,6.3699999,1.62,2.5,4.0599999,4.6500001,3.52,2.55,5.1100001,5.0599999,4.1700001,2016m7,6.349999886006117,1.600000005215406,2.480000000447035,4.039999943226576,4.630000095814466,3.499999981373549,2.529999952763319,5.090000133961439,5.039999943226576,4.15000007674098
201608,.02,1.12,2.27,3.4300001,-.22,.34999999,1.3099999,.63,-.31999999,.059999999,-.69,2016m8,1.100000005215406,2.249999981373549,3.410000067204237,-.2399999983608723,.3299999944865704,1.289999943226576,.6099999956786633,-.3399999924004078,.0399999991059303,-.7099999971687794
201609,.02,5.0999999,1.2,-.60000002,.19,1.05,-1.22,-.60000002,.1,.88999999,.37,2016m9,5.079999905079603,1.180000048130751,-.6200000233948231,.169999998062849,1.029999952763319,-1.240000028163195,-.6200000233948231,.080000001937151,.8699999861419201,.3500000052154064
201610,.02,-8.6800003,-.46000001,-.75,.31,-1.88,-.68000001,-1.74,-3.46,-3.24,-1.86,2016m10,-8.700000304728746,-.4800000078976154,-.7699999995529652,.2900000028312206,-1.899999994784594,-.7000000067055225,-1.760000009089708,-3.480000037699938,-3.260000009089708,-1.88000001385808
201611,.0099999998,7.5799999,5.6399999,8.2299995,4.21,6.23,5.6199999,3.8399999,4.4400001,5.0300002,3.3699999,2016m11,7.569999923929572,5.629999866709113,8.219999542459846,4.20000003837049,6.220000019297004,5.609999885782599,3.829999914392829,4.430000057443976,5.020000210031867,3.359999885782599
201612,.029999999,-3.5899999,2.49,2.5699999,2.53,2.6700001,2.72,1.27,2.1700001,.55000001,2.0799999,2016m12,-3.619999913498759,2.460000010207295,2.53999993391335,2.499999972060323,2.640000076964498,2.690000029280782,1.239999981597066,2.140000076964498,.5200000125914812,2.049999924376607
201701,.039999999,5.4499998,1.17,-.1,1.8200001,1.4400001,.44,2.8099999,2.9200001,2.8699999,1.66,2017m1,5.409999810159206,1.129999957978725,-.1400000005960464,1.780000053346157,1.400000058114529,.3999999985098839,2.769999943673611,2.880000077188015,2.829999886453152,1.619999967515469
201702,.039999999,.039999999,1.37,3.1099999,3.6900001,3.0599999,5.0900002,3.53,2.78,3.22,5.2399998,2017m2,0,1.330000005662441,3.069999895989895,3.650000058114529,3.019999943673611,5.05000015348196,3.48999997228384,2.73999997228384,3.180000029504299,5.199999772012234
201703,.029999999,.25,-.56,-.67000002,-.25,.02,-1.17,.60000002,.63,.99000001,.61000001,2017m3,.2200000006705523,-.5900000017136335,-.7000000160187483,-.2799999993294477,-.0099999997764826,-1.199999956414104,.5700000245124102,.5999999959021807,.9600000102072954,.580000014975667
201704,.050000001,.23999999,-.039999999,-.0099999998,2.8499999,.81999999,-.039999999,.73000002,1.5599999,2.4200001,.95999998,2017m4,.1899999938905239,-.0899999998509884,-.0600000005215406,2.79999990388751,.7699999921023846,-.0899999998509884,.6800000183284283,1.509999942034483,2.370000075548887,.9099999777972698
201705,.059999999,-1.84,0,-.2,1.15,.77999997,.15000001,1.1900001,1.3,1.75,2.72,2017m5,-1.900000032037497,-.0599999986588955,-.2600000016391277,1.089999977499247,.719999972730875,.090000007301569,1.130000058561563,1.239999953657389,1.690000001341105,2.660000029951334
201706,.059999999,3.4400001,-.38,2.8199999,.28,1.67,2.98,1.8,.38999999,.039999999,-.81,2017m6,3.380000058561563,-.4399999938905239,2.759999934583902,.2200000025331974,1.60999995842576,2.920000020414591,1.739999953657389,.3299999870359898,-.0199999995529652,-.8700000010430813
201707,.07,2.26,2.3900001,2.9300001,1.0599999,2.05,2.6800001,1.89,2.4100001,1.9,.74000001,2017m7,2.189999990165234,2.320000104606152,2.860000066459179,.9899999424815178,1.979999952018261,2.610000066459179,1.819999985396862,2.340000085532665,1.829999975860119,.6700000092387199
201708,.090000004,1.79,-2.45,-.94,-1.64,.85000002,.52999997,.94,-.37,2.4000001,.47999999,2017m8,1.699999958276749,-2.540000051259995,-1.030000001192093,-1.729999989271164,.7600000202655792,.4399999678134918,.8499999940395355,-.4600000083446503,2.310000091791153,.3899999856948853
201709,.090000004,4.5300002,5.6500001,4.27,3.4400001,3.4200001,2.3900001,2.48,1.01,.54000002,3.53,2017m9,4.440000206232071,5.560000091791153,4.179999977350235,3.35000005364418,3.330000072717667,2.300000101327896,2.390000015497208,.9199999868869781,.4500000178813934,3.439999967813492
201710,.090000004,-.34,.83999997,2.53,.61000001,4.6799998,3.0899999,1.72,2.1600001,5.52,-.059999999,2017m10,-.4300000071525574,.7499999701976776,2.439999967813492,.5200000107288361,4.589999824762344,2.999999910593033,1.630000025033951,2.07000008225441,5.429999977350235,-.1500000022351742
201711,.079999998,2.03,1.15,2.55,1.7,3.6900001,1.95,1.96,4.4699998,3.76,5.29,2017m11,1.94999997317791,1.069999977946281,2.469999954104424,1.620000049471855,3.610000059008598,1.870000049471855,1.880000039935112,4.38999979197979,3.679999992251396,5.209999963641167
201712,.090000004,2.47,2.0699999,1.12,.54000002,-.11,.94999999,-.11,2.04,.73000002,2.3399999,2017m12,2.380000025033951,1.979999929666519,1.030000001192093,.4500000178813934,-.2000000029802322,.8599999845027924,-.2000000029802322,1.949999958276749,.6400000154972076,2.249999910593033
201801,.11,6.52,2.5699999,6.5700002,5.0100002,8.3100004,5.23,4.6900001,5.3000002,6.0900002,5.9299998,2018m1,6.40999998152256,2.459999933838844,6.460000172257423,4.900000229477882,8.200000420212746,5.120000019669533,4.580000057816505,5.19000019133091,5.980000153183937,5.819999828934669
201802,.11,-3.01,-5.7199998,-4.8000002,-3.78,-2.75,-3.79,-3.1300001,-4.71,-.2,-4.48,2018m2,-3.11999998986721,-5.829999789595604,-4.910000190138817,-3.889999970793724,-2.859999999403954,-3.899999961256981,-3.240000113844872,-4.820000037550926,-.3100000023841858,-4.59000001847744
201803,.12,-.34999999,-.1,-1.95,-1.47,-2.21,-3.8800001,-2.0799999,-1.98,-2.9100001,-2.45,2018m3,-.4699999913573265,-.2199999988079071,-2.070000045001507,-1.59000002592802,-2.330000035464764,-4.000000111758709,-2.199999921023846,-2.100000016391277,-3.030000083148479,-2.570000045001507
201804,.14,.38,5.5999999,.98000002,.16,.23,1.16,-1.17,1.3099999,.56999999,-1.41,2018m4,.239999994635582,5.459999904036522,.8400000184774399,.0199999958276749,.0900000035762787,1.019999966025352,-1.309999957680702,1.169999942183495,.4299999922513962,-1.549999967217445
201805,.14,7.6900001,1.53,2.4100001,.94,4.5900002,3.3,1.74,1.49,5.29,1.35,2018m5,7.550000056624413,1.389999970793724,2.270000085234642,.7999999970197678,4.450000151991844,3.159999951720238,1.600000008940697,1.350000008940697,5.149999961256981,1.210000023245811
201806,.14,.92000002,1.7,.88,-1.0599999,-.13,.1,-.23,1.48,.98000002,.81999999,2018m6,.7800000160932541,1.560000047087669,.739999994635582,-1.199999943375587,-.2699999958276749,-.0399999991059303,-.3700000047683716,1.34000001847744,.8400000184774399,.6799999922513962
201807,.16,-.81,2.5899999,2.0799999,3.28,5.0900002,4.7800002,1.15,4.0599999,4.04,3.71,2018m7,-.9699999988079071,2.42999991774559,1.919999927282333,3.119999974966049,4.930000156164169,4.620000213384628,.9899999797344208,3.89999994635582,3.879999965429306,3.550000041723251
201808,.16,9.1700001,3.6900001,-.52999997,2.46,2.5899999,2,2.3900001,3.75,7.3099999,3.2,2018m8,9.010000079870224,3.530000060796738,-.6899999678134918,2.300000041723251,2.42999991774559,1.840000003576279,2.230000108480453,3.590000003576279,7.14999994635582,3.040000051259995
201809,.15000001,-2.3900001,-.89999998,.38,-.91000003,-1.04,-.16,.44999999,1.37,.23,.99000001,2018m9,-2.540000110864639,-1.049999982118607,.2299999892711639,-1.060000032186508,-1.189999967813492,-.3100000023841858,.2999999821186066,1.219999998807907,.0799999982118607,.8400000035762787
201810,.19,-12.77,-7.52,-8.7700005,-8.4399996,-7.7399998,-6.4000001,-5.1199999,-5.7199998,-8.6599998,-8.3000002,2018m10,-12.96000045537949,-7.709999978542328,-8.960000455379486,-8.629999577999115,-7.929999768733978,-6.590000092983246,-5.309999883174896,-5.909999787807465,-8.849999845027924,-8.490000188350677
201811,.18000001,1.55,2.8,.11,2.22,2.5899999,.95999998,3.3099999,2.6400001,-1.22,4.0700002,2018m11,1.369999945163727,2.619999945163727,-.0700000077486038,2.040000021457672,2.409999907016754,.7799999713897705,3.129999935626984,2.460000097751617,-1.400000035762787,3.89000016450882
201812,.19,-10.69,-7.8499999,-12.27,-9.2399998,-8.6199999,-10.58,-9.2299995,-8.5799999,-10.24,-7.5300002,2018m12,-10.87999957799911,-8.039999902248383,-12.46000045537949,-9.429999768733978,-8.809999883174896,-10.76999992132187,-9.419999539852142,-8.769999921321869,-10.42999976873398,-7.720000207424164
201901,.20999999,15.17,6.2800002,11.99,10.94,8.1800003,8.6899996,9.6400003,5.7800002,8.4300003,7.7399998,2019m1,14.96000008285046,6.070000216364861,11.77999977767467,10.72999958693981,7.970000311732292,8.479999586939812,9.430000349879265,5.570000216364861,8.220000311732292,7.529999777674675
201902,.18000001,6.7399998,-.28999999,4.8200002,4.3800001,3.46,3.25,1.77,5.04,2.46,5,2019m2,6.559999763965607,-.4699999988079071,4.64000016450882,4.200000107288361,3.280000030994415,3.069999992847443,1.589999973773956,4.85999995470047,2.280000030994415,4.819999992847443
201903,.19,-1.52,-.77999997,-.38,.25,.81,-.2,1.29,1.77,4.0500002,1.6,2019m3,-1.709999978542328,-.9699999690055847,-.5699999928474426,.0600000023841858,.6200000047683716,-.3900000005960464,1.099999964237213,1.579999983310699,3.860000193119049,1.410000026226044
201904,.20999999,.46000001,6.0999999,3.8099999,5.9699998,4.2399998,4.4299998,3.99,4.5999999,4.6799998,2.5999999,2019m4,.2500000149011612,5.889999911189079,3.599999949336052,5.759999796748161,4.029999777674675,4.219999834895134,3.780000016093254,4.389999911189079,4.469999834895134,2.389999911189079
201905,.20999999,-6.8800001,-7.7199998,-8.3400002,-7.6999998,-7.1500001,-6.1500001,-5.8899999,-6.5500002,-7.71,-5.7199998,2019m5,-7.090000107884407,-7.929999783635139,-8.55000014603138,-7.909999802708626,-7.360000088810921,-6.360000088810921,-6.099999859929085,-6.760000184178352,-7.920000031590462,-5.929999783635139
201906,.18000001,8.1000004,6.3800001,8.4700003,8.2700005,4.0500002,7.1500001,7.5799999,7.5799999,8.2700005,6.4299998,2019m6,7.920000374317169,6.200000107288361,8.290000259876251,8.090000450611115,3.870000183582306,6.970000088214874,7.399999916553497,7.399999916553497,8.090000450611115,6.249999821186066
201907,.19,-.40000001,2.3099999,.67000002,-.43000001,3.1900001,1.02,1.3099999,1.78,.51999998,3.1700001,2019m7,-.5900000035762787,2.119999945163727,.4800000190734863,-.6200000047683716,3.000000059604645,.8299999833106995,1.119999945163727,1.589999973773956,.3299999833106995,2.980000078678131
201908,.16,-3.8399999,-4.0100002,-4.3499999,-1.47,-3.6900001,-3.8099999,-4.1500001,-2.98,-1.5599999,1.25,2019m8,-3.999999910593033,-4.170000225305557,-4.50999990105629,-1.630000025033951,-3.85000005364418,-3.969999939203262,-4.310000091791153,-3.140000015497208,-1.719999939203262,1.090000003576279
201909,.18000001,-2.3,.41999999,4.0500002,3.0999999,2.1800001,4.9699998,1.47,.74000001,.83999997,1.95,2019m9,-2.479999959468842,.2399999797344208,3.870000183582306,2.919999897480011,2.000000059604645,4.789999783039093,1.290000021457672,.5600000023841858,.6599999666213989,1.770000040531158
201910,.15000001,3.1600001,.58999997,.82999998,.23999999,2.9100001,2.4000001,1.79,2.95,2.8800001,2.74,2019m10,3.010000079870224,.4399999678134918,.679999977350235,.0899999886751175,2.760000079870224,2.250000089406967,1.639999955892563,2.800000041723251,2.730000108480453,2.590000003576279
201911,.12,7.1399999,4.75,3.6500001,3.1500001,3.5,3.3499999,4.7399998,3.3499999,3.4300001,4.1700001,2019m11,7.019999869167805,4.630000002682209,3.530000098049641,3.030000098049641,3.380000002682209,3.229999907314777,4.619999773800373,3.229999907314777,3.310000069439411,4.050000078976154
201912,.14,1.6799999,1.73,4.0799999,2.4200001,2.8199999,2.1400001,2.1300001,2.8,3.3699999,3.8800001,2019m12,1.539999946951866,1.59000001847744,3.939999923110008,2.280000075697899,2.679999932646751,2.000000104308128,1.990000113844872,2.659999951720238,3.229999884963036,3.740000113844872
202001,.13,.76999998,.56999999,1.21,-1.87,.1,-3.3900001,-2.73,-1.84,2.27,.77999997,2020m1,.6399999856948853,.4399999976158142,1.080000042915344,-2,-.0299999937415123,-3.520000100135803,-2.860000014305115,-1.970000028610229,2.139999985694885,.6499999761581421
202002,.12,-5.3200002,-7.6300001,-9.9700003,-10.42,-8.6700001,-8.96,-8.25,-7.4299998,-6.9499998,-8.8599997,2020m2,-5.440000168979168,-7.750000111758709,-10.0900002643466,-10.54000007361174,-8.790000073611736,-9.080000035464764,-8.369999997317791,-7.549999825656414,-7.069999806582928,-8.979999653995037
202003,.12,-15.02,-17.83,-20.040001,-14.61,-15.48,-21.57,-9.7200003,-16.469999,-7.4299998,-11.69,2020m3,-15.14000045508146,-17.94999992102385,-20.16000091284513,-14.72999965399504,-15.59999953955412,-21.68999969214201,-9.8400002643466,-16.58999931067228,-7.549999825656414,-11.80999957770109
202004,0,12.76,12.99,16.66,12.09,15.94,9.6599998,10.95,16.17,14.04,13.36,2020m4,12.76000022888184,12.98999977111816,16.65999984741211,12.09000015258789,15.9399995803833,9.659999847412109,10.94999980926514,16.17000007629395,14.03999996185303,13.35999965667725
202005,.0099999998,9.9200001,5.4400001,5.1399999,4.96,5.3800001,4.3600001,4.1900001,8.2200003,3.8099999,6.2199998,2020m5,9.910000076517463,5.430000057443976,5.129999866709113,4.95000003837049,5.370000114664435,4.350000133737922,4.180000057443976,8.210000267252326,3.799999943003058,6.209999790415168
202006,.0099999998,3.4400001,1.38,3.96,.19,-.43000001,-.37,-.88999999,1.51,4.4299998,5.0999999,2020m6,3.430000057443976,1.369999995455146,3.95000003837049,.1799999978393316,-.44000000692904,-.3800000045448542,-.8999999854713678,1.499999990686774,4.41999982856214,5.089999904856086
202007,.0099999998,5.5,6.4200001,3.8099999,8.6300001,6.3499999,4.1399999,6.6999998,5.6900001,4.8400002,8.0100002,2020m7,5.490000000223517,6.410000076517463,3.799999943003058,8.620000114664435,6.339999904856086,4.129999866709113,6.689999809488654,5.680000057443976,4.830000152811408,8.000000229105353
202008,.0099999998,4.4000001,8.6199999,2.98,12.17,2.71,5.5300002,3.48,7.21,8.8500004,11.31,2020m8,4.390000095590949,8.609999885782599,2.970000019297004,12.16000007651746,2.70000003837049,5.520000210031867,3.470000019297004,7.20000003837049,8.840000381693244,11.30000041984022
202009,.0099999998,1.45,-3.25,-5.1900001,-6.0500002,-3.0899999,-5.1700001,-2.46,-2.96,-3.71,-4.5300002,2020m9,1.440000047907233,-3.259999999776483,-5.200000056996942,-6.060000190511346,-3.099999913945794,-5.180000076070428,-2.470000037923455,-2.970000037923455,-3.720000037923455,-4.540000209584832
202010,.0099999998,.81,-1.8,.079999998,-2.21,1.12,.79000002,.25999999,-1.02,-3.74,-5.0700002,2020m10,.8000000026077032,-1.809999952092767,.0699999984353781,-2.220000037923455,1.110000004991889,.7800000216811895,.2499999906867743,-1.029999980702996,-3.750000009313226,-5.08000017143786
202011,.0099999998,20.940001,14.33,15.27,17.42,11.6,11.06,13.78,11.23,10.16,10.36,2020m11,20.93000053428113,14.31999992392957,15.26000045798719,17.41000007651746,11.59000038169324,11.05000041984022,13.76999973319471,11.21999954245985,10.14999984763563,10.34999965690076
202012,.0099999998,7.0799999,3.02,8.4799995,9.2200003,4.8899999,2.1500001,5.7600002,2.01,3.45,6.1100001,2020m12,7.069999923929572,3.009999981150031,8.469999542459846,9.210000267252326,4.879999866709113,2.140000095590949,5.750000229105353,1.999999990686774,3.440000047907233,6.100000133737922
202101,0,6.0799999,-.80000001,.64999998,2.95,.18000001,2.5999999,.16,-2.9300001,-.67000002,-2.3299999,2021m1,6.079999923706055,-.800000011920929,.6499999761581421,2.950000047683716,.1800000071525574,2.599999904632568,.1599999964237213,-2.930000066757202,-.6700000166893005,-2.329999923706055
202102,0,1.8200001,7.0500002,8.6300001,-1.3200001,4.75,5.9200001,6.0500002,3.1099999,2.1900001,-.77999997,2021m2,1.820000052452087,7.050000190734863,8.630000114440918,-1.320000052452087,4.75,5.920000076293945,6.050000190734863,3.109999895095825,2.190000057220459,-.7799999713897705
202103,0,-9.3000002,.60000002,3.3199999,3.6700001,3.9100001,4.6300001,5.3200002,6.4400001,3.0799999,4.1500001,2021m3,-9.300000190734863,.6000000238418579,3.319999933242798,3.670000076293945,3.910000085830688,4.630000114440918,5.320000171661377,6.440000057220459,3.079999923706055,4.150000095367432
202104,0,3.78,4.1900001,4.2600002,4.6300001,4.8400002,9.0100002,3.4000001,4.3600001,5.5999999,4.9699998,2021m4,3.779999971389771,4.190000057220459,4.260000228881836,4.630000114440918,4.840000152587891,9.010000228881836,3.400000095367432,4.360000133514404,5.599999904632568,4.96999979019165
202105,0,-4.98,.99000001,2.7,-1.65,1.95,1.59,2.05,1.64,.050000001,-1.01,2021m5,-4.980000019073486,.9900000095367432,2.700000047683716,-1.649999976158142,1.950000047683716,1.590000033378601,2.049999952316284,1.639999985694885,.0500000007450581,-1.009999990463257
202106,0,11.05,-.56999999,-.46000001,1.59,1.72,.25,-.87,1.88,4.52,3.8900001,2021m6,11.05000019073486,-.5699999928474426,-.4600000083446503,1.590000033378601,1.720000028610229,.25,-.8700000047683716,1.879999995231628,4.519999980926514,3.890000104904175
202107,0,-4.5599999,-3.6900001,-1.4,-.27000001,1.75,1.73,2.5899999,2.73,1.99,3.9300001,2021m7,-4.559999942779541,-3.690000057220459,-1.399999976158142,-.2700000107288361,1.75,1.730000019073486,2.589999914169312,2.730000019073486,1.990000009536743,3.930000066757202
202108,0,3.3,1.9,1.14,3.27,3.75,2.97,5.21,3.3299999,2.72,1.95,2021m8,3.299999952316284,1.899999976158142,1.139999985694885,3.269999980926514,3.75,2.970000028610229,5.210000038146973,3.329999923706055,2.720000028610229,1.950000047683716
202109,0,-2.3699999,-1.42,-2.47,-.95999998,-2.78,-4.3099999,-5,-7.5799999,-5.3099999,-5.5,2021m9,-2.369999885559082,-1.419999957084656,-2.470000028610229,-.9599999785423279,-2.779999971389771,-4.309999942779541,-5,-7.579999923706055,-5.309999942779541,-5.5
202110,0,1.67,6.5799999,3.3499999,6.8000002,12.6,4.5599999,7.79,4.79,7.4899998,5.5700002,2021m10,1.669999957084656,6.579999923706055,3.349999904632568,6.800000190734863,12.60000038146973,4.559999942779541,7.789999961853027,4.789999961853027,7.489999771118164,5.570000171661377
202111,0,-8.3400002,-8.71,-6.0700002,-5.6799998,-1.65,.31,-.83999997,-2,-.12,2.75,2021m11,-8.340000152587891,-8.710000038146973,-6.070000171661377,-5.679999828338623,-1.649999976158142,.3100000023841858,-.8399999737739563,-2,-.119999997317791,2.75
202112,.0099999998,-6.1199999,-2.28,5.0599999,4.3600001,1.9,7.8000002,2.1099999,4.54,3.1199999,7.1700001,2021m12,-6.129999885335565,-2.289999971166253,5.049999943003058,4.350000133737922,1.88999997638166,7.790000190958381,2.099999895319343,4.529999962076545,3.109999885782599,7.160000076517463
202201,0,-13.53,-5.4899998,-.74000001,-.49000001,-5.54,-4.5999999,-7.27,-7.1500001,-7.1100001,-3.7,2022m1,-13.52999973297119,-5.489999771118164,-.7400000095367432,-.4900000095367432,-5.539999961853027,-4.599999904632568,-7.269999980926514,-7.150000095367432,-7.110000133514404,-3.700000047683716
202202,0,.050000001,1.42,.70999998,.079999998,-.43000001,-3.4300001,-2.55,-7.3899999,-1.66,-3.6300001,2022m2,.0500000007450581,1.419999957084656,.7099999785423279,.0799999982118607,-.4300000071525574,-3.430000066757202,-2.549999952316284,-7.389999866485596,-1.659999966621399,-3.630000114440918
202203,0,3.53,2.01,1.59,-.69,6.6100001,2.6700001,2.51,4.1399999,3.8900001,3.6300001,2022m3,3.529999971389771,2.009999990463257,1.590000033378601,-.6899999976158142,6.610000133514404,2.670000076293945,2.509999990463257,4.139999866485596,3.890000104904175,3.630000114440918
202204,0,-14.46,-10.21,-8.2799997,-9.0799999,-11.37,-5.8299999,-13.72,-5.29,-10.05,-5.8499999,2022m4,-14.46000003814697,-10.21000003814697,-8.279999732971191,-9.079999923706055,-11.36999988555908,-5.829999923706055,-13.72000026702881,-5.289999961853027,-10.05000019073486,-5.849999904632568
202205,.029999999,-9.9799995,1.79,1.73,4.3000002,-.80000001,3.49,2.4200001,-1.5599999,-1.36,-1.39,2022m5,-10.00999954156578,1.75999996252358,1.700000019744039,4.270000191405416,-.8300000112503767,3.460000010207295,2.390000076964498,-1.589999942108989,-1.390000013634562,-1.419999985024333
202206,.059999999,-9.7399998,-10.12,-11.17,-12.28,-9.3900003,-7.9499998,-9.3900003,-6.1700001,-7.0900002,-6.6399999,2022m6,-9.79999976977706,-10.17999988421798,-11.23000007495284,-12.33999973163009,-9.450000341981649,-8.009999807924032,-9.450000341981649,-6.230000074952841,-7.150000151246786,-6.699999865144491
202207,.079999998,10.56,10.12,9.25,6.9000001,8.1300001,8.7299995,14.64,7.0900002,8.1000004,11.84,2022m7,10.48000042140484,10.03999988734722,9.170000001788139,6.820000097155571,8.050000116229057,8.649999544024467,14.56000034511089,7.01000015437603,8.020000383257866,11.76000015437603
202208,.19,3.5899999,-2.8,-.98000002,-2.8,-1.0700001,-2.6800001,-4.9000001,-5.0300002,-4.7800002,-4.04,2022m8,3.399999916553497,-2.989999949932098,-1.170000016689301,-2.989999949932098,-1.260000050067902,-2.870000064373016,-5.090000092983246,-5.220000207424164,-4.970000207424164,-4.229999959468842
202209,.19,-8.1999998,-10.24,-9.1999998,-9.7600002,-8.3599997,-7.9699998,-7.75,-9.7299995,-9.6400003,-9.7700005,2022m9,-8.389999806880951,-10.42999976873398,-9.389999806880951,-9.95000022649765,-8.54999965429306,-8.159999787807465,-7.939999997615814,-9.919999539852142,-9.830000340938568,-9.960000455379486
202210,.23,3.5,7.54,9.2200003,11.97,9.75,12.28,1.42,6.9200001,6.8499999,11.64,2022m10,3.269999995827675,7.309999957680702,8.990000262856483,11.74000026285648,9.519999995827675,12.04999972879887,1.189999952912331,6.69000007212162,6.619999900460243,11.41000033915043
202211,.28999999,-3.0699999,2.22,2.6199999,5.04,6.2600002,5.4000001,-.07,8.7799997,8.5,3.5799999,2022m11,-3.359999924898148,1.93000003695488,2.329999893903732,4.749999970197678,5.970000237226486,5.110000103712082,-.359999991953373,8.489999741315842,8.21000000834465,3.289999932050705
202212,.33000001,-7.8299999,-8.5100002,-5.6300001,-3.9300001,-4.5599999,-4.0799999,-9.7600002,-5.8099999,-5.1599998,-6.9200001,2022m12,-8.159999936819077,-8.840000241994858,-5.96000012755394,-4.260000079870224,-4.889999955892563,-4.409999936819077,-10.09000024199486,-6.139999955892563,-5.489999860525131,-7.250000089406967
202301,.34999999,14.14,12.8,7.1100001,5.3800001,4.1700001,4.6799998,11.81,7.1999998,5.1500001,6.29,2023m1,13.79000034928322,12.45000019669533,6.760000139474869,5.030000120401382,3.82000008225441,4.329999834299088,11.46000042557716,6.849999815225601,4.800000101327896,5.939999967813492
202302,.34,-.89999998,-2.47,-2.3699999,-2.97,-3.5999999,-3.1900001,-2.04,-1.98,-1.97,-1.4400001,2023m2,-1.239999979734421,-2.810000032186508,-2.709999889135361,-3.310000032186508,-3.939999908208847,-3.530000060796738,-2.379999965429306,-2.320000022649765,-2.310000032186508,-1.780000060796738
202303,.36000001,-1.97,2.53,.15000001,.25,-5.9699998,-1.88,1.22,7.04,6,5.98,2023m3,-2.330000042915344,2.169999957084656,-.2100000083446503,-.1100000143051147,-6.329999804496765,-2.240000009536743,.8600000143051147,6.679999947547913,5.639999985694885,5.620000004768372
202304,.34999999,-4.02,-2.45,-1.16,1.22,-.13,1.84,-.93000001,2.29,1.96,1.67,2023m4,-4.369999974966049,-2.800000041723251,-1.509999960660934,.870000034570694,-.4799999892711639,1.490000039339066,-1.280000001192093,1.939999967813492,1.610000044107437,1.31999996304512
202305,.36000001,9.7200003,2.4400001,-3.51,-3.3299999,-2.6300001,-6.0599999,2.4300001,6.0900002,.63999999,.63999999,2023m5,9.360000252723694,2.080000042915344,-3.870000004768372,-3.689999938011169,-2.990000128746033,-6.419999957084656,2.070000052452087,5.730000138282776,.2799999713897705,.2799999713897705
202306,.40000001,6.8499999,4.4000001,6.1199999,6.8800001,6.0500002,5.8699999,9.1000004,6.4299998,5.6300001,8.3500004,2023m6,6.449999898672104,4.000000089406967,5.719999879598618,6.480000108480453,5.650000184774399,5.469999879598618,8.700000375509262,6.029999822378159,5.230000108480453,7.950000375509262
202307,.44999999,6.6399999,5.7600002,3.1099999,2.6099999,5.6700001,3.79,6.0999999,3.79,1.15,2.8499999,2023m7,6.189999878406525,5.310000240802765,2.659999907016754,2.159999907016754,5.220000088214874,3.339999973773956,5.649999916553497,3.339999973773956,.699999988079071,2.399999916553497
202308,.44999999,-7.5999999,-2.5,-3.05,-3.8199999,-3.8399999,-1.7,-2.3299999,-.25,-1.0599999,-.98000002,2023m8,-8.049999892711639,-2.949999988079071,-3.499999940395355,-4.269999921321869,-4.289999902248383,-2.150000035762787,-2.779999911785126,-.699999988079071,-1.509999930858612,-1.430000007152557
202309,.43000001,-5.6599998,-4.98,-4.04,-5.0500002,-4.73,-5.4899998,-1.85,-4.9499998,-4.23,-6.1599998,2023m9,-6.089999854564667,-5.410000026226044,-4.469999969005585,-5.480000197887421,-5.160000026226044,-5.919999778270721,-2.280000030994415,-5.379999816417694,-4.660000026226044,-6.589999854564667
202310,.47,-8.29,-4.3299999,-1.42,-4.52,-4.4899998,-.69999999,-3.24,-4.9299998,.63,-1.63,2023m10,-8.759999960660934,-4.799999922513962,-1.889999955892563,-4.989999979734421,-4.959999769926071,-1.169999986886978,-3.71000000834465,-5.39999982714653,.1599999964237213,-2.099999994039536
202311,.44,16.309999,12.32,10.81,8.3100004,9.6800003,9.7200003,7.4000001,7.9499998,8.8500004,9.54,2023m11,15.86999946832657,11.8799996972084,10.37000042200089,7.870000422000885,9.240000307559967,9.280000269412994,6.960000097751617,7.509999811649323,8.410000383853912,9.099999964237213
202312,.43000001,14.15,4.1900001,6.9499998,6.9499998,8.0799999,6.0999999,6.0999999,3.3399999,3.4300001,4.5300002,2023m12,13.71999961137772,3.760000050067902,6.519999802112579,6.519999802112579,7.649999916553497,5.669999897480011,5.669999897480011,2.909999907016754,3.000000059604645,4.100000202655792
202401,.47,-3.03,2.8800001,.98000002,-.63,-.55000001,1.75,1.21,2.3499999,3.0699999,.15000001,2024m1,-3.499999970197678,2.410000115633011,.5100000202655792,-1.099999994039536,-1.020000010728836,1.280000001192093,.7400000393390656,1.879999905824661,2.599999934434891,-.3199999928474426
202402,.41999999,8.75,7.77,4.6900001,2.76,4.0799999,7.9400001,5.3200002,8.0600004,4.5700002,3.29,2024m2,8.330000013113022,7.349999994039536,4.270000070333481,2.340000003576279,3.659999936819077,7.520000070333481,4.900000184774399,7.640000432729721,4.150000184774399,2.869999974966049
202403,.43000001,-.91000003,1.5,4.0799999,4.3400002,4.3000002,4.1999998,4.7600002,4.3000002,3.4000001,.61000001,2024m3,-1.340000033378601,1.069999992847443,3.649999916553497,3.910000145435333,3.870000183582306,3.769999802112579,4.330000221729279,3.870000183582306,2.970000088214874,.1800000071525574
202404,.47,-8.9499998,-6.2600002,-4.5599999,-4.4299998,-3.23,-4.1100001,-2,-3.22,-5.6799998,-3.22,2024m4,-9.419999808073044,-6.730000227689743,-5.029999941587448,-4.89999982714653,-3.700000017881393,-4.580000132322311,-2.469999998807907,-3.690000027418137,-6.14999982714653,-3.690000027418137
202405,.44,.07,1.3,2.76,4.75,3.0899999,2.6199999,4.71,9.2600002,3.6099999,6.5900002,2024m5,-.369999997317791,.85999995470047,2.319999992847443,4.310000002384186,2.649999916553497,2.179999887943268,4.270000040531158,8.820000231266022,3.169999897480011,6.150000154972076
202406,.41,3.3299999,.94,-1.16,-1.54,.46000001,2.79,3.22,5.3400002,2.46,6.2199998,2024m6,2.919999927282333,.5300000011920929,-1.56999996304512,-1.949999958276749,.050000011920929,2.379999965429306,2.810000032186508,4.930000156164169,2.050000041723251,5.809999793767929
202407,.44999999,.75999999,-.02,5.3600001,6.3000002,8.1899996,6.3299999,-1.1799999,-.81999999,-1.29,2.97,2024m7,.3100000023841858,-.4699999876320362,4.910000145435333,5.850000202655792,7.73999959230423,5.879999935626984,-1.629999935626984,-1.269999980926514,-1.739999949932098,2.520000040531158
202408,.47999999,-1.6,-1.03,2.3599999,2.24,-.039999999,2.9400001,1.22,2.4400001,1.53,4.0300002,2024m8,-2.080000013113022,-1.509999960660934,1.879999905824661,1.760000020265579,-.5199999883770943,2.460000067949295,.7400000393390656,1.960000067949295,1.049999982118607,3.550000220537186
202409,.40000001,1.26,4.6999998,1.67,1.6900001,5.4400001,.090000004,1.25,3.1199999,1.26,2.4400001,2024m9,.8599999845027924,4.299999803304672,1.269999951124191,1.290000051259995,5.040000051259995,-.3100000023841858,.8499999940395355,2.719999879598618,.8599999845027924,2.040000051259995
202410,.38999999,1.08,.43000001,-1.35,-.88,-1.86,.079999998,3.0999999,.51999998,-3.5599999,-2.46,2024m10,.690000057220459,.0400000214576721,-1.740000009536743,-1.269999980926514,-2.25,-.3099999874830246,2.709999918937683,.1299999952316284,-3.949999928474426,-2.850000023841858
202411,.40000001,14.63,13.12,7.23,6.5900002,13.67,7.7399998,7.7800002,5.0500002,4.9899998,4.1599998,2024m11,14.23000010848045,12.71999987959862,6.830000013113022,6.190000146627426,13.27000007033348,7.3399997651577,7.380000203847885,4.650000184774399,4.5899997651577,3.759999841451645
202412,.37,-7.9200001,-5.4499998,-5.71,-5.27,-.22,-7.79,-2.8299999,-1,-4.27,1.15,2024m12,-8.290000081062317,-5.819999814033508,-6.080000042915344,-5.639999985694885,-.5900000035762787,-8.159999966621399,-3.199999928474426,-1.370000004768372,-4.639999985694885,.7799999713897705
202501,.37,8.8100004,5.6399999,4.9699998,4.8299999,3.8399999,5.3200002,.63999999,7.5599999,1.85,.38,2025m1,8.440000414848328,5.269999861717224,4.599999785423279,4.459999918937683,3.46999990940094,4.950000166893005,.2699999809265137,7.189999938011169,1.480000019073486,.0099999904632568
202502,.33000001,-6.1399999,-5.75,-3.3900001,-2.0999999,-10.2,2.4100001,-1.33,-5.52,-.70999998,.57999998,2025m2,-6.469999879598618,-6.080000013113022,-3.720000118017197,-2.42999991774559,-10.52999982237816,2.080000072717667,-1.660000056028366,-5.849999994039536,-1.03999999165535,.2499999701976776
202503,.34,-13.52,-6.6199999,-5.25,-5.9000001,-6.1900001,-1.29,-7.3099999,-7.5599999,-3.8699999,-7.2600002,2025m3,-13.86000046133995,-6.959999889135361,-5.590000003576279,-6.24000009894371,-6.530000060796738,-1.629999965429306,-7.64999994635582,-7.89999994635582,-4.209999889135361,-7.600000232458115
202504,.34999999,5.6399999,2.76,-1.6799999,-.49000001,-.72000003,-1.35,-1.26,-.95999998,-.86000001,-.34,2025m4,5.28999987244606,2.409999996423721,-2.029999941587448,-.8400000035762787,-1.070000022649765,-1.700000017881393,-1.609999984502792,-1.309999972581863,-1.21000000834465,-.6899999976158142
202505,.38,8.0200005,6.8800001,5.5599999,6.4499998,10.35,.27000001,11.48,6.21,8.3100004,2.0699999,2025m5,7.640000462532043,6.50000011920929,5.179999947547913,6.069999814033508,9.970000386238098,-.1099999845027924,11.0999995470047,5.830000042915344,7.930000424385071,1.689999938011169
202506,.34,8.6400003,10.4,5.5900002,4.6700001,.22,1.59,9.6000004,4.75,4.5,4.3899999,2025m6,8.300000339746475,10.05999961495399,5.250000149011612,4.330000072717667,-.1200000047683716,1.250000029802322,9.260000377893448,4.409999996423721,4.159999996423721,4.049999862909317
202507,.34,5.0900002,3.8699999,-.31,-.079999998,-1.24,2.03,1.13,3.48,2.21,3.8199999,2025m7,4.750000149011612,3.529999881982803,-.6500000059604645,-.4200000017881393,-1.580000013113022,1.689999967813492,.7899999916553497,3.140000015497208,1.870000034570694,3.479999929666519
202508,.38,4.0300002,.20999999,2.3900001,3.77,3.9200001,2.4200001,2.25,3.0999999,-.85000002,2.8199999,2025m8,3.650000214576721,-.1700000017881393,2.010000109672546,3.389999985694885,3.540000081062317,2.040000081062317,1.870000004768372,2.71999990940094,-1.230000019073486,2.439999938011169
202509,.33000001,3.8299999,6.5999999,-.16,9.4700003,.38,1.4299999,.58999997,4.6900001,.80000001,6.0500002,2025m9,3.499999910593033,6.269999891519547,-.4900000095367432,9.140000253915787,.0499999821186066,1.099999934434891,.2599999606609344,4.360000044107437,.4699999988079071,5.720000177621841
202510,.37,6.3699999,9.3100004,.15000001,2.5599999,-2.29,.81999999,-1.74,6.4299998,-2.22,3.8099999,2025m10,5.99999988079071,8.940000414848328,-.2199999988079071,2.189999938011169,-2.659999966621399,.449999988079071,-2.110000014305115,6.059999823570251,-2.590000033378601,3.439999938011169
202511,.30000001,-3.8499999,-5.5,-.33000001,-.37,3.0799999,-.02,2.26,4.5500002,-.38,-2.5799999,2025m11,-4.149999916553497,-5.800000011920929,-.6300000250339508,-.6700000166893005,2.779999911785126,-.3200000114738941,1.959999978542328,4.250000178813934,-.6800000071525574,-2.879999935626984
202512,.34,-.83999997,.059999999,3.8399999,2.6600001,-1.74,1.8099999,.47999999,-2,-.67000002,.85000002,2025m12,-1.179999977350235,-.2800000049173832,3.499999910593033,2.32000008225441,-2.080000013113022,1.469999939203262,.1399999856948853,-2.340000003576279,-1.010000020265579,.5100000202655792
202601,.30000001,-1.8099999,.19,-1.2,2.79,-1.38,5.0599999,4.7199998,3.4200001,.23,-.37,2026m1,-2.10999995470047,-.1100000143051147,-1.500000059604645,2.489999949932098,-1.680000007152557,4.759999930858612,4.419999778270721,3.120000064373016,-.0700000077486038,-.6700000166893005
202602,.28,-3.29,-3.7,-1.48,-1.98,1.15,1.88,3.51,-3.1400001,-.75999999,.0099999998,2026m2,-3.56999996304512,-3.980000048875809,-1.760000020265579,-2.260000020265579,.8699999749660492,1.599999994039536,3.229999989271164,-3.420000106096268,-1.03999999165535,-.2700000014156103
202603,.28999999,-2.9000001,-1.21,-4.2800002,-6.3899999,-4.6999998,-.079999998,-6.6399999,-4.9699998,-6.1700001,-4.9699998,2026m3,-3.190000087022781,-1.500000029802322,-4.570000201463699,-6.679999858140945,-4.989999800920486,-.3699999898672104,-6.929999858140945,-5.259999781847,-6.460000067949295,-5.259999781847
202604,.28999999,14.57,27.42,4.6199999,7.7800002,1.29,3.0599999,10.01,20.09,5.8000002,7.7399998,2026m4,14.27999970316887,27.1300000846386,4.329999893903732,7.490000218153,.9999999701976776,2.769999951124191,9.720000237226486,19.80000016093254,5.510000199079514,7.449999779462814
202605,.31,14.22,17.18,1.58,11.2,1.79,.61000001,.029999999,1.1799999,4.9200001,7.1900001,2026m5,13.91000026464462,16.8700003027916,1.270000040531158,10.88999980688095,1.479999959468842,.300000011920929,-.280000003054738,.8699999451637268,4.61000007390976,6.880000054836273
202606,.28999999,3.5599999,6.5300002,2.6500001,3.74,2.02,3.47,1.72,-4.9299998,-3.24,-1.76,2026m6,3.269999951124191,6.240000218153,2.360000103712082,3.450000017881393,1.729999989271164,3.18000003695488,1.43000003695488,-5.219999819993973,-3.530000001192093,-2.049999982118607
202607,.33000001,-4.8099999,-17.73,-8.8199997,3.1800001,3.99,3.1800001,-2.1400001,1.22,3.8599999,-.22,2026m7,-5.139999955892563,-18.05999955534935,-9.149999707937241,2.85000005364418,3.659999996423721,2.85000005364418,-2.470000118017197,.8900000154972076,3.529999881982803,-.550000011920929
