yyyymm,market,rf,ret1,ret2,ret3,ret4,ret5,ret6,ret7,ret8,ret9,ret10,month,excess1,excess2,excess3,excess4,excess5,excess6,excess7,excess8,excess9,excess10
196307,-.39,.27,-1.37,.05,-1.47,2.17,-.87,1,-1.06,-1.04,-.26,.9399999999999999,1963m7,-1.64,-.22,-1.74,1.9,-1.14,.73,-1.33,-1.31,-.53,.6699999999999999
196308,5.08,.25,5.57,4.98,5.87,3.75,5.44,5.17,5.58,5.38,6,6.06,1963m8,5.32,4.73,5.62,3.5,5.19,4.92,5.33,5.13,5.75,5.81
196309,-1.57,.27,-2.97,-2.01,-.6899999999999999,-2.53,2.12,-1.79,-2.26,-1.6,-2.27,-.95,1963m9,-3.24,-2.28,-.96,-2.8,1.85,-2.06,-2.53,-1.87,-2.54,-1.22
196310,2.54,.29,.79,1.25,.68,.01,3.24,1,.8,3.7,3.26,9.1,1963m10,.5,.96,.3900000000000001,-.28,2.95,.71,.51,3.41,2.97,8.81
196311,-.86,.27,.23,-1.85,-1.76,-.6899999999999999,2.03,-.48,-.7,1.15,.28,-3.87,1963m11,-.04,-2.12,-2.03,-.96,1.76,-.75,-.97,.8799999999999999,.01,-4.140000000000001
196312,1.83,.29,1.91,.98,3.21,4.12,.34,3.27,2.82,2.45,3.13,1.2,1963m12,1.62,.6899999999999999,2.92,3.83,.05,2.98,2.53,2.16,2.84,.9099999999999999
196401,2.24,.3,1.86,2.39,2.32,5.1,3.11,1.09,.9399999999999999,2.05,2,3.3,1964m1,1.56,2.09,2.02,4.8,2.81,.79,.6399999999999999,1.75,1.7,3
196402,1.55,.26,3.73,1.68,2.1,1.56,.83,1.62,1.41,1.75,2.17,2.54,1964m2,3.47,1.42,1.84,1.3,.57,1.36,1.15,1.49,1.91,2.28
196403,1.41,.31,2.8,2.56,4.57,2.21,.1,.8100000000000001,2.56,.95,2.46,1.88,1964m3,2.49,2.25,4.260000000000001,1.9,-.21,.5,2.25,.6399999999999999,2.15,1.57
196404,.1,.29,.01,5.5,-.62,2.44,.99,-.82,.22,-2,-.54,.89,1964m4,-.28,5.21,-.9099999999999999,2.15,.7,-1.11,-.07,-2.29,-.8300000000000001,.6000000000000001
196405,1.41,.26,2.28,.76,2.6,2.07,.83,.44,1.03,.21,1.5,3.44,1964m5,2.02,.5,2.34,1.81,.57,.18,.77,-.05,1.24,3.18
196406,1.27,.3,2.78,1.07,1.87,.53,4.66,2.63,1.56,.1,1.41,.61,1964m6,2.48,.77,1.57,.23,4.36,2.33,1.26,-.2,1.11,.31
196407,1.74,.3,.66,2.51,1.85,2.22,-.53,3.45,3.3,3.06,2.44,2.26,1964m7,.36,2.21,1.55,1.92,-.8300000000000001,3.15,3,2.76,2.14,1.96
196408,-1.44,.28,-2.39,-.83,-.84,-1.88,-.95,-.02,-.85,-1,-1.17,-1.38,1964m8,-2.67,-1.11,-1.12,-2.16,-1.23,-.3,-1.13,-1.28,-1.45,-1.66
196409,2.69,.28,4.82,3.73,4.62,3.4,.66,2.93,2.68,3.94,4,2.56,1964m9,4.54,3.45,4.34,3.12,.38,2.65,2.4,3.66,3.72,2.28
196410,.6,.29,.78,3.81,.8,2.6,.17,-.16,2.34,1.46,-.11,-.47,1964m10,.49,3.52,.51,2.31,-.12,-.45,2.05,1.17,-.4,-.76
196411,-.01,.29,-3.29,1.4,1.01,1.05,-1.04,.72,1.59,.61,2.28,-1.07,1964m11,-3.58,1.11,.72,.76,-1.33,.43,1.3,.32,1.99,-1.36
196412,.04,.31,-.93,-.93,-.52,-1.42,2.43,.44,-.23,.88,1.07,1,1964m12,-1.24,-1.24,-.8300000000000001,-1.73,2.12,.13,-.54,.5700000000000001,.76,.6899999999999999
196501,3.54,.28,7.5,4.22,3.64,-.08,1.19,3.94,5.34,4.52,4.87,6.22,1965m1,7.22,3.94,3.36,-.36,.9099999999999999,3.66,5.06,4.239999999999999,4.59,5.94
196502,.44,.3,1.39,2.91,-.29,-2.38,1.03,1.56,1.44,1.36,.14,1.51,1965m2,1.09,2.61,-.59,-2.68,.73,1.26,1.14,1.06,-.16,1.21
196503,-1.34,.36,-1.16,-1.26,-.17,-2.7,-1.45,.08,.09,-.76,-2.3,-.64,1965m3,-1.52,-1.62,-.53,-3.06,-1.81,-.28,-.27,-1.12,-2.66,-1
196504,3.11,.31,3.7,4.19,2.36,1.54,4.44,1.86,2.42,3.88,3.33,5.47,1965m4,3.39,3.88,2.05,1.23,4.130000000000001,1.55,2.11,3.57,3.02,5.16
196505,-.78,.31,-4.46,.95,1.99,-.19,1.17,-.91,-.53,-1.5,.6899999999999999,-1.43,1965m5,-4.77,.6399999999999999,1.68,-.5,.8599999999999999,-1.22,-.8400000000000001,-1.81,.3799999999999999,-1.74
196506,-5.51,.35,-8.08,-7.37,-4.71,-2.58,-4.39,-4.5,-5.15,-5.2,-4.86,-5.96,1965m6,-8.43,-7.72,-5.06,-2.93,-4.739999999999999,-4.85,-5.5,-5.55,-5.21,-6.31
196507,1.44,.31,4.62,4.96,2.59,-.67,2.54,2.64,1.32,.32,1.98,2.08,1965m7,4.31,4.65,2.28,-.98,2.23,2.33,1.01,.01,1.67,1.77
196508,2.73,.33,3.89,.98,2.13,1.4,2.55,2.63,2.52,2.28,7.29,3.78,1965m8,3.56,.6499999999999999,1.8,1.07,2.22,2.3,2.19,1.95,6.96,3.45
196509,2.86,.31,3.84,4.23,4.1,1.62,2.4,4.09,2.85,3.16,4.1,4.16,1965m9,3.53,3.92,3.79,1.31,2.09,3.78,2.54,2.85,3.79,3.85
196510,2.6,.31,4.46,3.09,2.16,.57,1.99,1.32,2.42,3.13,6.39,4.34,1965m10,4.15,2.78,1.85,.26,1.68,1.01,2.11,2.82,6.08,4.03
196511,-.03,.35,3.63,1.87,.45,-1.97,.58,-.77,.6899999999999999,2.36,1.61,-.42,1965m11,3.28,1.52,.1,-2.32,.23,-1.12,.34,2.01,1.26,-.77
196512,1.01,.33,7.49,.89,1.4,.66,2.99,1.04,1.21,.32,2.18,.03,1965m12,7.16,.5600000000000001,1.07,.33,2.66,.71,.8799999999999999,-.01,1.85,-.3
196601,.72,.38,6.95,3.46,3.12,-1.29,.85,-1.43,.19,1.08,2.29,.85,1966m1,6.57,3.08,2.74,-1.67,.47,-1.81,-.19,.7000000000000001,1.91,.47
196602,-1.21,.35,4.86,-3.03,-1.83,-.76,-1.1,-3.8,-2.02,-.66,-.08,-.31,1966m2,4.510000000000001,-3.38,-2.18,-1.11,-1.45,-4.149999999999999,-2.37,-1.01,-.43,-.6599999999999999
196603,-2.51,.38,-4.33,-2.69,-3.1,-3.81,-1.44,-1.18,-2.37,-.71,.01,-1.7,1966m3,-4.71,-3.07,-3.48,-4.19,-1.82,-1.56,-2.75,-1.09,-.37,-2.08
196604,2.13,.34,2.23,2.19,2.42,1.89,1.98,3.69,1.65,4,4.24,.8,1966m4,1.89,1.85,2.08,1.55,1.64,3.35,1.31,3.66,3.9,.46
196605,-5.67,.41,-10.68,-6.03,-5.99,-4.41,-5.63,-4.8,-3.39,-6.19,-5.12,-4.31,1966m5,-11.09,-6.44,-6.4,-4.82,-6.04,-5.21,-3.8,-6.600000000000001,-5.53,-4.72
196606,-1.44,.38,.88,-1.21,-1.77,-1.25,-.51,.75,-1.14,-1.86,-1.1,-1.71,1966m6,.5,-1.59,-2.15,-1.63,-.89,.37,-1.52,-2.24,-1.48,-2.09
196607,-1.63,.35,-2.43,-1.02,-1,-1.67,-.51,-.67,-1.58,-.23,-2.26,-1.35,1966m7,-2.78,-1.37,-1.35,-2.02,-.86,-1.02,-1.93,-.58,-2.61,-1.7
196608,-7.94,.41,-11.2,-7.37,-5.95,-6.08,-8.6,-6.21,-6.57,-8.16,-8.449999999999999,-8.130000000000001,1966m8,-11.61,-7.78,-6.36,-6.49,-9.01,-6.62,-6.98,-8.57,-8.859999999999999,-8.540000000000001
196609,-1.06,.4,-1.95,-.84,1.62,-1.47,1.58,1.54,-2.44,-1.78,-1.31,-1.7,1966m9,-2.35,-1.24,1.22,-1.87,1.18,1.14,-2.84,-2.18,-1.71,-2.1
196610,3.86,.45,.27,3.89,9.359999999999999,6.08,7.52,5.45,2.68,2.64,2.87,1.32,1966m10,-.18,3.44,8.91,5.63,7.069999999999999,5,2.23,2.19,2.42,.8700000000000001
196611,1.38,.4,7.53,.61,-1.57,-1.73,-.68,-.51,1.41,3.01,4.68,5.33,1966m11,7.13,.21,-1.97,-2.13,-1.08,-.91,1.01,2.61,4.279999999999999,4.93
196612,.13,.4,.74,1.61,.59,-.77,2.33,.19,.9,2.27,-.95,-.38,1966m12,.34,1.21,.1899999999999999,-1.17,1.93,-.21,.5,1.87,-1.35,-.78
196701,8.15,.43,15.42,9.42,6.51,7.14,6.89,7.66,7.68,8.19,8.33,9.390000000000001,1967m1,14.99,8.99,6.08,6.71,6.46,7.23,7.25,7.76,7.9,8.960000000000001
196702,.77,.36,1.71,.21,-.2,-1.07,.26,.03,.06,2.07,1.32,3.08,1967m2,1.35,-.15,-.5600000000000001,-1.43,-.1,-.33,-.3,1.71,.9600000000000001,2.72
196703,3.99,.39,4.75,4.85,3.38,3.9,4.38,3.35,4.34,4.24,5.04,5.28,1967m3,4.36,4.46,2.99,3.51,3.99,2.96,3.95,3.85,4.65,4.890000000000001
196704,3.89,.32,4.18,2.73,1.4,4.03,2.95,2.58,4,3.85,6.03,7.52,1967m4,3.86,2.41,1.08,3.71,2.63,2.26,3.68,3.53,5.71,7.199999999999999
196705,-4.32,.33,-1.46,-2.56,-4.36,-4.01,-2.65,-2.93,-4.38,-5.12,-5.42,-5.11,1967m5,-1.79,-2.89,-4.69,-4.34,-2.98,-3.26,-4.71,-5.45,-5.75,-5.44
196706,2.42,.27,7.88,3.01,2.64,1.69,1.44,1.95,1.5,.7,2.59,2.6,1967m6,7.609999999999999,2.74,2.37,1.42,1.17,1.68,1.23,.4299999999999999,2.32,2.33
196707,4.58,.32,8.49,7.56,.5600000000000001,5.98,5.11,5.89,3.42,8.890000000000001,6.53,2.89,1967m7,8.17,7.239999999999999,.24,5.66,4.79,5.569999999999999,3.1,8.57,6.21,2.57
196708,-.9,.31,-.62,-.22,-.63,-1.03,-.88,-.91,.15,-.9,-.02,-1.35,1967m8,-.9299999999999999,-.53,-.9399999999999999,-1.34,-1.19,-1.22,-.16,-1.21,-.33,-1.66
196709,3.1,.32,3.64,5.24,3.4,2.18,1.24,2.71,1.99,2.52,5.62,4.61,1967m9,3.32,4.92,3.08,1.86,.9199999999999999,2.39,1.67,2.2,5.3,4.29
196710,-3.08,.39,-1.58,-4.33,-3.27,-2.23,-3.63,-5.49,-5.21,-2.72,-4,2.27,1967m10,-1.97,-4.72,-3.66,-2.62,-4.02,-5.88,-5.6,-3.11,-4.39,1.88
196711,.37,.36,-1.2,.45,-.02,.73,2.21,1.19,.95,-.89,-1.17,2.5,1967m11,-1.56,.09,-.38,.37,1.85,.83,.59,-1.25,-1.53,2.14
196712,3.05,.33,8.24,3.62,1.85,3.5,3.31,4.27,3.81,1.37,3.17,2.72,1967m12,7.91,3.29,1.52,3.17,2.98,3.94,3.48,1.04,2.84,2.39
196801,-4.03,.4,-.32,.38,-.86,-2.57,-2.69,-4.31,-2.31,-5.68,-5.05,-7.75,1968m1,-.72,-.02,-1.26,-2.97,-3.09,-4.71,-2.71,-6.08,-5.45,-8.15
196802,-3.74,.39,-5.49,-3.17,-2.89,-2.12,-3.15,-2.06,-5.05,-2.54,-3.15,-3.45,1968m2,-5.88,-3.56,-3.28,-2.51,-3.54,-2.45,-5.44,-2.93,-3.54,-3.84
196803,.21,.38,-.45,.58,-.65,-.52,-.06,-1.08,-1.98,.95,.29,4.28,1968m3,-.8300000000000001,.2,-1.03,-.9,-.44,-1.46,-2.36,.57,-.09,3.9
196804,9.02,.43,14.03,9.949999999999999,4.67,5.29,9.02,8.869999999999999,8.359999999999999,10.48,11.52,11.33,1968m4,13.6,9.52,4.24,4.86,8.59,8.44,7.93,10.05,11.09,10.9
196805,2.28,.45,7.37,2.14,.85,-.15,1.99,2.43,1.67,1.28,1.51,4.57,1968m5,6.92,1.69,.4,-.6,1.54,1.98,1.22,.8300000000000001,1.06,4.12
196806,.7,.43,1.75,3.18,1.96,2.57,2.62,.76,2.35,-.22,.1,-.82,1968m6,1.32,2.75,1.53,2.14,2.19,.33,1.92,-.65,-.33,-1.25
196807,-2.69,.48,-3.26,-1.93,1.47,.05,2.31,-2.03,-2.82,-3.27,-4.61,-4.71,1968m7,-3.74,-2.41,.99,-.43,1.83,-2.51,-3.3,-3.75,-5.09,-5.19
196808,1.35,.42,2.44,3.57,2.45,2.19,.88,1.61,1.21,.82,2.03,1.02,1968m8,2.02,3.15,2.03,1.77,.46,1.19,.79,.4,1.61,.6000000000000001
196809,4.05,.43,8.869999999999999,5.7,6.13,3.72,3.12,4.87,4.13,4.91,4.56,1.82,1968m9,8.44,5.27,5.7,3.29,2.69,4.44,3.7,4.48,4.13,1.39
196810,.43,.44,1.82,1.91,2.12,2.67,1.64,1.16,1.45,.71,1.64,-3.13,1968m10,1.38,1.47,1.68,2.23,1.2,.72,1.01,.27,1.2,-3.57
196811,5.43,.42,5.95,6.14,5.07,5.81,5.9,4.64,6.46,6.78,2.98,7.98,1968m11,5.53,5.72,4.65,5.39,5.48,4.22,6.04,6.36,2.56,7.56
196812,-3.93,.43,-1.68,-1.67,-3.47,-3.59,-3.61,-3.69,-2.96,-4.64,-3.97,-4.65,1968m12,-2.11,-2.1,-3.9,-4.02,-4.04,-4.12,-3.39,-5.069999999999999,-4.4,-5.08
196901,-1.25,.53,-.76,.54,-.85,.17,.39,.79,-1.25,-.87,-1.74,-2.86,1969m1,-1.29,.01,-1.38,-.36,-.14,.26,-1.78,-1.4,-2.27,-3.39
196902,-5.86,.46,-8.26,-7.26,-5.51,-5.11,-4.87,-4.56,-5.28,-4.9,-3.79,-4.32,1969m2,-8.720000000000001,-7.72,-5.97,-5.57,-5.33,-5.02,-5.74,-5.36,-4.25,-4.78
196903,2.66,.46,2.45,4.19,6.04,1.17,3.22,4.59,1.63,1.94,3.39,3.86,1969m3,1.99,3.73,5.58,.71,2.76,4.13,1.17,1.48,2.93,3.4
196904,1.46,.53,3.23,1.58,-.43,4.64,.07,2.69,.95,2.59,2.49,2.95,1969m4,2.7,1.05,-.96,4.109999999999999,-.46,2.16,.4199999999999999,2.06,1.96,2.42
196905,-.09,.48,-.75,1.18,.76,1.03,1.23,-.61,2,-1.75,1.06,-.34,1969m5,-1.23,.7,.28,.55,.75,-1.09,1.52,-2.23,.5800000000000001,-.8200000000000001
196906,-7.19,.51,-11.06,-9.77,-9.960000000000001,-6.32,-7.55,-6.92,-6.32,-5.23,-4.93,-1.56,1969m6,-11.57,-10.28,-10.47,-6.83,-8.06,-7.43,-6.83,-5.74,-5.44,-2.07
196907,-7,.53,-9.130000000000001,-9.279999999999999,-7.04,-6.58,-6.44,-5.27,-6.13,-6.11,-5.54,-5.01,1969m7,-9.66,-9.809999999999999,-7.57,-7.11,-6.970000000000001,-5.8,-6.66,-6.640000000000001,-6.07,-5.54
196908,4.69,.5,5.45,3.49,7.09,3.65,4.48,5.66,4.08,4.8,4.91,6.56,1969m8,4.95,2.99,6.59,3.15,3.98,5.16,3.58,4.3,4.41,6.06
196909,-2.97,.62,-2.56,-4.35,-6.57,-2.64,-4.17,-3.32,-1.29,-1.05,-1.34,-.06,1969m9,-3.18,-4.97,-7.19,-3.26,-4.79,-3.94,-1.91,-1.67,-1.96,-.6799999999999999
196910,5.06,.6,7.54,5.5,5.47,4.04,3,6.83,7.17,5.51,6.31,6.18,1969m10,6.94,4.9,4.87,3.44,2.4,6.23,6.57,4.91,5.71,5.58
196911,-3.8,.52,-5.49,-4.39,-5.04,-1.63,-4.48,-3.31,-3.86,-3.83,-2.81,-1.77,1969m11,-6.01,-4.91,-5.56,-2.15,-5,-3.83,-4.38,-4.35,-3.33,-2.29
196912,-2.63,.64,-4.81,-1.28,-2.62,-4.05,-1.23,-1.82,-1.9,-2.3,-.49,-.22,1969m12,-5.449999999999999,-1.92,-3.26,-4.69,-1.87,-2.46,-2.54,-2.94,-1.13,-.86
197001,-8.1,.6,-5.38,-7.69,-8.65,-6.06,-7.67,-8.390000000000001,-6.52,-8.07,-7.01,-8.52,1970m1,-5.98,-8.290000000000001,-9.25,-6.659999999999999,-8.27,-8.99,-7.119999999999999,-8.67,-7.609999999999999,-9.119999999999999
197002,5.14,.62,7.08,7.58,8.67,8.5,4.68,7.25,5.82,4.3,5.57,3.07,1970m2,6.46,6.96,8.050000000000001,7.88,4.06,6.63,5.2,3.68,4.95,2.45
197003,-1.06,.57,-.88,-1.69,.59,.66,1.39,-.67,1.01,-1.83,.02,-1.6,1970m3,-1.45,-2.26,.02,.0900000000000001,.82,-1.24,.4400000000000001,-2.4,-.5499999999999999,-2.17
197004,-10.99,.5,-14.12,-9.279999999999999,-9.470000000000001,-9.26,-8.77,-10.16,-11.19,-9.69,-8.210000000000001,-12.17,1970m4,-14.62,-9.779999999999999,-9.970000000000001,-9.76,-9.27,-10.66,-11.69,-10.19,-8.710000000000001,-12.67
197005,-6.9,.53,-8.710000000000001,-5.25,-3.26,-5.39,-2.71,-6.29,-6.29,-9.619999999999999,-6.87,-7.01,1970m5,-9.24,-5.78,-3.79,-5.92,-3.24,-6.82,-6.82,-10.15,-7.4,-7.54
197006,-5.8,.58,-10,-3.39,-3.56,-7.45,-5.21,-3.42,-3.14,-3.57,-3.81,-7.09,1970m6,-10.58,-3.97,-4.14,-8.029999999999999,-5.79,-4,-3.72,-4.149999999999999,-4.39,-7.67
197007,6.92,.52,7.27,8.220000000000001,8.49,10.07,9.56,8.880000000000001,8.130000000000001,8.6,5.04,4.21,1970m7,6.75,7.700000000000001,7.970000000000001,9.550000000000001,9.040000000000001,8.360000000000001,7.610000000000001,8.08,4.52,3.69
197008,4.5,.53,3.85,5.3,5.27,2.69,6.62,5.27,5.58,4.72,5.31,5.69,1970m8,3.32,4.77,4.739999999999999,2.16,6.09,4.739999999999999,5.05,4.19,4.779999999999999,5.16
197009,4.18,.54,13.42,4.57,2.41,2.14,3.8,2.28,3.27,4.33,4.98,6.98,1970m9,12.88,4.03,1.87,1.6,3.26,1.74,2.73,3.79,4.44,6.44
197010,-2.27,.46,-7.97,-.6,-2.21,-3.61,.19,-1.39,-1.03,-1.89,-2.11,-.36,1970m10,-8.43,-1.06,-2.67,-4.07,-.27,-1.85,-1.49,-2.35,-2.57,-.8200000000000001
197011,4.62,.46,3.19,3.93,5.23,6.11,5.73,5.26,4.44,4.93,5.6,5.13,1970m11,2.73,3.47,4.77,5.65,5.27,4.8,3.98,4.47,5.14,4.67
197012,5.74,.42,8.25,6.55,5.35,6.34,5.71,6.78,6.96,6.81,7.56,4.64,1970m12,7.83,6.13,4.93,5.92,5.29,6.36,6.54,6.39,7.14,4.22
197101,4.83,.38,10.55,4.92,4.46,6.65,1.44,7.05,4.41,4.22,5.18,4.04,1971m1,10.17,4.54,4.08,6.27,1.06,6.67,4.03,3.84,4.8,3.66
197102,1.41,.33,3.43,1.33,1.91,-1.49,3.48,.33,3.25,2.52,1.78,2.33,1971m2,3.1,1,1.58,-1.82,3.15,0,2.92,2.19,1.45,2
197103,4.12,.3,5.53,3.03,4.07,2.58,4.09,3.64,4.26,4.56,5.68,5.4,1971m3,5.23,2.73,3.77,2.28,3.79,3.34,3.96,4.26,5.38,5.100000000000001
197104,3.15,.28,5.6,5.87,3.07,2.05,1.96,3.9,4.02,1.8,5,3.54,1971m4,5.319999999999999,5.59,2.79,1.77,1.68,3.62,3.739999999999999,1.52,4.72,3.26
197105,-3.99,.29,-4.36,-4.86,-5.67,-4.17,-3.61,-2.55,-2.17,-3.79,-2.06,-4.24,1971m5,-4.65,-5.15,-5.96,-4.46,-3.9,-2.84,-2.46,-4.08,-2.35,-4.53
197106,-.09,.37,-1.07,-1.42,.72,.08,.41,2.07,1.41,.93,.16,-.45,1971m6,-1.44,-1.79,.35,-.29,.04,1.7,1.04,.5600000000000001,-.21,-.8200000000000001
197107,-4.49,.4,-7.57,-3.94,-4.25,-3.47,-3.81,-4.22,-3.9,-2.94,-4.13,-5.09,1971m7,-7.970000000000001,-4.34,-4.65,-3.87,-4.21,-4.62,-4.3,-3.34,-4.53,-5.49
197108,3.79,.47,8.26,5.78,3.6,5.32,2.44,1.1,5.59,3.84,6.33,4.19,1971m8,7.79,5.31,3.13,4.850000000000001,1.97,.6300000000000001,5.12,3.37,5.86,3.720000000000001
197109,-.86,.37,-4.15,-.97,-1.34,-.78,-.42,-1.35,-.47,-.23,1.06,.1,1971m9,-4.52,-1.34,-1.71,-1.15,-.79,-1.72,-.84,-.6,.6900000000000001,-.27
197110,-4.42,.37,-7.05,-5.38,-3.74,-4.27,-3.58,-4.55,-4.06,-4.22,-3.81,-2.57,1971m10,-7.42,-5.75,-4.11,-4.64,-3.95,-4.92,-4.43,-4.59,-4.18,-2.94
197111,-.46,.37,-3.45,-2.63,-1.35,.53,-.32,-.93,-.72,.66,1.84,.79,1971m11,-3.82,-3,-1.72,.16,-.6899999999999999,-1.3,-1.09,.29,1.47,.42
197112,8.710000000000001,.37,11.63,10.48,10.24,6.44,8.619999999999999,10.09,8.09,8.380000000000001,10.53,9.359999999999999,1971m12,11.26,10.11,9.870000000000001,6.07,8.25,9.720000000000001,7.72,8.010000000000002,10.16,8.99
197201,2.47,.29,8.050000000000001,4.61,1.92,1.19,.53,1.94,.59,1.75,3.01,5.42,1972m1,7.760000000000001,4.32,1.63,.8999999999999999,.24,1.65,.3,1.46,2.72,5.13
197202,2.87,.25,2.68,2.48,1.34,1.17,2.7,3.63,1.23,5.26,5.66,3.47,1972m2,2.43,2.23,1.09,.9199999999999999,2.45,3.38,.98,5.01,5.41,3.22
197203,.62,.27,-.33,-.42,-.72,1.17,.87,-3.26,3.42,1.92,1.99,1.31,1972m3,-.6000000000000001,-.6899999999999999,-.99,.8999999999999999,.6,-3.53,3.15,1.65,1.72,1.04
197204,.29,.29,2.48,1.05,1.53,-1.31,-.18,.09,1.54,.71,1.32,.54,1972m4,2.19,.76,1.24,-1.6,-.47,-.2,1.25,.42,1.03,.2500000000000001
197205,1.29,.3,-1.64,-.9,.79,-.93,1.32,3.39,-.95,2.45,4.04,3.04,1972m5,-1.94,-1.2,.49,-1.23,1.02,3.09,-1.25,2.15,3.74,2.74
197206,-2.43,.29,-5.75,-3.7,-3.26,-2.04,-3.58,-3.16,-2.37,-.5600000000000001,-.64,-1.01,1972m6,-6.04,-3.99,-3.55,-2.33,-3.87,-3.45,-2.66,-.8500000000000001,-.9299999999999999,-1.3
197207,-.8,.31,-4.72,-4.44,-1.74,-1.29,-.98,-1.12,-.67,.47,1.14,.76,1972m7,-5.029999999999999,-4.75,-2.05,-1.6,-1.29,-1.43,-.98,.16,.8299999999999998,.45
197208,3.27,.29,5.05,5.64,4.83,4.86,3.41,4.63,6.27,4.66,.53,2.29,1972m8,4.76,5.35,4.54,4.57,3.12,4.34,5.98,4.37,.24,2
197209,-1.14,.34,-4.28,-3.26,-.91,-1.16,.53,-1.63,-.63,-.84,-.04,-.6,1972m9,-4.62,-3.6,-1.25,-1.5,.19,-1.97,-.97,-1.18,-.38,-.9399999999999999
197210,.52,.4,-1.7,1.08,.84,1.56,2.4,2.06,.36,2.3,1.85,-1.39,1972m10,-2.1,.68,.4399999999999999,1.16,2,1.66,-.04,1.9,1.45,-1.79
197211,4.6,.37,5.27,9.07,6.57,7.56,5.96,5.67,6.26,4.75,2.8,2.98,1972m11,4.899999999999999,8.700000000000001,6.2,7.19,5.59,5.3,5.89,4.38,2.43,2.61
197212,.62,.37,-2.9,-2.71,-.86,-.99,1.36,1.41,-.02,1.88,3.11,1.8,1972m12,-3.27,-3.08,-1.23,-1.36,.9900000000000001,1.04,-.39,1.51,2.74,1.43
197301,-3.27,.44,-4.53,-4.99,-2.14,-2.54,-3.52,-4.02,-2.69,-1.54,-4.06,-.09,1973m1,-4.970000000000001,-5.430000000000001,-2.58,-2.98,-3.96,-4.46,-3.13,-1.98,-4.5,-.53
197302,-4.85,.42,-4.28,-4.63,-6.35,-5.9,-3.79,-4.14,-7.34,-2.72,-3.98,-3.12,1973m2,-4.7,-5.05,-6.77,-6.32,-4.21,-4.56,-7.76,-3.14,-4.4,-3.54
197303,-1.3,.46,-.88,.87,-.61,.11,-1.88,-1.42,1.61,-1.1,.53,-.88,1973m3,-1.34,.41,-1.07,-.35,-2.34,-1.88,1.15,-1.56,.07,-1.34
197304,-5.68,.52,-6.31,-5.53,-4.24,-3.47,-1.56,-3.99,-4.16,-3.96,-6.56,-5.51,1973m4,-6.83,-6.050000000000001,-4.76,-3.99,-2.08,-4.51,-4.68,-4.48,-7.08,-6.029999999999999
197305,-2.97,.51,-6.9,-5.26,-4.24,-3.53,-.68,-2.89,-1.98,-.42,-1.01,-2.02,1973m5,-7.41,-5.77,-4.75,-4.04,-1.19,-3.4,-2.49,-.9299999999999999,-1.52,-2.53
197306,-1.57,.51,-2.21,-1.48,-2.06,-1.06,-1.55,-1.66,-2.12,-.45,-.27,-.18,1973m6,-2.72,-1.99,-2.57,-1.57,-2.06,-2.17,-2.63,-.96,-.78,-.6899999999999999
197307,5.04,.64,9.390000000000001,8.380000000000001,7.42,3.9,3.66,5.91,7.96,7.47,4.99,4.04,1973m7,8.75,7.740000000000001,6.78,3.26,3.02,5.27,7.32,6.83,4.350000000000001,3.4
197308,-3.82,.7,-.61,-.45,-4.38,-2.93,-3.07,-2.7,-3.37,-3.58,-3.25,-3.54,1973m8,-1.31,-1.15,-5.08,-3.63,-3.77,-3.4,-4.07,-4.28,-3.95,-4.24
197309,4.74,.68,7.27,9.5,6.81,8.140000000000001,7.92,9.33,7.78,5.65,5.45,-1.44,1973m9,6.59,8.82,6.13,7.460000000000001,7.24,8.65,7.100000000000001,4.970000000000001,4.77,-2.12
197310,-.83,.65,1.98,.73,-1.39,1.07,-1.94,.28,-.79,.64,-.38,.06,1973m10,1.33,.08,-2.04,.42,-2.59,-.37,-1.44,-.01,-1.03,-.5900000000000001
197311,-12.78,.5600000000000001,-12.06,-9.720000000000001,-13.5,-14.24,-9.199999999999999,-12.92,-16.93,-11.77,-12.34,-11.95,1973m11,-12.62,-10.28,-14.06,-14.8,-9.76,-13.48,-17.49,-12.33,-12.9,-12.51
197312,.59,.64,3.95,4.92,1.51,5.95,3.7,2.6,.41,1.99,1.38,-4.06,1973m12,3.31,4.28,.87,5.31,3.06,1.96,-.23,1.35,.7399999999999999,-4.699999999999999
197401,-.16,.63,4.61,.58,4.09,-.89,.97,2.57,1.52,-1.75,-2.29,.83,1974m1,3.98,-.05,3.46,-1.52,.34,1.94,.89,-2.38,-2.92,.2
197402,-.46,.58,.9399999999999999,1.21,1.68,-.21,2.55,2.3,1.43,-1.63,-.8,-1.37,1974m2,.36,.63,1.1,-.7899999999999999,1.97,1.72,.85,-2.21,-1.38,-1.95
197403,-2.82,.5600000000000001,-4.09,-4.54,-6.46,-2.12,-3.16,-2.89,-1.65,-.57,-1.37,-1.08,1974m3,-4.65,-5.1,-7.02,-2.68,-3.72,-3.45,-2.21,-1.13,-1.93,-1.64
197404,-5.28,.75,-5.74,-7.82,-7.14,-5.02,-5.05,-5.76,-3.91,-2.58,-2.86,-4.13,1974m4,-6.49,-8.57,-7.89,-5.77,-5.8,-6.51,-4.66,-3.33,-3.61,-4.88
197405,-4.7,.75,-9.08,-8.91,-10.68,-6.06,-2.1,-5.85,-3.08,-2.77,-.99,-2.15,1974m5,-9.83,-9.66,-11.43,-6.81,-2.85,-6.6,-3.83,-3.52,-1.74,-2.9
197406,-2.84,.6,-3.73,-1.46,-3.98,-1.82,-1.3,-3.31,-3.42,-1.61,-1.9,-1.5,1974m6,-4.33,-2.06,-4.58,-2.42,-1.9,-3.91,-4.02,-2.21,-2.5,-2.1
197407,-8.06,.7,-5.21,-4.76,-3.49,-9.49,-5.96,-5.11,-7.49,-8.619999999999999,-7.59,-9.32,1974m7,-5.91,-5.46,-4.19,-10.19,-6.66,-5.81,-8.19,-9.319999999999999,-8.289999999999999,-10.02
197408,-9.390000000000001,.6,-7.63,-9.08,-9.050000000000001,-9.73,-5.1,-9.91,-10.08,-10.57,-10.49,-7.33,1974m8,-8.23,-9.68,-9.65,-10.33,-5.699999999999999,-10.51,-10.68,-11.17,-11.09,-7.93
197409,-11.79,.8100000000000001,-5.86,-6.31,-10.77,-7.95,-6.46,-7.52,-11.96,-11.39,-13.48,-15.62,1974m9,-6.67,-7.119999999999999,-11.58,-8.76,-7.27,-8.33,-12.77,-12.2,-14.29,-16.43
197410,16.11,.51,16.8,18.37,14.8,12.15,17.11,18.13,21.32,16.51,18.49,15.86,1974m10,16.29,17.86,14.29,11.64,16.6,17.62,20.81,16,17.98,15.35
197411,-4.53,.54,-.5600000000000001,-1.25,-.84,-4.79,-3.45,-3.55,-3.09,-3.95,-6.56,-4.92,1974m11,-1.1,-1.79,-1.38,-5.33,-3.99,-4.09,-3.63,-4.49,-7.1,-5.46
197412,-3.44,.7,-3.9,-2.41,-4.79,-.92,.23,-1.17,-1.89,-4.59,-2.92,-3.87,1974m12,-4.6,-3.11,-5.49,-1.62,-.47,-1.87,-2.59,-5.29,-3.62,-4.57
197501,13.67,.58,15.58,16.42,17.23,19.36,10.59,13.53,11.67,14.73,10.81,15.32,1975m1,15,15.84,16.65,18.78,10.01,12.95,11.09,14.15,10.23,14.74
197502,5.56,.43,3.78,3.74,5.55,2.39,3.94,3.03,4.77,7.31,8.039999999999999,9.68,1975m2,3.35,3.31,5.12,1.96,3.51,2.6,4.34,6.88,7.609999999999999,9.25
197503,2.66,.41,2.99,2.28,6.38,5.18,.68,4.78,4.36,4.15,2.99,2.01,1975m3,2.58,1.87,5.97,4.77,.2700000000000001,4.37,3.95,3.74,2.58,1.6
197504,4.22,.44,4.44,2.67,5.57,.48,3.02,4.71,5.98,3.63,8.720000000000001,5.47,1975m4,4,2.23,5.13,.04,2.58,4.27,5.54,3.19,8.280000000000001,5.029999999999999
197505,5.2,.44,7.37,7.52,4.51,7.36,5.76,5.22,5.77,2.51,6.48,5.82,1975m5,6.93,7.079999999999999,4.069999999999999,6.92,5.319999999999999,4.779999999999999,5.329999999999999,2.07,6.04,5.38
197506,4.87,.41,6.97,7.75,7.91,7.31,5.04,6.97,5.55,6.43,4.11,2.7,1975m6,6.56,7.34,7.5,6.899999999999999,4.63,6.56,5.14,6.02,3.7,2.29
197507,-6.6,.48,-6.14,-4.96,-7.82,-5.4,-3.25,-5.61,-7.52,-6.17,-7.18,-6.43,1975m7,-6.619999999999999,-5.44,-8.300000000000001,-5.880000000000001,-3.73,-6.09,-8,-6.65,-7.66,-6.91
197508,-2.84,.48,-5.37,-3.76,-2.35,-.7,-2.98,-3.07,-2.49,-2.83,-1.88,-1.17,1975m8,-5.85,-4.24,-2.83,-1.18,-3.46,-3.55,-2.97,-3.31,-2.36,-1.65
197509,-4.26,.53,-4.49,-3.71,-4.61,-3.34,-1.65,-3.36,-5.43,-6.33,-4.16,-1.89,1975m9,-5.02,-4.24,-5.140000000000001,-3.87,-2.18,-3.89,-5.96,-6.86,-4.69,-2.42
197510,5.32,.5600000000000001,5.04,5.78,7.54,6.56,7.93,4.72,7.38,7.42,4.66,4.55,1975m10,4.48,5.220000000000001,6.98,6,7.369999999999999,4.16,6.82,6.859999999999999,4.1,3.99
197511,2.65,.41,4.75,3.66,4.74,3.72,3.97,2.26,2.82,1.93,3.73,1.98,1975m11,4.34,3.25,4.33,3.31,3.56,1.85,2.41,1.52,3.32,1.57
197512,-1.6,.48,-.37,-1.33,-1.85,-1.85,.3,-.9,-1.22,-1.54,-1.59,-1.1,1975m12,-.85,-1.81,-2.33,-2.33,-.18,-1.38,-1.7,-2.02,-2.07,-1.58
197601,12.15,.47,15.87,12.46,12.54,14.53,10.19,13.9,13.52,13.66,11.55,12.58,1976m1,15.4,11.99,12.07,14.06,9.719999999999999,13.43,13.05,13.19,11.08,12.11
197602,.31,.34,6.92,1.54,2.56,.7,2.54,-.48,-.5600000000000001,.55,-1.65,.02,1976m2,6.58,1.2,2.22,.3599999999999999,2.2,-.8200000000000001,-.9000000000000001,.21,-1.99,-.32
197603,2.32,.4,3.27,3.63,3.5,3.23,2.19,2.77,.37,2.95,4.62,2.61,1976m3,2.87,3.23,3.1,2.83,1.79,2.37,-.03,2.55,4.22,2.21
197604,-1.49,.42,-2.67,-.87,-3.17,-.41,.45,.05,-.15,-1.19,-2.44,-1.38,1976m4,-3.09,-1.29,-3.59,-.83,.03,-.37,-.57,-1.61,-2.86,-1.8
197605,-1.34,.37,-3.91,-1.66,-3.23,-1.23,-2.35,-.61,-2.11,-.1,-1.33,1.89,1976m5,-4.28,-2.03,-3.6,-1.6,-2.72,-.98,-2.48,-.47,-1.7,1.52
197606,4.06,.43,6.14,5.83,4.37,5.18,3.05,5.23,3.8,4.58,3.78,5.54,1976m6,5.71,5.4,3.94,4.75,2.62,4.800000000000001,3.37,4.15,3.35,5.11
197607,-1.06,.47,3.67,-.8100000000000001,-.49,-.06,.34,-1.11,-.97,-.6899999999999999,-.61,-1.41,1976m7,3.2,-1.28,-.96,-.53,-.1299999999999999,-1.58,-1.44,-1.16,-1.08,-1.88
197608,-.57,.42,-.99,1.41,-.37,1.25,1.78,-1.43,-1.16,.1,-2.45,-.19,1976m8,-1.41,.99,-.79,.8300000000000001,1.36,-1.85,-1.58,-.32,-2.87,-.61
197609,2.06,.44,1.53,1.41,2.91,2.68,2.76,2.21,2.92,2.16,2.21,3.41,1976m9,1.09,.97,2.47,2.24,2.32,1.77,2.48,1.72,1.77,2.97
197610,-2.42,.41,-2.06,-2.14,-1.97,-1.7,-.97,-1.53,-1.35,-2.03,-2.59,-3,1976m10,-2.47,-2.55,-2.38,-2.11,-1.38,-1.94,-1.76,-2.44,-3,-3.41
197611,.36,.4,3.04,3.16,1.02,2.13,2.56,-1.68,.75,-.36,1.82,-.68,1976m11,2.64,2.76,.62,1.73,2.16,-2.08,.35,-.76,1.42,-1.08
197612,5.65,.4,6.48,5.83,7.14,6.25,4.21,9.029999999999999,5.13,5,5.83,6.28,1976m12,6.08,5.43,6.739999999999999,5.85,3.81,8.629999999999999,4.73,4.6,5.43,5.88
197701,-4.03,.36,-3.39,-4.32,-2.93,-1.8,-2.14,-3.25,-4.61,-6.88,-4.23,-3.02,1977m1,-3.75,-4.680000000000001,-3.29,-2.16,-2.5,-3.61,-4.970000000000001,-7.24,-4.590000000000001,-3.38
197702,-1.94,.35,-2.11,-1.09,-1.68,-2.93,-.07,-1.56,-1.31,-2.08,-2.29,-1.45,1977m2,-2.46,-1.44,-2.03,-3.28,-.42,-1.91,-1.66,-2.43,-2.64,-1.8
197703,-1.35,.38,-.33,.03,-.43,-1.44,-.46,-.66,-1.84,-2.93,.27,-.85,1977m3,-.71,-.35,-.8100000000000001,-1.82,-.8400000000000001,-1.04,-2.22,-3.31,-.11,-1.23
197704,.15,.38,4.34,1.94,2.37,.74,-.16,1.81,.73,-.8100000000000001,1.25,-1.3,1977m4,3.96,1.56,1.99,.36,-.54,1.43,.35,-1.19,.87,-1.68
197705,-1.47,.37,-.84,-1.73,-2.08,-.57,.55,.07,-2.31,-1.53,.07,-2.01,1977m5,-1.21,-2.1,-2.45,-.9399999999999999,.18,-.3,-2.68,-1.9,-.3,-2.38
197706,4.72,.4,7.11,4.16,3.9,5.56,3.02,3.99,5.43,5.07,6.04,6.45,1977m6,6.71,3.76,3.5,5.159999999999999,2.62,3.59,5.029999999999999,4.67,5.64,6.05
197707,-1.69,.42,-2.95,-2.69,.01,.36,-1.06,-.86,-2.28,-.96,-2.11,-1.09,1977m7,-3.37,-3.11,-.41,-.06,-1.48,-1.28,-2.7,-1.38,-2.53,-1.51
197708,-1.76,.44,-2.89,-.68,-2.69,-2.44,-1.55,-1.33,-.31,-.19,-1.89,-1.32,1977m8,-3.33,-1.12,-3.13,-2.88,-1.99,-1.77,-.75,-.63,-2.33,-1.76
197709,-.27,.43,-.75,-1.98,.66,.54,1.92,-.14,-.37,.11,.21,-.01,1977m9,-1.18,-2.41,.23,.11,1.49,-.5700000000000001,-.8,-.32,-.22,-.44
197710,-4.39,.49,-6.07,-2.86,-3.06,-4.47,-4.54,-3.57,-4.13,-4.28,-4.45,-3.02,1977m10,-6.56,-3.35,-3.55,-4.96,-5.03,-4.06,-4.62,-4.77,-4.94,-3.51
197711,4,.5,6.37,5.08,4.33,5.65,3.98,5.47,5.15,3.75,3.9,3.9,1977m11,5.87,4.58,3.83,5.15,3.48,4.97,4.65,3.25,3.4,3.4
197712,.27,.49,-.07,-.34,.57,.4,1.38,.58,.1,.33,.99,1.58,1977m12,-.5600000000000001,-.8300000000000001,.08,-.09,.8899999999999999,.09,-.39,-.16,.5,1.09
197801,-6,.49,-3.74,-5.11,-4.91,-4.26,-4.73,-5.75,-6.1,-7.33,-5.98,-5.46,1978m1,-4.23,-5.600000000000001,-5.4,-4.75,-5.220000000000001,-6.24,-6.59,-7.82,-6.470000000000001,-5.95
197802,-1.39,.46,-.9,-1.6,-.87,-.19,1.38,-.65,-1.81,-1.77,-1.69,-1.44,1978m2,-1.36,-2.06,-1.33,-.65,.9199999999999999,-1.11,-2.27,-2.23,-2.15,-1.9
197803,2.85,.53,6.23,2.27,4.37,3.62,3.34,4.8,4.77,3.61,2.8,1.68,1978m3,5.7,1.74,3.84,3.09,2.81,4.27,4.239999999999999,3.08,2.27,1.15
197804,7.87,.54,8.449999999999999,8.1,4.81,6.94,5.85,7.31,9.970000000000001,10.7,9.69,9.94,1978m4,7.909999999999999,7.56,4.27,6.4,5.31,6.77,9.43,10.16,9.149999999999999,9.399999999999999
197805,1.76,.51,3.07,2.99,1.79,2.41,.52,3.2,2.5,2.74,2.48,1.6,1978m5,2.56,2.48,1.28,1.9,.01,2.69,1.99,2.23,1.97,1.09
197806,-1.69,.54,-.58,-.95,-.41,-.52,-1.01,-1.64,.07,-1.29,-2.89,-1.69,1978m6,-1.12,-1.49,-.95,-1.06,-1.55,-2.18,-.47,-1.83,-3.43,-2.23
197807,5.12,.5600000000000001,6.55,4.08,5.72,3.91,6.04,5.46,6.89,5.04,5.84,6.99,1978m7,5.99,3.52,5.16,3.35,5.48,4.9,6.33,4.48,5.279999999999999,6.43
197808,3.78,.5600000000000001,5.49,2.92,2.59,4.74,3.58,4.32,3.48,5.73,4.92,5,1978m8,4.93,2.36,2.03,4.18,3.02,3.76,2.92,5.17,4.359999999999999,4.44
197809,-1.44,.62,1.79,-1.51,-.86,.09,-1.59,-.48,-1.82,-.13,-.34,-2.05,1978m9,1.17,-2.13,-1.48,-.53,-2.21,-1.1,-2.44,-.75,-.96,-2.67
197810,-11.9,.68,-16.83,-11.29,-12.04,-8.57,-12.1,-11.78,-11.37,-10.98,-10.68,-10.78,1978m10,-17.51,-11.97,-12.72,-9.25,-12.78,-12.46,-12.05,-11.66,-11.36,-11.46
197811,2.71,.7,3.14,3.56,4.33,3.54,3.09,3.22,3.58,2.89,3.12,3.72,1978m11,2.44,2.86,3.63,2.84,2.39,2.52,2.88,2.19,2.42,3.02
197812,.87,.78,.54,-1.03,.64,.39,1.37,1.66,1.22,1.39,2.55,4.29,1978m12,-.24,-1.81,-.14,-.39,.5900000000000001,.8799999999999999,.4399999999999999,.6099999999999999,1.77,3.51
197901,4.22,.77,11.3,8.210000000000001,5.19,4.86,4.9,6.15,3.37,4.45,2.74,4.85,1979m1,10.53,7.440000000000001,4.42,4.09,4.130000000000001,5.380000000000001,2.6,3.68,1.97,4.08
197902,-3.56,.73,-2.06,-2.63,-3.58,-2.11,-3.97,-2.32,-2.96,-3.33,-3.19,-3.2,1979m2,-2.79,-3.36,-4.31,-2.84,-4.7,-3.05,-3.69,-4.06,-3.92,-3.93
197903,5.67,.8100000000000001,9.31,5.93,6.59,3.76,6.46,7.21,6.26,6.62,6.47,7.23,1979m3,8.5,5.119999999999999,5.779999999999999,2.95,5.65,6.4,5.449999999999999,5.81,5.66,6.42
197904,-.07,.8,-.21,-.93,-1.13,-1.07,1.02,1.57,1.78,1.46,.65,1.64,1979m4,-1.01,-1.73,-1.93,-1.87,.22,.77,.98,.6599999999999999,-.15,.8399999999999999
197905,-2.2,.82,-.36,-.46,-.65,-.62,-1.48,-1.5,-2.71,-1.98,-2.22,-1.52,1979m5,-1.18,-1.28,-1.47,-1.44,-2.3,-2.32,-3.53,-2.8,-3.04,-2.34
197906,3.84,.8100000000000001,6.81,5,6.79,3.57,5.45,5.92,3.79,5.35,4.76,2.67,1979m6,6,4.19,5.98,2.76,4.640000000000001,5.109999999999999,2.98,4.539999999999999,3.95,1.86
197907,.83,.77,2.6,1.64,2.42,1.07,1.89,2.16,3.01,2.27,1.88,-.89,1979m7,1.83,.8699999999999999,1.65,.3,1.12,1.39,2.24,1.5,1.11,-1.66
197908,5.54,.77,6.8,3.95,4.81,4.31,7.44,8.880000000000001,6.61,7.41,6.37,6.11,1979m8,6.029999999999999,3.18,4.039999999999999,3.54,6.67,8.110000000000001,5.84,6.640000000000001,5.6,5.34
197909,-.83,.83,-1.3,-2.13,.74,-.91,.5,.21,-.3,.8100000000000001,1.24,-.48,1979m9,-2.13,-2.96,-.09,-1.74,-.33,-.62,-1.13,-.0199999999999999,.41,-1.31
197910,-8.1,.87,-10.4,-6.99,-8.279999999999999,-6.96,-6.84,-6.72,-7.97,-5.88,-5.62,-8.07,1979m10,-11.27,-7.86,-9.149999999999999,-7.83,-7.71,-7.59,-8.84,-6.75,-6.49,-8.94
197911,5.22,.99,6.35,6.88,7.13,5.18,7.07,6.48,5.05,4.84,6.54,6.55,1979m11,5.359999999999999,5.89,6.14,4.19,6.08,5.49,4.06,3.85,5.55,5.56
197912,1.78,.95,4.85,1.27,3.67,1.01,3.37,3.25,3.08,2.33,3.02,2.04,1979m12,3.899999999999999,.3200000000000001,2.72,.0600000000000001,2.42,2.3,2.13,1.38,2.07,1.09
198001,5.5,.8,9.73,5.28,6.66,2.06,6.34,8.369999999999999,5.99,7.27,6.28,6.04,1980m1,8.93,4.48,5.86,1.26,5.54,7.569999999999999,5.19,6.47,5.48,5.24
198002,-1.23,.89,.37,-2.18,-.34,.8100000000000001,-1.06,-.25,-4.62,.11,3.54,-2.69,1980m2,-.52,-3.07,-1.23,-.08,-1.95,-1.14,-5.51,-.78,2.65,-3.58
198003,-12.9,1.21,-17.14,-10.57,-13.27,-8.779999999999999,-10.67,-12.88,-8.82,-10.12,-11.74,-12.61,1980m3,-18.35,-11.78,-14.48,-9.989999999999998,-11.88,-14.09,-10.03,-11.33,-12.95,-13.82
198004,3.95,1.26,4.82,7.99,7.21,6.79,6.2,4.94,2.92,5.53,5.3,1.51,1980m4,3.56,6.73,5.95,5.53,4.94,3.680000000000001,1.66,4.27,4.04,.25
198005,5.26,.8100000000000001,6.41,6.71,5.34,6,6.16,6.06,6.1,6.73,5.53,5.2,1980m5,5.6,5.9,4.529999999999999,5.19,5.35,5.25,5.289999999999999,5.92,4.720000000000001,4.390000000000001
198006,2.98,.61,3.94,4.07,4.14,2.21,3.82,2.56,2.66,3.19,3.43,4.14,1980m6,3.33,3.46,3.53,1.6,3.21,1.95,2.05,2.58,2.82,3.53
198007,6.51,.53,5.38,3.26,6.4,4.76,6.34,6.44,8.76,8.17,10.34,8.140000000000001,1980m7,4.85,2.73,5.87,4.23,5.81,5.91,8.23,7.64,9.81,7.61
198008,1.75,.64,1.46,.18,1,3.07,3.74,2.7,2.18,.98,2.91,3.09,1980m8,.82,-.46,.36,2.43,3.1,2.06,1.54,.34,2.27,2.45
198009,2.19,.75,.45,2.52,2.73,.54,2.6,3.4,4.22,4.4,2.71,3.43,1980m9,-.3,1.77,1.98,-.21,1.85,2.65,3.47,3.65,1.96,2.68
198010,1.04,.95,1.76,-.7,1.71,-.58,2.58,1.77,2.14,2.19,.05,5.48,1980m10,.8100000000000001,-1.65,.76,-1.53,1.63,.8200000000000001,1.19,1.24,-.8999999999999999,4.53
198011,9.6,.96,5.42,4.47,6.86,5.3,12.33,15.99,11.46,12.76,8.51,13.28,1980m11,4.46,3.51,5.9,4.34,11.37,15.03,10.5,11.8,7.55,12.32
198012,-4.46,1.31,-3.48,-.58,-1.28,-.97,-3.19,-2.94,-2.68,-5.57,.39,-4.61,1980m12,-4.79,-1.89,-2.59,-2.28,-4.5,-4.25,-3.99,-6.880000000000001,-.92,-5.92
198101,-5.06,1.04,1.95,-1.83,-1.54,1.35,-4.13,-7.13,-4.05,-4.97,-3.98,-7.22,1981m1,.9099999999999999,-2.87,-2.58,.3100000000000001,-5.17,-8.17,-5.09,-6.01,-5.02,-8.26
198102,.61,1.07,.72,.64,1.71,1.67,1.96,2.57,4.73,3.43,2.99,-.97,1981m2,-.3500000000000001,-.43,.6399999999999999,.5999999999999999,.8899999999999999,1.5,3.66,2.36,1.92,-2.04
198103,3.67,1.21,8.359999999999999,9.470000000000001,7.13,6.2,3.49,4.73,4.37,4.41,5.56,1.14,1981m3,7.149999999999999,8.260000000000002,5.92,4.99,2.28,3.52,3.16,3.2,4.35,-.0700000000000001
198104,-2.16,1.08,.12,-.82,-1.08,1.95,-.41,-2.06,-2.48,-2.63,.45,-1.97,1981m4,-.9600000000000001,-1.9,-2.16,.8699999999999999,-1.49,-3.14,-3.56,-3.71,-.6300000000000001,-3.05
198105,.13,1.15,2.22,1.85,1.62,2.93,1.01,.14,-.39,.55,3.16,.34,1981m5,1.07,.7000000000000002,.4700000000000002,1.78,-.1399999999999999,-1.01,-1.54,-.5999999999999999,2.01,-.8099999999999998
198106,-2.34,1.35,-2.12,-.17,1.73,-.68,-1.96,-.02,-1.86,-1,-2.84,-.03,1981m6,-3.47,-1.52,.3799999999999999,-2.03,-3.31,-1.37,-3.21,-2.35,-4.19,-1.38
198107,-1.55,1.24,-2.24,-1.57,-1.88,-1.9,-1.04,.12,-1.03,1.56,-.04,1.74,1981m7,-3.48,-2.81,-3.12,-3.14,-2.28,-1.12,-2.27,.3200000000000001,-1.28,.5
198108,-7.02,1.28,-8.27,-5.44,-6.1,-7.29,-3.7,-4.31,-5.97,-6.64,-5.82,-6.48,1981m8,-9.549999999999999,-6.720000000000001,-7.38,-8.57,-4.98,-5.59,-7.25,-7.92,-7.100000000000001,-7.760000000000001
198109,-7.19,1.24,-8.32,-4.45,-5.52,-4.2,-2.97,-6.45,-4.92,-6.25,-6.27,-7.55,1981m9,-9.56,-5.69,-6.76,-5.44,-4.21,-7.69,-6.16,-7.49,-7.51,-8.789999999999999
198110,4.92,1.21,3.03,2.48,5.86,6.56,4.83,5.69,6.92,7.42,8.69,6.03,1981m10,1.82,1.27,4.65,5.35,3.62,4.48,5.71,6.21,7.48,4.82
198111,3.4,1.07,3.75,5.78,5.38,5.04,3.83,3.82,4.2,4.51,3.02,4.66,1981m11,2.68,4.71,4.31,3.97,2.76,2.75,3.13,3.44,1.95,3.59
198112,-3.63,.87,-3.68,-2.38,-3.33,-2.03,-1.49,-2.08,-2.73,-3.83,-2.69,-3.01,1981m12,-4.55,-3.25,-4.2,-2.9,-2.36,-2.95,-3.6,-4.7,-3.56,-3.88
198201,-3.23,.8,-1.3,-.87,-1.64,-1.7,-1.6,-4.05,-2.59,-3.58,-2.96,-1.36,1982m1,-2.1,-1.67,-2.44,-2.5,-2.4,-4.85,-3.39,-4.38,-3.76,-2.16
198202,-5.86,.92,-2.82,-.93,-2.02,-2.75,-5.57,-4.74,-5.58,-7.33,-4.64,-6.39,1982m2,-3.74,-1.85,-2.94,-3.67,-6.49,-5.66,-6.5,-8.25,-5.56,-7.31
198203,-1.82,.98,.36,.86,-.05,-.18,.33,-1.1,-.9399999999999999,-.6899999999999999,.06,-3.05,1982m3,-.62,-.12,-1.03,-1.16,-.6499999999999999,-2.08,-1.92,-1.67,-.9199999999999999,-4.029999999999999
198204,3.24,1.13,3.64,4.07,4.26,4.86,1.77,3.55,5.27,3.89,5.52,6.36,1982m4,2.51,2.94,3.13,3.73,.6400000000000001,2.42,4.14,2.76,4.39,5.23
198205,-3.93,1.06,-3.01,-3.07,-4.75,-3.88,-3.1,-1.68,-3.95,-1.19,-3.69,-1.92,1982m5,-4.07,-4.13,-5.81,-4.94,-4.16,-2.74,-5.01,-2.25,-4.75,-2.98
198206,-3.08,.96,-1.12,-1.27,-2.28,-2.68,-2.91,-2.01,-1.67,-.76,-2.52,-2.31,1982m6,-2.08,-2.23,-3.24,-3.64,-3.87,-2.97,-2.63,-1.72,-3.48,-3.27
198207,-3.2,1.05,-2.7,-3.09,-2.15,-1.76,-1.7,-3.71,-1.49,-3.41,-2.92,.1,1982m7,-3.75,-4.14,-3.2,-2.81,-2.75,-4.76,-2.54,-4.46,-3.97,-.9500000000000001
198208,11.23,.76,13.02,12.84,14.86,15.05,11.78,11.64,11.59,12.29,9.59,9.67,1982m8,12.26,12.08,14.1,14.29,11.02,10.88,10.83,11.53,8.83,8.91
198209,1.31,.51,.93,-.04,1.84,.47,1.18,1.88,1.45,3.02,2.76,3.16,1982m9,.42,-.55,1.33,-.04,.6699999999999999,1.37,.9399999999999999,2.51,2.25,2.65
198210,11.3,.59,17.37,11.65,10.79,13.19,8.6,11.91,12.3,9.85,13.07,12.9,1982m10,16.78,11.06,10.2,12.6,8.01,11.32,11.71,9.26,12.48,12.31
198211,4.68,.63,9.17,5.68,5.97,5.3,4.35,3.52,5.33,3.84,4.38,7.41,1982m11,8.539999999999999,5.05,5.34,4.67,3.72,2.89,4.7,3.21,3.75,6.78
198212,.5600000000000001,.67,2.41,1.26,1.8,.29,.31,-.22,1.16,-.08,1.1,3.94,1982m12,1.74,.59,1.13,-.3800000000000001,-.36,-.89,.4899999999999999,-.75,.43,3.27
198301,3.59,.6899999999999999,4.88,4.52,3.51,4.71,8.35,2.55,3.51,3.02,2.97,3.32,1983m1,4.19,3.83,2.82,4.02,7.66,1.86,2.82,2.33,2.28,2.63
198302,2.59,.62,4.27,4.88,4.71,2.76,2.26,3.55,2.28,3.36,3.22,3.29,1983m2,3.649999999999999,4.26,4.09,2.14,1.64,2.93,1.66,2.74,2.6,2.67
198303,2.81,.63,6.53,2.94,3.41,2.87,2.66,4.51,2.85,2.85,4.82,3.47,1983m3,5.9,2.31,2.78,2.24,2.03,3.88,2.22,2.22,4.19,2.84
198304,6.66,.71,11.09,6.3,6.55,6.7,6.16,9.220000000000001,6.42,6.7,6.12,8.869999999999999,1983m4,10.38,5.59,5.84,5.99,5.45,8.510000000000002,5.71,5.99,5.41,8.16
198305,.51,.6899999999999999,2.32,3.35,2.68,.25,-.67,2.26,-1.78,.5600000000000001,2.66,.46,1983m5,1.63,2.66,1.99,-.4399999999999999,-1.36,1.57,-2.47,-.1299999999999999,1.97,-.2299999999999999
198306,3.07,.67,4.19,1.29,-.19,3.78,2.64,3.16,5.23,6.4,3.61,5.07,1983m6,3.52,.62,-.8600000000000001,3.11,1.97,2.49,4.56,5.73,2.94,4.4
198307,-4.06,.74,-4.29,-3.61,-1.4,-2.47,-2.95,-2.37,-3.9,-3.88,-4.09,-3.75,1983m7,-5.03,-4.35,-2.14,-3.21,-3.69,-3.11,-4.64,-4.62,-4.83,-4.49
198308,-.5,.76,-1.89,.5600000000000001,-1,1.91,2.54,.5600000000000001,.86,.5600000000000001,.53,-1.1,1983m8,-2.65,-.2,-1.76,1.15,1.78,-.2,.1,-.2,-.23,-1.86
198309,.92,.76,-1.14,1.85,2.29,2.55,2.16,.87,1.78,1.71,1.67,1.87,1983m9,-1.9,1.09,1.53,1.79,1.4,.11,1.02,.95,.9099999999999999,1.11
198310,-3.43,.76,-6.95,-2.3,-.04,-.85,-3.18,-1.9,-2.18,-2.89,-1.44,-3.96,1983m10,-7.71,-3.06,-.8,-1.61,-3.94,-2.66,-2.94,-3.65,-2.2,-4.72
198311,2.17,.7,6.18,4.88,3.06,2.04,1.84,2.97,3.07,4.46,2.35,1.02,1983m11,5.48,4.18,2.36,1.34,1.14,2.27,2.37,3.76,1.65,.3200000000000001
198312,-1.77,.73,-2.04,-2.64,-2.12,-1.57,-.62,-1.12,-2.03,.46,-.79,.53,1983m12,-2.77,-3.37,-2.85,-2.3,-1.35,-1.85,-2.76,-.27,-1.52,-.2
198401,-1.92,.76,-.55,-2.54,-2.77,-.57,1.83,-.71,1.07,-2.24,-1.78,-3.29,1984m1,-1.31,-3.3,-3.53,-1.33,1.07,-1.47,.3100000000000001,-3,-2.54,-4.05
198402,-4.77,.71,-6.65,-4.3,-6.04,-2.87,-3.36,-5.42,-1.88,-3.69,-3.52,-4.04,1984m2,-7.36,-5.01,-6.75,-3.58,-4.07,-6.13,-2.59,-4.4,-4.23,-4.75
198403,.65,.73,2.45,3.41,2.4,1.13,-1.1,1.78,1.23,.49,.97,2.03,1984m3,1.72,2.68,1.67,.3999999999999999,-1.83,1.05,.5,-.24,.24,1.3
198404,-.51,.8100000000000001,-5.41,-3.04,-1.83,.8100000000000001,1.63,2.87,1.57,.01,1.78,.75,1984m4,-6.220000000000001,-3.85,-2.64,0,.8199999999999998,2.06,.76,-.8,.97,-.0600000000000001
198405,-5.98,.78,-10.2,-6.89,-6.33,-3.69,-6.13,-5.52,-4.2,-2.87,-4.36,-5.18,1984m5,-10.98,-7.67,-7.11,-4.47,-6.91,-6.3,-4.98,-3.65,-5.140000000000001,-5.96
198406,1.81,.75,-1.22,.05,1.02,3.09,5.98,2.61,2.23,4.52,3.64,2.48,1984m6,-1.97,-.7,.27,2.34,5.23,1.86,1.48,3.77,2.89,1.73
198407,-2.72,.82,-8.9,-4.11,-2.67,-1.28,-2,-3.33,-1.96,-2.54,-1.53,.92,1984m7,-9.720000000000001,-4.930000000000001,-3.49,-2.1,-2.82,-4.15,-2.78,-3.36,-2.35,.1000000000000001
198408,10.27,.83,13.48,13.1,11.74,11.75,11.43,10.16,10.83,11.09,11.15,11.39,1984m8,12.65,12.27,10.91,10.92,10.6,9.33,10,10.26,10.32,10.56
198409,-.8,.86,-2.89,-.98,-.18,-.51,1.21,.13,-1.01,1.43,-.95,.33,1984m9,-3.75,-1.84,-1.04,-1.37,.35,-.73,-1.87,.57,-1.81,-.53
198410,-.84,1,-3.49,-.71,2.05,-.64,-.8100000000000001,-1.09,.54,.9,.73,.62,1984m10,-4.49,-1.71,1.05,-1.64,-1.81,-2.09,-.46,-.1,-.27,-.38
198411,-1.77,.73,-4.07,-.07,-.48,-.38,.37,-.22,-1.99,-.97,-1.28,-2.22,1984m11,-4.800000000000001,-.8,-1.21,-1.11,-.36,-.95,-2.72,-1.7,-2.01,-2.95
198412,1.84,.64,.15,1.4,3.24,2.38,2.6,1.49,2.53,3.11,2.36,2.9,1984m12,-.49,.7599999999999999,2.6,1.74,1.96,.85,1.89,2.47,1.72,2.26
198501,7.97,.65,12.75,9.640000000000001,8.85,8.91,7.08,6.63,8.779999999999999,7.37,8.15,10.62,1985m1,12.1,8.99,8.199999999999999,8.26,6.43,5.98,8.129999999999999,6.72,7.5,9.969999999999999
198502,1.22,.58,.32,1.67,.06,.9399999999999999,1.06,2.92,2.11,3.14,3.15,1.12,1985m2,-.26,1.09,-.52,.36,.4800000000000001,2.34,1.53,2.56,2.57,.5400000000000001
198503,-.83,.62,-1.89,-.62,-1.08,-.68,.59,.96,.2,.65,.38,-2.01,1985m3,-2.51,-1.24,-1.7,-1.3,-.03,.34,-.42,.03,-.24,-2.63
198504,-.96,.72,-3.74,-.25,-.43,.02,.09,1.35,-1.3,.15,-.2,-.99,1985m4,-4.46,-.97,-1.15,-.7,-.63,.6300000000000001,-2.02,-.57,-.9199999999999999,-1.71
198505,5.07,.66,1.69,6.68,5.74,4.85,6.34,6.18,6.07,5.48,6.02,6.19,1985m5,1.03,6.02,5.08,4.19,5.68,5.52,5.41,4.82,5.359999999999999,5.53
198506,1.27,.55,-.49,1.92,1.88,1.45,2.92,2.08,1.7,1.83,1.95,.72,1985m6,-1.04,1.37,1.33,.8999999999999999,2.37,1.53,1.15,1.28,1.4,.1699999999999999
198507,-.72,.62,1.91,.75,-.45,.03,-1.14,-.08,-.26,-.86,-1.41,1.05,1985m7,1.29,.13,-1.07,-.59,-1.76,-.7,-.88,-1.48,-2.03,.43
198508,-1.01,.55,-.91,-.92,.19,.45,-.33,-.9,-.17,-.29,-.74,-1.06,1985m8,-1.46,-1.47,-.36,-.1,-.8800000000000001,-1.45,-.7200000000000001,-.8400000000000001,-1.29,-1.61
198509,-4.51,.6,-6.85,-4.65,-4.2,-5.03,-3.51,-2.9,-3.66,-2.93,-3.55,-4.07,1985m9,-7.449999999999999,-5.25,-4.8,-5.63,-4.109999999999999,-3.5,-4.26,-3.53,-4.149999999999999,-4.67
198510,4,.65,5.09,3.79,4.75,5.3,4.39,4.68,3.63,4.67,6.19,4.27,1985m10,4.44,3.14,4.1,4.649999999999999,3.74,4.029999999999999,2.98,4.02,5.54,3.62
198511,6.46,.61,7.91,7.04,6.84,5.75,7.74,8.470000000000001,6.6,4.8,7.6,8.4,1985m11,7.3,6.43,6.23,5.14,7.13,7.86,5.989999999999999,4.19,6.989999999999999,7.79
198512,3.88,.65,2.04,4.17,4.64,3.89,4.85,5.62,3.83,3.23,3.8,7.18,1985m12,1.39,3.52,3.99,3.24,4.199999999999999,4.97,3.18,2.58,3.15,6.529999999999999
198601,.65,.5600000000000001,5.2,4.86,2.8,1.5,-.16,-1.03,2.36,-.86,-.23,1.42,1986m1,4.640000000000001,4.300000000000001,2.24,.9399999999999999,-.7200000000000001,-1.59,1.8,-1.42,-.79,.8599999999999999
198602,7.14,.53,5.59,7.95,9.01,6.83,7.99,7.65,7.69,7.85,9.52,6.46,1986m2,5.06,7.42,8.48,6.3,7.46,7.12,7.16,7.319999999999999,8.99,5.93
198603,4.91,.6,7.01,4.95,3.73,4.44,4.44,4.77,6.46,6.56,6.59,5.81,1986m3,6.41,4.350000000000001,3.13,3.84,3.84,4.17,5.86,5.96,5.99,5.21
198604,-1.28,.52,-3.52,-5,-2.66,-2.05,1.1,-1.26,.6899999999999999,-.8100000000000001,.74,.42,1986m4,-4.04,-5.52,-3.18,-2.57,.5800000000000001,-1.78,.1699999999999999,-1.33,.22,-.1
198605,4.62,.49,2.76,3.84,4.7,4.56,5.45,4.88,4.57,6.85,6.78,4.71,1986m5,2.27,3.35,4.21,4.069999999999999,4.96,4.39,4.08,6.359999999999999,6.29,4.22
198606,1.06,.52,-1.19,1.48,-.26,1.31,4.01,1.29,2.07,1.79,2.91,.93,1986m6,-1.71,.96,-.78,.79,3.49,.77,1.55,1.27,2.39,.41
198607,-6.43,.52,-10.53,-4.42,-4.48,-5.96,-4.54,-4.21,-4.66,-5.31,-7,-8.380000000000001,1986m7,-11.05,-4.94,-5,-6.48,-5.06,-4.73,-5.18,-5.83,-7.52,-8.9
198608,6.07,.46,5.55,7.71,8.17,7.79,6.17,7.06,6.81,7.35,5.69,5.2,1986m8,5.09,7.25,7.71,7.33,5.71,6.6,6.35,6.89,5.23,4.74
198609,-8.59,.45,-8.06,-8.44,-7.72,-6.98,-7.03,-8.73,-9.56,-8.59,-6.9,-9.279999999999999,1986m9,-8.51,-8.889999999999999,-8.17,-7.430000000000001,-7.48,-9.18,-10.01,-9.039999999999999,-7.350000000000001,-9.729999999999999
198610,4.64,.46,3.07,3.87,7.11,5.71,5.76,5.56,6.78,4.64,3.22,6.94,1986m10,2.61,3.41,6.65,5.25,5.3,5.1,6.32,4.18,2.76,6.48
198611,1.17,.39,-1.44,.83,1.15,2.01,.7,3.54,1.39,1.94,1.9,1.61,1986m11,-1.83,.4399999999999999,.7599999999999999,1.62,.3099999999999999,3.15,.9999999999999999,1.55,1.51,1.22
198612,-3.26,.49,-2.91,-2.84,-3.61,-2.55,-3.97,-1.68,-2.84,-2.51,-3.21,-2.44,1986m12,-3.4,-3.33,-4.1,-3.04,-4.46,-2.17,-3.33,-3,-3.7,-2.93
198701,12.45,.42,10.64,12.42,14.36,12.98,12.56,13.22,10.89,13.75,12.36,14.02,1987m1,10.22,12,13.94,12.56,12.14,12.8,10.47,13.33,11.94,13.6
198702,4.38,.43,11.38,6.28,3.94,4.16,5.65,3.54,2.9,3.71,5.06,5.62,1987m2,10.95,5.850000000000001,3.51,3.73,5.220000000000001,3.11,2.47,3.28,4.63,5.19
198703,1.63,.47,.37,-1.19,2.15,2.32,.01,1.64,.99,3.43,4.1,2.33,1987m3,-.1,-1.66,1.68,1.85,-.46,1.17,.52,2.96,3.63,1.86
198704,-2.09,.44,-2.64,-2.16,-.42,-2.63,-2.58,-2.06,-2.13,-.71,-1.06,-1.66,1987m4,-3.08,-2.6,-.86,-3.07,-3.02,-2.5,-2.57,-1.15,-1.5,-2.1
198705,.11,.38,1.29,-1.33,-.82,.11,.61,2.23,.65,.09,.96,.83,1987m5,.91,-1.71,-1.2,-.27,.23,1.85,.27,-.29,.58,.45
198706,3.91,.48,-.08,4.71,3.85,4.35,3.05,3.85,6.39,5.19,5.38,4.42,1987m6,-.5599999999999999,4.23,3.37,3.87,2.57,3.37,5.91,4.710000000000001,4.9,3.94
198707,3.84,.46,5.81,6.83,4.38,3.64,2.66,3.94,2.39,5.52,4.05,5.57,1987m7,5.35,6.37,3.92,3.18,2.2,3.48,1.93,5.06,3.59,5.11
198708,3.52,.47,.15,3.83,3.21,2.8,3.74,4.96,3.71,4.44,4.61,5.05,1987m8,-.32,3.36,2.74,2.33,3.27,4.49,3.24,3.970000000000001,4.140000000000001,4.58
198709,-2.58,.45,.35,-.7,-1.87,-2.03,-1.2,-1.85,-3.5,-1.02,-2.83,-4.06,1987m9,-.1,-1.15,-2.32,-2.48,-1.65,-2.3,-3.95,-1.47,-3.28,-4.51
198710,-23.19,.6,-32.37,-26.97,-22.16,-21.84,-22.54,-20.33,-20.03,-20.44,-23.41,-24.57,1987m10,-32.97,-27.57,-22.76,-22.44,-23.14,-20.93,-20.63,-21.04,-24.01,-25.17
198711,-7.76,.35,-4.74,-5.73,-6.08,-6.09,-5.4,-9.08,-7.34,-8.56,-7.58,-9.07,1987m11,-5.09,-6.08,-6.43,-6.44,-5.75,-9.43,-7.69,-8.91,-7.93,-9.42
198712,6.82,.39,6.13,6.07,5.15,7.06,8.34,7.42,6.13,7.06,8.34,8.92,1987m12,5.74,5.680000000000001,4.760000000000001,6.67,7.95,7.03,5.74,6.67,7.95,8.529999999999999
198801,4.21,.29,3.05,3.99,5.58,4.91,3.88,5.04,5.45,3.77,4.36,4.07,1988m1,2.76,3.7,5.29,4.62,3.59,4.75,5.16,3.48,4.07,3.78
198802,4.77,.46,7.98,5.24,3.22,4.96,5.14,4.62,5.01,5.24,5.52,6.11,1988m2,7.52,4.78,2.76,4.5,4.68,4.16,4.55,4.78,5.06,5.65
198803,-2.26,.44,3.57,-1.38,-1.88,-.34,-.98,-2.67,-3.04,-3.46,-1.45,-2,1988m3,3.13,-1.82,-2.32,-.78,-1.42,-3.11,-3.48,-3.9,-1.89,-2.44
198804,.57,.46,3.03,.76,-.65,.91,1.68,2.53,1.34,.63,.17,.1,1988m4,2.57,.3,-1.11,.45,1.22,2.07,.8800000000000001,.17,-.29,-.36
198805,-.27,.51,-1.4,.29,1.38,.4,-.58,.9399999999999999,.73,.75,.29,-.62,1988m5,-1.91,-.22,.8699999999999999,-.11,-1.09,.4299999999999999,.22,.24,-.22,-1.13
198806,4.78,.49,5.09,4.18,4.65,4.13,5.21,4.16,6.49,5.37,6.09,5.32,1988m6,4.6,3.69,4.16,3.64,4.72,3.67,6,4.88,5.6,4.83
198807,-1.25,.51,.15,-.45,-.64,.27,-.07,-1.59,-.74,-1.45,-1.38,0,1988m7,-.36,-.96,-1.15,-.24,-.5800000000000001,-2.1,-1.25,-1.96,-1.89,-.51
198808,-3.31,.59,-3.66,-1.24,-.78,-1.28,-2.8,-4.08,-2.64,-3.93,-2.01,-3.06,1988m8,-4.25,-1.83,-1.37,-1.87,-3.39,-4.67,-3.23,-4.52,-2.6,-3.65
198809,3.31,.62,2.31,1.74,4.2,4.33,1,3.43,4.29,5,6.3,4.46,1988m9,1.69,1.12,3.58,3.71,.38,2.81,3.67,4.38,5.68,3.84
198810,1.16,.61,-1.86,.05,.8100000000000001,2.08,2.52,3.07,1.05,2.21,4.02,-.19,1988m10,-2.47,-.5599999999999999,.2000000000000001,1.47,1.91,2.46,.4400000000000001,1.6,3.41,-.8
198811,-2.27,.57,-2.17,-.98,-2.49,-1.73,-1.21,-2.22,-.6,-2,-1.33,-2.3,1988m11,-2.74,-1.55,-3.06,-2.3,-1.78,-2.79,-1.17,-2.57,-1.9,-2.87
198812,1.48,.63,3.49,.31,1.99,2.28,1.62,2.77,1.38,2,1.89,3.64,1988m12,2.86,-.32,1.36,1.65,.9900000000000001,2.14,.7499999999999999,1.37,1.26,3.01
198901,6.07,.55,7.65,7.15,5.85,5.05,6.61,6.39,6.62,7.83,6.59,5.94,1989m1,7.100000000000001,6.600000000000001,5.3,4.5,6.06,5.84,6.07,7.28,6.04,5.390000000000001
198902,-2.23,.61,.46,-1.41,.07,-1.62,-2.67,-2.56,-1.47,-1.92,-2,-1.35,1989m2,-.15,-2.02,-.54,-2.23,-3.28,-3.17,-2.08,-2.53,-2.61,-1.96
198903,1.57,.67,4.17,2.77,1.96,2.64,1.61,-.77,2.96,2.97,2.93,3.15,1989m3,3.5,2.1,1.29,1.97,.9400000000000001,-1.44,2.29,2.3,2.26,2.48
198904,4.35,.67,6.67,4.53,4.43,4.42,2.85,5.57,6.2,6.49,4.86,5.03,1989m4,6,3.86,3.76,3.75,2.18,4.9,5.53,5.82,4.19,4.36
198905,3.28,.79,4.87,3.6,4.33,4.12,2.88,2.62,6.35,3.81,4.18,5.11,1989m5,4.08,2.81,3.54,3.33,2.09,1.83,5.56,3.02,3.39,4.32
198906,-1.33,.71,-1.34,-.05,-1.66,1.22,.15,.26,-1.35,-1.34,-.8,-1.22,1989m6,-2.05,-.76,-2.37,.51,-.5599999999999999,-.45,-2.06,-2.05,-1.51,-1.93
198907,7.18,.7,3.64,6.86,5.13,7.05,7.85,7.22,8.359999999999999,7.7,8.31,11.17,1989m7,2.94,6.16,4.43,6.35,7.149999999999999,6.52,7.659999999999999,7,7.61,10.47
198908,1.43,.74,2.36,2.77,2.73,1.54,1.69,1.24,2.7,3.1,2.38,1.43,1989m8,1.62,2.03,1.99,.8,.95,.5,1.96,2.36,1.64,.6899999999999999
198909,-.76,.65,-.72,-.89,-.16,.38,-.49,-1.35,-.3,.12,-.75,2.4,1989m9,-1.37,-1.54,-.8100000000000001,-.27,-1.14,-2,-.95,-.53,-1.4,1.75
198910,-3.65,.68,-5.11,-2.65,-2.99,-1.7,-1.17,-2.38,-3.62,-3.6,-2.47,-3,1989m10,-5.79,-3.33,-3.67,-2.38,-1.85,-3.06,-4.3,-4.28,-3.15,-3.68
198911,1.04,.6899999999999999,2.04,2.32,1.87,2.89,2.74,2.65,1.51,1.7,.96,.18,1989m11,1.35,1.63,1.18,2.2,2.05,1.96,.8200000000000001,1.01,.27,-.51
198912,1.18,.61,-.38,.43,2.72,1.31,2.09,2.85,4.44,1.1,1.43,.61,1989m12,-.99,-.18,2.11,.7000000000000001,1.48,2.24,3.830000000000001,.4900000000000001,.82,0
199001,-7.8,.57,-8.93,-5.86,-7.58,-7.59,-6.03,-6.29,-7.89,-7.29,-6.8,-8.32,1990m1,-9.5,-6.430000000000001,-8.15,-8.16,-6.600000000000001,-6.86,-8.459999999999999,-7.86,-7.37,-8.890000000000001
199002,1.12,.57,2.61,2.25,1.31,3.01,1.32,2.09,.6,1.43,1.99,1.14,1990m2,2.04,1.68,.7400000000000001,2.44,.7500000000000001,1.52,.03,.86,1.42,.57
199003,1.83,.64,1.61,1.08,1.31,-.34,1.87,2.23,3.51,2.72,3.25,3.83,1990m3,.9700000000000001,.4400000000000001,.67,-.98,1.23,1.59,2.87,2.08,2.61,3.19
199004,-3.36,.6899999999999999,-4.52,-4.39,-4.49,-4.79,-4.43,-.91,-3.52,-2.96,-1.54,-.75,1990m4,-5.209999999999999,-5.08,-5.18,-5.48,-5.119999999999999,-1.6,-4.21,-3.65,-2.23,-1.44
199005,8.43,.68,8.289999999999999,7.64,8.15,8.69,8.199999999999999,8.960000000000001,8.59,10.86,9.92,9.56,1990m5,7.609999999999999,6.96,7.470000000000001,8.01,7.52,8.280000000000001,7.91,10.18,9.24,8.880000000000001
199006,-1.09,.63,-.14,-.44,1.73,-1.79,-.85,-.7,-1.93,-1.07,.31,.73,1990m6,-.77,-1.07,1.1,-2.42,-1.48,-1.33,-2.56,-1.7,-.32,.1
199007,-1.9,.68,-4.57,-2.45,-.18,-.1,1.41,-.2,-.86,-1.32,-3.32,-1.05,1990m7,-5.25,-3.13,-.8600000000000001,-.78,.7299999999999999,-.8800000000000001,-1.54,-2,-4,-1.73
199008,-10.12,.66,-13.87,-10.06,-8.9,-8.74,-9.19,-8.550000000000001,-8.859999999999999,-10.46,-8.91,-9.74,1990m8,-14.53,-10.72,-9.56,-9.4,-9.85,-9.210000000000001,-9.52,-11.12,-9.57,-10.4
199009,-6.11,.6,-7.72,-8.710000000000001,-6.04,-6.01,-4.51,-3.51,-3.33,-6.88,-6.11,-5.39,1990m9,-8.32,-9.31,-6.64,-6.609999999999999,-5.109999999999999,-4.109999999999999,-3.93,-7.48,-6.71,-5.989999999999999
199010,-1.92,.68,-5.75,-4.63,-2.91,-.1,.55,-1.15,-1.96,-1.39,-.03,1.13,1990m10,-6.43,-5.31,-3.59,-.78,-.13,-1.83,-2.64,-2.07,-.7100000000000001,.4499999999999998
199011,6.35,.57,11.4,7.41,7.34,6.05,7.24,5.55,6.43,7.56,6.83,7.15,1990m11,10.83,6.84,6.77,5.48,6.67,4.98,5.859999999999999,6.989999999999999,6.26,6.58
199012,2.46,.6,4.11,1.3,2.16,2.14,2.5,3.31,1.9,2.87,4.2,4.78,1990m12,3.51,.7000000000000001,1.56,1.54,1.9,2.71,1.3,2.27,3.6,4.180000000000001
199101,4.69,.52,5.89,6.76,3.92,2.63,4.09,3.68,5.52,4.69,7.25,6.12,1991m1,5.369999999999999,6.24,3.4,2.11,3.57,3.16,5,4.17,6.73,5.6
199102,7.19,.48,11.41,8.66,6.38,7.65,7.44,5.86,6.25,7.66,7.51,9.57,1991m2,10.93,8.18,5.9,7.17,6.960000000000001,5.380000000000001,5.77,7.18,7.029999999999999,9.09
199103,2.66,.44,8.449999999999999,3.82,2.49,1.22,2.58,3.47,.97,2.78,4.77,3.94,1991m3,8.01,3.38,2.05,.78,2.14,3.03,.53,2.34,4.329999999999999,3.5
199104,-.28,.53,.42,-.44,.82,-.53,1.3,.24,-.5,.36,.01,1.02,1991m4,-.11,-.97,.2899999999999999,-1.06,.77,-.29,-1.03,-.17,-.52,.49
199105,3.66,.47,2.66,3.68,2.18,3.16,4.74,2.46,3.82,6.6,3.25,5.45,1991m5,2.19,3.21,1.71,2.69,4.27,1.99,3.35,6.13,2.78,4.98
199106,-4.94,.42,-6.47,-6.09,-4.57,-5.51,-3.74,-3.96,-4.81,-4.66,-4.05,-4.11,1991m6,-6.89,-6.51,-4.99,-5.93,-4.16,-4.38,-5.23,-5.08,-4.47,-4.53
199107,4.24,.49,3.35,3.98,3.57,4.66,4.54,3.24,3.68,4.36,5.5,6.8,1991m7,2.86,3.49,3.08,4.17,4.05,2.75,3.19,3.87,5.01,6.31
199108,2.32,.46,3.35,1.88,2.54,2.78,1.09,.6899999999999999,1.45,3.34,3.94,4.39,1991m8,2.89,1.42,2.08,2.32,.6300000000000001,.2299999999999999,.99,2.88,3.48,3.93
199109,-1.59,.46,3.5,-.9,.04,.77,-.37,-.11,-1.47,-2.06,-2.29,-1.72,1991m9,3.04,-1.36,-.42,.31,-.8300000000000001,-.5700000000000001,-1.93,-2.52,-2.75,-2.18
199110,1.29,.42,5.93,2.58,2.23,2.81,.65,1.79,.47,1.68,1.55,1.61,1991m10,5.51,2.16,1.81,2.39,.23,1.37,.05,1.26,1.13,1.19
199111,-4.2,.39,-6.51,-3.17,-3.77,-2.77,-4.49,-4.88,-4.98,-5.26,-3.7,-.5,1991m11,-6.899999999999999,-3.56,-4.16,-3.16,-4.88,-5.27,-5.37,-5.649999999999999,-4.09,-.89
199112,10.85,.38,9.359999999999999,8.98,6.68,10.82,12.5,7.44,10.62,10.11,13.37,14.77,1991m12,8.979999999999999,8.6,6.3,10.44,12.12,7.06,10.24,9.729999999999999,12.99,14.39
199201,-.59,.34,7.24,1.01,.6,-1.34,-.87,-.35,-.43,.53,-.88,-2.45,1992m1,6.9,.6699999999999999,.26,-1.68,-1.21,-.6899999999999999,-.77,.19,-1.22,-2.79
199202,1.08,.28,-1.21,2.36,3.74,-.21,3.92,1.77,1.48,.29,.65,1.24,1992m2,-1.49,2.08,3.46,-.49,3.64,1.49,1.2,.01,.37,.96
199203,-2.65,.34,-4,-2.44,-1.91,-.78,-.93,-2.89,-2.42,-2.14,-1.23,-3.41,1992m3,-4.34,-2.78,-2.25,-1.12,-1.27,-3.23,-2.76,-2.48,-1.57,-3.75
199204,1.09,.32,-5.83,-.77,1.73,.93,1.73,5,3.41,4.01,.5600000000000001,-.48,1992m4,-6.15,-1.09,1.41,.6100000000000001,1.41,4.68,3.09,3.69,.24,-.8
199205,.3,.28,-.25,.98,.48,1.59,.64,.5600000000000001,-.08,.12,1.08,.93,1992m5,-.53,.7,.2,1.31,.36,.28,-.36,-.16,.8,.65
199206,-2.33,.32,-4.1,-2.69,-2.51,-.1,-1.43,-.09,.19,-3.19,-1.78,-3.54,1992m6,-4.42,-3.01,-2.83,-.42,-1.75,-.41,-.13,-3.51,-2.1,-3.86
199207,3.78,.31,3.46,2.62,2.95,5.54,3.02,4.27,4.53,4.07,4.1,4.61,1992m7,3.15,2.31,2.64,5.23,2.71,3.96,4.220000000000001,3.76,3.79,4.300000000000001
199208,-2.38,.26,-7.25,-4.32,-4.63,-2.52,-2.64,-1.52,-1.7,-1.92,-1.24,-1.1,1992m8,-7.51,-4.58,-4.89,-2.78,-2.9,-1.78,-1.96,-2.18,-1.5,-1.36
199209,1.19,.26,1.72,1.49,.17,2.83,.48,1.05,.57,3.12,2.47,-.25,1992m9,1.46,1.23,-.09,2.57,.22,.79,.3099999999999999,2.86,2.21,-.51
199210,1.02,.23,3.12,.89,1.39,.93,-1.62,-.68,1,1.11,3.1,1.88,1992m10,2.89,.66,1.16,.7000000000000001,-1.85,-.91,.77,.8800000000000001,2.87,1.65
199211,4.14,.23,8.31,6.83,4.71,3.22,2.37,2.32,3.55,5.17,4.89,4.22,1992m11,8.08,6.6,4.48,2.99,2.14,2.09,3.32,4.94,4.659999999999999,3.99
199212,1.53,.28,4.69,3.24,2.75,2.26,-.36,1.96,1.61,3.07,2.58,-.43,1992m12,4.41,2.96,2.47,1.98,-.64,1.68,1.33,2.79,2.3,-.71
199301,.93,.23,3.87,3.83,4.01,2.52,2.3,1.03,.04,1.15,.87,-1.63,1993m1,3.64,3.6,3.78,2.29,2.07,.8,-.19,.9199999999999999,.64,-1.86
199302,.12,.22,-3.09,1.02,.48,2.28,3.19,2.01,2.22,.52,.48,-3.28,1993m2,-3.31,.8,.26,2.06,2.97,1.79,2,.3,.26,-3.5
199303,2.32,.25,2.95,3.73,4.14,2.93,1.73,3.39,2.31,3.23,1.75,1.33,1993m3,2.7,3.48,3.89,2.68,1.48,3.14,2.06,2.98,1.5,1.08
199304,-3.05,.24,.85,1.11,-.36,-1.88,-2.15,-.14,-2.28,-3.16,-5.55,-4.87,1993m4,.61,.8700000000000001,-.6,-2.12,-2.39,-.38,-2.52,-3.4,-5.79,-5.11
199305,2.89,.22,7.63,3.02,2.49,1.78,1.99,3.63,1.97,3.1,4.01,3.12,1993m5,7.41,2.8,2.27,1.56,1.77,3.41,1.75,2.88,3.79,2.9
199306,.3,.25,1.45,1.35,2.54,1.14,.09,-.25,.1,1.65,-.46,-.26,1993m6,1.2,1.1,2.29,.8899999999999999,-.16,-.5,-.15,1.4,-.71,-.51
199307,-.34,.24,.88,3.58,.97,.9399999999999999,1.3,1.04,.84,-2.21,-.75,-2.85,1993m7,.64,3.34,.73,.7,1.06,.8,.6,-2.45,-.99,-3.09
199308,3.72,.25,6.3,4.56,5.75,3.95,2.54,3.79,4.05,4.35,3.35,2.91,1993m8,6.05,4.31,5.5,3.7,2.29,3.54,3.8,4.1,3.1,2.66
199309,-.12,.26,.02,-.04,.51,1.12,-.21,.61,-.48,.34,-.45,.1,1993m9,-.24,-.3,.25,.8600000000000001,-.47,.35,-.74,.08,-.71,-.16
199310,1.42,.22,3.41,1.39,-1.56,-.17,.03,.96,2.89,1.07,1.64,3.53,1993m10,3.19,1.17,-1.78,-.39,-.19,.74,2.67,.8500000000000001,1.42,3.31
199311,-1.87,.25,-3.97,-3.69,-3.63,-1.86,-1.49,-3.24,-1.19,-.67,-.5,.32,1993m11,-4.220000000000001,-3.94,-3.88,-2.11,-1.74,-3.49,-1.44,-.92,-.75,.07
199312,1.65,.23,-.28,1.6,2.65,2.85,2.42,2.34,2.6,1,.74,2.48,1993m12,-.51,1.37,2.42,2.62,2.19,2.11,2.37,.77,.51,2.25
199401,2.87,.25,3.64,3.82,4.67,3.1,2.85,3.78,2.82,3.72,2.9,2.03,1994m1,3.39,3.57,4.42,2.85,2.6,3.53,2.57,3.47,2.65,1.78
199402,-2.55,.21,-4.98,-3.64,-3.02,-2.35,-1.17,-2.81,-2.81,.6,-2.64,-2.52,1994m2,-5.19,-3.85,-3.23,-2.56,-1.38,-3.02,-3.02,.39,-2.85,-2.73
199403,-4.79,.27,-5.75,-4.9,-4.37,-4.27,-4.65,-4.26,-4.02,-4.63,-3.98,-4.61,1994m3,-6.02,-5.17,-4.640000000000001,-4.539999999999999,-4.92,-4.529999999999999,-4.289999999999999,-4.9,-4.25,-4.880000000000001
199404,.68,.27,-2.15,1.38,.84,1.94,.93,2.03,.25,-.51,1.29,2.59,1994m4,-2.42,1.11,.57,1.67,.66,1.76,-.02,-.78,1.02,2.32
199405,.58,.32,.36,.43,-.02,-.34,-.87,-.25,2.41,1.32,2.74,.87,1994m5,.04,.11,-.34,-.66,-1.19,-.5700000000000001,2.09,1,2.42,.55
199406,-3.04,.31,-3.77,-3.13,-3.02,-2.49,-4.16,-.77,-2.76,-2.5,-2.6,-2.76,1994m6,-4.08,-3.44,-3.33,-2.8,-4.47,-1.08,-3.07,-2.81,-2.91,-3.07
199407,2.82,.28,2.52,5.26,3.17,3.55,2.58,3.87,4.08,3.19,1.87,2.96,1994m7,2.24,4.98,2.89,3.27,2.3,3.59,3.8,2.91,1.59,2.68
199408,4.02,.37,5.43,4.22,3.49,5.05,4.05,4.36,2.66,4.83,4.51,4.84,1994m8,5.06,3.85,3.12,4.68,3.68,3.99,2.29,4.46,4.14,4.47
199409,-2.28,.37,-1.6,-2.41,-1.41,-.27,-1.93,-2.85,-2.04,-2.71,-2.45,-1.36,1994m9,-1.97,-2.78,-1.78,-.64,-2.3,-3.22,-2.41,-3.08,-2.82,-1.73
199410,1.35,.38,-.59,1.17,2.33,1.78,.59,4.01,2.18,1.65,1.58,1.64,1994m10,-.97,.7899999999999999,1.95,1.4,.21,3.63,1.8,1.27,1.2,1.26
199411,-4.03,.37,-4.74,-3.4,-3.66,-4.34,-3.3,-3.38,-4.14,-3.08,-3.26,-3.42,1994m11,-5.11,-3.77,-4.03,-4.71,-3.67,-3.75,-4.51,-3.45,-3.63,-3.79
199412,.86,.44,-.48,1.58,2.09,2.66,1.02,.46,3.18,.44,.86,1.53,1994m12,-.9199999999999999,1.14,1.65,2.22,.5800000000000001,.02,2.74,0,.42,1.09
199501,1.8,.42,.32,4.49,1.39,.18,.58,1.92,2.81,3.31,2.77,2.31,1995m1,-.1,4.07,.97,-.24,.16,1.5,2.39,2.89,2.35,1.89
199502,3.63,.4,3.74,2.46,3.52,3.77,4.14,4.61,4.79,4.29,4.03,3.68,1995m2,3.34,2.06,3.12,3.37,3.74,4.21,4.39,3.89,3.63,3.28
199503,2.19,.46,1.71,2.37,2.93,2.81,3.01,2.32,1.96,2.72,3.49,2.39,1995m3,1.25,1.91,2.47,2.35,2.55,1.86,1.5,2.26,3.03,1.93
199504,2.11,.44,1.33,2.26,1.77,2.81,1.19,3.21,1.25,1.67,3.52,3.87,1995m4,.8900000000000001,1.82,1.33,2.37,.75,2.77,.8100000000000001,1.23,3.08,3.43
199505,2.9,.54,1.98,2.3,3.49,1.73,3.85,3.79,3.71,4.27,2.5,4.61,1995m5,1.44,1.76,2.95,1.19,3.31,3.25,3.17,3.73,1.96,4.07
199506,2.72,.47,6.5,3.61,2.18,3.17,3.31,2.62,1.07,3.15,2.86,3.69,1995m6,6.03,3.14,1.71,2.7,2.84,2.15,.6000000000000001,2.68,2.39,3.22
199507,3.71,.45,6.03,3.59,4.57,3.77,3.43,4.88,5.26,4.15,4.13,2.86,1995m7,5.58,3.14,4.12,3.32,2.98,4.43,4.81,3.7,3.68,2.41
199508,.55,.47,3.72,3.2,2.01,-.31,-.5,1.53,-1.13,1.18,.34,2.04,1995m8,3.25,2.73,1.54,-.78,-.97,1.06,-1.6,.71,-.1299999999999999,1.57
199509,3.36,.43,3.56,2.62,1.67,2.44,4.06,3.69,1.83,4.39,3.84,6.01,1995m9,3.13,2.19,1.24,2.01,3.629999999999999,3.26,1.4,3.96,3.41,5.58
199510,-1.51,.47,-3.08,-3.31,-2.59,-3.14,-1.27,-3.18,-.8100000000000001,-.99,.53,.63,1995m10,-3.55,-3.78,-3.06,-3.61,-1.74,-3.65,-1.28,-1.46,.0600000000000001,.16
199511,3.96,.42,4.15,4.8,5.73,5.94,3.88,5.01,2.85,6.03,2.6,4.6,1995m11,3.73,4.38,5.31,5.52,3.46,4.59,2.43,5.61,2.18,4.18
199512,1.04,.49,2.39,1.53,2.47,2.96,2.79,1.42,-.65,2.77,1.49,.72,1995m12,1.9,1.04,1.98,2.47,2.3,.9299999999999999,-1.14,2.28,1,.23
199601,2.26,.43,1.83,2.34,2.01,.5,1.06,3.25,2.17,3.55,3.27,3.71,1996m1,1.4,1.91,1.58,.07,.6300000000000001,2.82,1.74,3.12,2.84,3.28
199602,1.33,.39,3.09,1.45,1.67,1.37,.88,1.79,4.25,.49,1.83,1.44,1996m2,2.7,1.06,1.28,.9800000000000001,.49,1.4,3.86,.1,1.44,1.05
199603,.74,.39,-1.63,.98,1.97,3.17,1.66,2.62,.4,2.11,1.52,-.08,1996m3,-2.02,.59,1.58,2.78,1.27,2.23,.01,1.72,1.13,-.47
199604,2.06,.46,3.73,4,1.97,1.82,2.68,1.3,2.58,.4,3.42,2.15,1996m4,3.27,3.54,1.51,1.36,2.22,.8400000000000001,2.12,-.06,2.96,1.69
199605,2.36,.42,2.87,2.7,2.01,3.28,1.45,1.99,2.01,3.11,2.97,3.34,1996m5,2.45,2.28,1.59,2.86,1.03,1.57,1.59,2.69,2.55,2.92
199606,-1.13,.4,-5.33,-2.22,-2.61,1.41,-.77,-1.4,-1.78,-.1,.05,1.45,1996m6,-5.73,-2.62,-3.01,1.01,-1.17,-1.8,-2.18,-.5,-.35,1.05
199607,-5.96,.45,-11.39,-7.87,-6.08,-7.45,-5.34,-5.67,-4.3,-5.08,-3.46,-4.67,1996m7,-11.84,-8.32,-6.53,-7.9,-5.79,-6.12,-4.75,-5.53,-3.91,-5.12
199608,2.77,.41,4.2,4.92,3.74,4.65,4.25,2.83,3.36,4.12,3.8,.26,1996m8,3.79,4.51,3.33,4.24,3.84,2.42,2.95,3.71,3.39,-.15
199609,5.01,.44,3.93,3.32,4.29,3.61,4.68,4.53,5.37,6.56,7.83,5.02,1996m9,3.49,2.88,3.85,3.17,4.239999999999999,4.09,4.93,6.119999999999999,7.39,4.579999999999999
199610,.87,.42,-3.07,-.71,3.34,1.34,1.32,2.55,1.84,2.28,1.11,1.53,1996m10,-3.49,-1.13,2.92,.9200000000000002,.9000000000000001,2.13,1.42,1.86,.6900000000000002,1.11
199611,6.25,.41,2.11,6.25,5.21,4.43,4.95,5.87,6.2,9.1,8.220000000000001,7.56,1996m11,1.7,5.84,4.8,4.02,4.54,5.46,5.79,8.69,7.81,7.149999999999999
199612,-1.7,.46,-.49,.14,-1.26,.46,-.77,-.16,-2.05,-1.92,-2.87,-.63,1996m12,-.95,-.32,-1.72,0,-1.23,-.62,-2.51,-2.38,-3.33,-1.09
199701,4.96,.45,3.49,2.94,5.94,2.6,3.63,3.51,5.9,6.71,7.61,5.86,1997m1,3.04,2.49,5.49,2.15,3.18,3.06,5.45,6.26,7.16,5.41
199702,-.48,.39,-1.24,-1.64,-1.2,.09,-.08,.02,.11,.38,-.33,1.26,1997m2,-1.63,-2.03,-1.59,-.3,-.47,-.37,-.28,-.01,-.72,.87
199703,-5.02,.43,-6.44,-4.3,-3.73,-4.4,-3.22,-2.02,-3.76,-4.44,-4.71,-6.28,1997m3,-6.87,-4.73,-4.16,-4.83,-3.65,-2.45,-4.19,-4.87,-5.14,-6.71
199704,4.04,.43,-2.65,1.69,3.15,.6899999999999999,2.05,3.7,3.64,7.75,6.04,6.49,1997m4,-3.08,1.26,2.72,.26,1.62,3.27,3.21,7.32,5.61,6.06
199705,6.73,.49,11.47,8.35,9.109999999999999,6.86,7.19,6.47,6.36,6.52,5.75,7.08,1997m5,10.98,7.859999999999999,8.619999999999999,6.37,6.7,5.98,5.87,6.029999999999999,5.26,6.59
199706,4.1,.37,4.64,3.37,4.95,4.86,4.54,2.51,5.65,5.65,3.74,3.89,1997m6,4.27,3,4.58,4.49,4.17,2.14,5.28,5.28,3.37,3.52
199707,7.31,.43,5.82,6.92,8.09,6.72,8.369999999999999,8.779999999999999,8.59,8.57,9.49,4.89,1997m7,5.390000000000001,6.49,7.66,6.29,7.94,8.35,8.16,8.140000000000001,9.06,4.46
199708,-4.1,.41,.54,-1.15,-3,-.53,-1.85,-2.82,-4.09,-5.48,-4.47,-5.44,1997m8,.1300000000000001,-1.56,-3.41,-.9399999999999999,-2.26,-3.23,-4.5,-5.890000000000001,-4.88,-5.850000000000001
199709,5.34,.44,8.390000000000001,7.04,6.91,7.45,5.51,5.44,5.83,6.91,3.69,5.07,1997m9,7.95,6.6,6.47,7.01,5.069999999999999,5,5.39,6.47,3.25,4.63
199710,-3.8,.42,-4.38,-4.43,-4.3,-2.41,-3.32,-3.69,-2.61,-4.44,-2.39,-2.99,1997m10,-4.8,-4.85,-4.72,-2.83,-3.74,-4.11,-3.03,-4.86,-2.81,-3.41
199711,2.99,.39,-1.86,.64,1.35,.21,3.82,2.99,1.69,5.07,4.2,6.8,1997m11,-2.25,.25,.9600000000000001,-.18,3.43,2.6,1.3,4.680000000000001,3.81,6.41
199712,1.33,.48,-.92,3.3,1.84,2,3.47,2.94,1.67,3.57,-.2,1.78,1997m12,-1.4,2.82,1.36,1.52,2.99,2.46,1.19,3.09,-.6799999999999999,1.3
199801,.15,.43,1.57,-.23,-.05,-.93,-2.54,-1.16,-1.61,1.25,3.9,.7,1998m1,1.14,-.66,-.48,-1.36,-2.97,-1.59,-2.04,.8200000000000001,3.47,.27
199802,7.03,.39,8.16,7.38,8.16,7.03,8.279999999999999,7.51,7.97,7.75,8.4,4.94,1998m2,7.77,6.99,7.77,6.640000000000001,7.89,7.12,7.58,7.36,8.01,4.550000000000001
199803,4.76,.39,7.24,7.35,3.3,4.41,5.21,3.87,4.06,5.09,3.8,7.17,1998m3,6.850000000000001,6.96,2.91,4.02,4.82,3.48,3.669999999999999,4.7,3.41,6.78
199804,.74,.43,1.61,2.21,2.98,.66,.98,1.91,3.89,.52,1.6,-.89,1998m4,1.18,1.78,2.55,.23,.55,1.48,3.46,.09,1.17,-1.32
199805,-3.07,.4,-5.23,-2.77,-4.66,-1.47,-1.1,-1.74,-5.09,-2.6,-2.7,.28,1998m5,-5.630000000000001,-3.17,-5.06,-1.87,-1.5,-2.14,-5.49,-3,-3.1,-.12
199806,3.19,.41,2.36,5.29,3.72,.04,3.28,1.88,3.17,4.17,5.29,3.7,1998m6,1.95,4.88,3.31,-.37,2.87,1.47,2.76,3.76,4.88,3.29
199807,-2.42,.4,-2.95,-5.5,-3.39,-4.41,-2.86,-1.75,-2.83,-2.43,-.78,.15,1998m7,-3.35,-5.9,-3.79,-4.81,-3.26,-2.15,-3.23,-2.83,-1.18,-.25
199808,-16.05,.43,-23.05,-16.49,-18.18,-15.19,-13.48,-15.07,-14.94,-15.63,-15.6,-13.37,1998m8,-23.48,-16.92,-18.61,-15.62,-13.91,-15.5,-15.37,-16.06,-16.03,-13.8
199809,6.19,.46,10.8,7.5,5.51,5.17,4.15,8.17,5.74,3.42,9.09,6.06,1998m9,10.34,7.04,5.05,4.71,3.69,7.71,5.28,2.96,8.629999999999999,5.6
199810,6.98,.32,6.08,5.83,6.93,5.44,9.220000000000001,7.43,6.21,7.9,5.49,10.21,1998m10,5.76,5.51,6.609999999999999,5.12,8.9,7.109999999999999,5.89,7.58,5.17,9.890000000000001
199811,6.07,.31,10.27,5.11,5.56,5.75,6.57,4.73,5.53,4.55,9.130000000000001,5.38,1998m11,9.959999999999999,4.800000000000001,5.25,5.44,6.260000000000001,4.420000000000001,5.220000000000001,4.24,8.82,5.07
199812,6.15,.38,14.67,4.54,3.81,7.1,6.44,4.24,3.78,7.04,7.27,5.92,1998m12,14.29,4.16,3.43,6.72,6.06,3.86,3.4,6.66,6.89,5.54
199901,3.48,.35,11.55,1.46,-.37,.79,.51,1.66,2.48,1.6,7.72,2.34,1999m1,11.2,1.11,-.72,.4400000000000001,.16,1.31,2.13,1.25,7.37,1.99
199902,-4.08,.35,-2.7,-3.71,-.85,-4.17,-2.06,-2.81,-5.02,-2,-4.7,-5.03,1999m2,-3.05,-4.06,-1.2,-4.52,-2.41,-3.16,-5.369999999999999,-2.35,-5.05,-5.38
199903,3.48,.43,13.94,2.97,3.94,1.95,4.07,4.03,3.47,5.02,3.88,-.66,1999m3,13.51,2.54,3.51,1.52,3.64,3.6,3.04,4.59,3.45,-1.09
199904,4.34,.37,8.359999999999999,6.04,4.41,4.41,3.82,5.23,9.119999999999999,3.1,-1.15,7.86,1999m4,7.989999999999999,5.67,4.04,4.04,3.45,4.86,8.75,2.73,-1.52,7.49
199905,-2.46,.34,-6.31,2.45,.32,2.99,-2.48,-2.1,-.19,-2.24,-2.56,-2.22,1999m5,-6.649999999999999,2.11,-.02,2.65,-2.82,-2.44,-.53,-2.58,-2.9,-2.56
199906,4.77,.4,2.09,4.39,3.24,3.58,6.03,4.3,4.34,5.1,6.21,6.54,1999m6,1.69,3.99,2.84,3.18,5.63,3.9,3.94,4.699999999999999,5.81,6.14
199907,-3.49,.38,-3.37,-3.37,-1.09,-1.15,-5.44,-2.24,-2.77,-4.27,-2.8,-3.05,1999m7,-3.75,-3.75,-1.47,-1.53,-5.82,-2.62,-3.15,-4.649999999999999,-3.18,-3.43
199908,-1.37,.39,-1.67,-1.32,-1.97,-2.52,-1.94,-1.77,-4.17,-.14,1.27,-.5600000000000001,1999m8,-2.06,-1.71,-2.36,-2.91,-2.33,-2.16,-4.56,-.53,.88,-.9500000000000001
199909,-2.77,.39,.42,-.63,-4.96,-3.51,-.77,-1.24,-3.15,-.55,-3.12,-4.8,1999m9,.03,-1.02,-5.35,-3.9,-1.16,-1.63,-3.54,-.9400000000000001,-3.51,-5.19
199910,6.09,.39,9.720000000000001,1.68,5.31,3.87,10.29,7.73,4.02,11.09,7.18,2.04,1999m10,9.33,1.29,4.92,3.48,9.899999999999999,7.340000000000001,3.629999999999999,10.7,6.79,1.65
199911,3.41,.36,7,7.21,1.15,4.35,.04,1.84,3.82,.7,2.57,3.62,1999m11,6.64,6.85,.7899999999999999,3.99,-.32,1.48,3.46,.34,2.21,3.26
199912,7.66,.44,15.52,15.73,6.4,8.18,6.68,7.78,7.19,7.51,6.41,1.98,1999m12,15.08,15.29,5.96,7.739999999999999,6.239999999999999,7.34,6.75,7.069999999999999,5.97,1.54
200001,-4.74,.41,-.65,-4.32,-2.77,-1.61,-6.36,-5.92,-2.87,-3.97,-4.89,-6.19,2000m1,-1.06,-4.73,-3.18,-2.02,-6.77,-6.33,-3.28,-4.38,-5.3,-6.600000000000001
200002,2.46,.43,15.46,2.96,8.789999999999999,2.93,-3.43,4.32,1.58,-.59,-1,-4.25,2000m2,15.03,2.53,8.359999999999999,2.5,-3.86,3.89,1.15,-1.02,-1.43,-4.68
200003,5.21,.47,-4.62,6.81,5.94,6.04,11.7,7.35,8.67,13.85,11.63,6.78,2000m3,-5.09,6.34,5.470000000000001,5.57,11.23,6.88,8.199999999999999,13.38,11.16,6.31
200004,-6.39,.46,-11.62,-6.53,-4.19,-4.04,-.5600000000000001,-.76,-1.06,-2.44,-9.06,1.12,2000m4,-12.08,-6.99,-4.65,-4.5,-1.02,-1.22,-1.52,-2.9,-9.520000000000001,.6600000000000001
200005,-4.39,.5,-9.390000000000001,-2.29,-3.05,-1.01,.44,-3.52,-4.35,-1.47,-4.26,-.89,2000m5,-9.890000000000001,-2.79,-3.55,-1.51,-.06,-4.02,-4.85,-1.97,-4.76,-1.39
200006,4.68,.4,14.09,1.58,1.43,1.78,-1.2,-.93,3.78,.9399999999999999,5.64,3.7,2000m6,13.69,1.18,1.03,1.38,-1.6,-1.33,3.38,.5399999999999999,5.239999999999999,3.3
200007,-2.48,.48,-9.58,1.84,-2.02,1.72,.92,-1.74,3.79,-1.77,-2.83,-2.67,2000m7,-10.06,1.36,-2.5,1.24,.4400000000000001,-2.22,3.31,-2.25,-3.31,-3.15
200008,7.03,.5,12.42,7.9,8.210000000000001,7.57,10.89,3.93,10.32,6.38,7.59,2.8,2000m8,11.92,7.4,7.710000000000001,7.07,10.39,3.43,9.82,5.88,7.09,2.3
200009,-5.44,.51,-7.88,-10.82,-1.86,-.35,-.85,-6.77,-1.09,-12.97,-2.48,-.21,2000m9,-8.390000000000001,-11.33,-2.37,-.86,-1.36,-7.279999999999999,-1.6,-13.48,-2.99,-.72
200010,-2.78,.5600000000000001,-10.55,-6.77,-7.7,-2.6,-3.65,-.8100000000000001,-3.36,5.88,-1.47,5.32,2000m10,-11.11,-7.33,-8.26,-3.16,-4.21,-1.37,-3.92,5.32,-2.03,4.76
200011,-10.7,.51,-25.57,-13.75,-15.75,-8.17,-9.4,-4.53,-7.39,-7.03,-7.35,-4.08,2000m11,-26.08,-14.26,-16.26,-8.68,-9.91,-5.04,-7.899999999999999,-7.54,-7.859999999999999,-4.59
200012,1.18,.5,.91,4.62,4.49,1.17,6.92,.62,1.77,-.32,2.14,-.32,2000m12,.41,4.12,3.99,.6699999999999999,6.42,.12,1.27,-.8200000000000001,1.64,-.8200000000000001
200101,3.25,.54,8.359999999999999,9.380000000000001,6.68,2.54,1.09,.71,4.92,7.64,-.8100000000000001,3.48,2001m1,7.819999999999999,8.84,6.14,2,.55,.1699999999999999,4.38,7.1,-1.35,2.94
200102,-10.03,.38,-19.29,-10.65,-8.06,-10.45,-6.97,-12.55,-12.88,-5.11,-7.08,-3.25,2001m2,-19.67,-11.03,-8.440000000000001,-10.83,-7.35,-12.93,-13.26,-5.49,-7.46,-3.63
200103,-7.25,.42,-13.94,-7.64,-4.84,-2.32,-4.35,-6.34,-7.32,-4.76,-9.279999999999999,-3.76,2001m3,-14.36,-8.06,-5.26,-2.74,-4.77,-6.76,-7.74,-5.18,-9.699999999999999,-4.18
200104,7.93,.39,14.29,10.53,8.16,8.119999999999999,9.24,6.53,9.6,9.34,6.24,4.75,2001m4,13.9,10.14,7.77,7.73,8.85,6.140000000000001,9.209999999999999,8.949999999999999,5.850000000000001,4.36
200105,.68,.32,-.32,.05,.21,.92,.75,2.19,.88,1.02,1.94,.62,2001m5,-.64,-.27,-.11,.6000000000000001,.43,1.87,.5600000000000001,.7,1.62,.3
200106,-1.94,.28,-.76,-2.49,-3.55,1.23,-1.37,-2.52,-2.42,.83,-3.34,-1.08,2001m6,-1.04,-2.77,-3.83,.95,-1.65,-2.8,-2.7,.5499999999999999,-3.62,-1.36
200107,-2.13,.3,-11.81,-6.33,-1.37,-1.73,-5.18,-2.01,2.19,.57,-.6899999999999999,1.03,2001m7,-12.11,-6.63,-1.67,-2.03,-5.48,-2.31,1.89,.27,-.99,.73
200108,-6.4,.31,-10.05,-6.83,-8.550000000000001,-3.83,-8.81,-6.28,-5.8,-4.87,-5.76,-2.95,2001m8,-10.36,-7.14,-8.860000000000001,-4.14,-9.120000000000001,-6.59,-6.109999999999999,-5.18,-6.069999999999999,-3.26
200109,-9.24,.28,-17.48,-10.27,-15.68,-7.63,-12.26,-10.41,-6.71,-9.33,-6.21,-3.45,2001m9,-17.76,-10.55,-15.96,-7.91,-12.54,-10.69,-6.99,-9.609999999999999,-6.49,-3.73
200110,2.48,.22,9.41,.02,6.03,3.24,5.24,1.2,3.85,1.87,1.85,-1.2,2001m10,9.19,-.2,5.81,3.02,5.02,.98,3.63,1.65,1.63,-1.42
200111,7.53,.17,13.62,3.25,12.82,5,9.57,9.84,7.28,8.220000000000001,6.71,4.92,2001m11,13.45,3.08,12.65,4.83,9.4,9.67,7.11,8.050000000000001,6.54,4.75
200112,1.61,.15,2.07,5.03,-1.72,.63,.97,4.05,3.46,1.46,.8,1.39,2001m12,1.92,4.88,-1.87,.48,.82,3.9,3.31,1.31,.65,1.24
200201,-1.44,.14,-8.710000000000001,-5.13,.57,-2.77,-2.56,1.37,-.41,1.02,.13,-1.59,2002m1,-8.850000000000001,-5.27,.4299999999999999,-2.91,-2.7,1.23,-.55,.88,-.01,-1.73
200202,-2.3,.13,-7.28,-4.97,-11.22,-.9399999999999999,-3.16,-2.91,-.28,-1.67,.48,.1,2002m2,-7.41,-5.1,-11.35,-1.07,-3.29,-3.04,-.41,-1.8,.35,-.03
200203,4.24,.13,6.17,4.34,9.33,5.18,4.16,4.64,6.18,5.59,1.37,2.43,2002m3,6.04,4.21,9.199999999999999,5.05,4.03,4.51,6.05,5.46,1.24,2.3
200204,-5.21,.15,-9.94,-3.93,-7.06,-.61,-6.77,-1.65,-4.2,-3.96,-5.66,-7.7,2002m4,-10.09,-4.08,-7.21,-.76,-6.92,-1.8,-4.350000000000001,-4.11,-5.81,-7.850000000000001
200205,-1.36,.14,-3.48,-3.69,-2.24,-3.24,-1.17,-.85,-.92,-.47,-1.72,1.37,2002m5,-3.62,-3.83,-2.38,-3.38,-1.31,-.99,-1.06,-.61,-1.86,1.23
200206,-7.23,.13,-12.62,-10.79,-10.5,-4.39,-4.23,-7.93,-3.94,-8.210000000000001,-5.43,-9.16,2002m6,-12.75,-10.92,-10.63,-4.52,-4.36,-8.06,-4.07,-8.340000000000002,-5.56,-9.290000000000001
200207,-8.19,.15,-12.55,-9.23,-11.43,-9.4,-6.67,-11.91,-10.36,-7.98,-4.07,-5.45,2002m7,-12.7,-9.380000000000001,-11.58,-9.550000000000001,-6.82,-12.06,-10.51,-8.130000000000001,-4.220000000000001,-5.600000000000001
200208,.5,.14,1.8,-.82,-.41,.52,-1.06,1.57,3.56,1.06,-1.43,1.06,2002m8,1.66,-.96,-.55,.38,-1.2,1.43,3.42,.92,-1.57,.92
200209,-10.34,.14,-8.699999999999999,-14.4,-11.02,-9.039999999999999,-11.14,-9.640000000000001,-11.17,-7.62,-10.31,-11.18,2002m9,-8.84,-14.54,-11.16,-9.18,-11.28,-9.780000000000001,-11.31,-7.76,-10.45,-11.32
200210,7.84,.14,9.82,7.04,7.27,9.81,7.69,12.04,8.19,5.61,6.23,9.17,2002m10,9.68,6.9,7.13,9.67,7.550000000000001,11.9,8.049999999999999,5.470000000000001,6.090000000000001,9.029999999999999
200211,5.96,.12,12.02,14.29,9.550000000000001,7.88,9.84,7.14,2.5,2.45,4.02,4.73,2002m11,11.9,14.17,9.430000000000001,7.76,9.720000000000001,7.02,2.38,2.33,3.899999999999999,4.61
200212,-5.76,.11,-10.51,-9.699999999999999,-6.1,-7.84,-8.210000000000001,-6.76,-5.71,-2.1,-4.71,-3.22,2002m12,-10.62,-9.809999999999999,-6.21,-7.95,-8.32,-6.87,-5.82,-2.21,-4.82,-3.33
200301,-2.57,.1,-2.83,1.77,-.57,-5.39,-2.49,-4.51,-3.6,-1.75,-3.44,-1.64,2003m1,-2.93,1.67,-.6699999999999999,-5.489999999999999,-2.59,-4.609999999999999,-3.7,-1.85,-3.54,-1.74
200302,-1.88,.09,-4.19,-.88,-3.46,-3.87,-.29,.04,-.75,-.7,-1.88,-3.36,2003m2,-4.28,-.97,-3.55,-3.96,-.38,-.05,-.84,-.7899999999999999,-1.97,-3.45
200303,1.09,.1,1.18,-1.24,-.63,.13,-.34,1.5,2.39,2.33,1.71,.61,2003m3,1.08,-1.34,-.73,.03,-.4400000000000001,1.4,2.29,2.23,1.61,.51
200304,8.18,.1,13.58,9.75,10.11,10.16,7.95,6.78,9.800000000000001,4.91,8.02,6.73,2003m4,13.48,9.65,10.01,10.06,7.850000000000001,6.680000000000001,9.700000000000001,4.81,7.92,6.630000000000001
200305,6.05,.09,12.41,11.32,9.77,5.24,9.050000000000001,4.1,4.92,4.38,4.33,5.43,2003m5,12.32,11.23,9.68,5.15,8.960000000000001,4.01,4.83,4.29,4.24,5.34
200306,1.42,.1,2.21,1.66,-.1,.44,1.79,1.57,1.88,.15,1.64,1.89,2003m6,2.11,1.56,-.2,.34,1.69,1.47,1.78,.05,1.54,1.79
200307,2.33,.07,4.71,3.17,8.25,4.29,4.59,3.85,2.71,1.98,-.92,-.41,2003m7,4.64,3.1,8.18,4.22,4.52,3.78,2.64,1.91,-.99,-.48
200308,2.33,.07,5.72,3.36,.63,5.96,.37,4.63,3.2,2.41,.32,.58,2003m8,5.649999999999999,3.29,.5600000000000001,5.89,.3,4.56,3.13,2.34,.25,.51
200309,-1.24,.08,-1.51,-4.14,-1.65,-2.25,.24,-.26,-2.52,-1.44,-.27,.18,2003m9,-1.59,-4.22,-1.73,-2.33,.16,-.34,-2.6,-1.52,-.35,.1
200310,6.08,.07,9.18,7.48,5.9,10.43,7.41,4.75,7.48,4.02,4.45,5.65,2003m10,9.109999999999999,7.41,5.83,10.36,7.34,4.68,7.41,3.95,4.38,5.58
200311,1.35,.07,1.71,2.29,2.41,1.47,.92,.85,.27,1.44,.58,2.96,2003m11,1.64,2.22,2.34,1.4,.8500000000000001,.78,.2,1.37,.51,2.89
200312,4.29,.08,2.13,4.27,7.2,4.74,4.5,4.9,1.46,4.92,4.93,4.96,2003m12,2.05,4.19,7.12,4.66,4.42,4.82,1.38,4.84,4.85,4.88
200401,2.15,.07,7.88,2.53,3.61,2.64,1.41,.42,1.37,3.13,.7,1.53,2004m1,7.81,2.46,3.54,2.57,1.34,.35,1.3,3.06,.6299999999999999,1.46
200402,1.4,.06,-1.91,.53,1.71,3.58,2.48,.82,4.47,.63,1.41,1.54,2004m2,-1.97,.47,1.65,3.52,2.42,.76,4.41,.5700000000000001,1.35,1.48
200403,-1.32,.09,-2.75,-1.28,-.6,-.9,.17,-2.32,-.08,-.9,-1.83,-1.07,2004m3,-2.84,-1.37,-.6899999999999999,-.99,.08,-2.41,-.17,-.99,-1.92,-1.16
200404,-1.81,.08,-5.41,-3.39,-2.47,-4.28,-4.3,-.39,-3.1,-1.45,1.18,.04,2004m4,-5.49,-3.47,-2.55,-4.36,-4.38,-.47,-3.18,-1.53,1.1,-.04
200405,1.18,.06,1.94,1.78,2.29,2.93,.19,2.43,.92,2.01,.34,-.64,2004m5,1.88,1.72,2.23,2.87,.13,2.37,.8600000000000001,1.95,.28,-.7
200406,1.85,.08,1.65,2.07,2.09,.84,1.85,3.08,.79,2.83,.83,2.45,2004m6,1.57,1.99,2.01,.76,1.77,3,.7100000000000001,2.75,.75,2.37
200407,-4.04,.1,-9.77,-5.58,-6.56,-4.3,-3.5,-3.67,-2.12,-1.86,-2.37,-4.62,2004m7,-9.869999999999999,-5.68,-6.659999999999999,-4.399999999999999,-3.6,-3.77,-2.22,-1.96,-2.47,-4.72
200408,.07,.11,-2.87,-1.92,-.1,.62,-2.14,3.23,.07,-.13,1.23,.96,2004m8,-2.98,-2.03,-.21,.51,-2.25,3.12,-.04,-.24,1.12,.85
200409,1.6,.11,3.85,4.24,3.97,.9399999999999999,2,-1.21,3.83,2.04,-.15,.63,2004m9,3.74,4.13,3.86,.83,1.89,-1.32,3.72,1.93,-.26,.52
200410,1.42,.11,3.62,3.21,.72,.79,2.55,-.09,2.18,1.98,1.01,.48,2004m10,3.51,3.1,.61,.68,2.44,-.2,2.07,1.87,.9,.37
200411,4.53,.15,7.47,5.41,6.15,5.39,4.78,3.21,4.9,2.78,3.39,6.68,2004m11,7.319999999999999,5.26,6,5.239999999999999,4.63,3.06,4.75,2.63,3.24,6.529999999999999
200412,3.42,.16,5.04,4.46,4.44,3.75,1.5,2.83,3.08,3.09,3.44,4.82,2004m12,4.88,4.3,4.28,3.59,1.34,2.67,2.92,2.93,3.28,4.66
200501,-2.75,.16,-5.77,-3.77,-5.17,-3.4,-2.01,-1.81,-1.02,-2.14,-2.23,-1.26,2005m1,-5.93,-3.93,-5.33,-3.56,-2.17,-1.97,-1.18,-2.3,-2.39,-1.42
200502,1.88,.16,-.13,1.33,2.31,2.13,.42,2.37,1.75,5.17,2.56,.17,2005m2,-.29,1.17,2.15,1.97,.26,2.21,1.59,5.01,2.4,.01
200503,-1.94,.21,-3.6,-.59,-.72,-3.67,-.96,-1.71,-.31,-2.78,-.97,-1.5,2005m3,-3.81,-.7999999999999999,-.9299999999999999,-3.88,-1.17,-1.92,-.52,-2.99,-1.18,-1.71
200504,-2.61,.21,-4.67,-3.22,-3.1,-3.71,-1.67,.19,-1.8,-2.12,-2.02,-3.02,2005m4,-4.88,-3.43,-3.31,-3.92,-1.88,-.02,-2.01,-2.33,-2.23,-3.23
200505,3.65,.24,6.23,4.64,6.12,5.47,4.08,2.3,3.52,3.46,1.78,4.65,2005m5,5.99,4.399999999999999,5.88,5.23,3.84,2.06,3.28,3.22,1.54,4.41
200506,.58,.23,.43,0,1.04,1.21,.43,1.24,.1,.89,.38,1.07,2005m6,.2,-.23,.8100000000000001,.98,.2,1.01,-.13,.66,.15,.8400000000000001
200507,3.92,.24,6.4,3.29,5.25,5.56,3.41,4.83,2.24,4.5,3.66,3.05,2005m7,6.16,3.05,5.01,5.319999999999999,3.17,4.59,2,4.26,3.42,2.81
200508,-1.2,.3,.03,-.14,1,-.87,.13,-1.91,-1.91,-2.42,.19,-2.6,2005m8,-.27,-.44,.7,-1.17,-.17,-2.21,-2.21,-2.72,-.11,-2.9
200509,.48,.29,1.87,-.15,.16,1.03,1.71,1.22,.28,-.44,1.77,.47,2005m9,1.58,-.4399999999999999,-.13,.74,1.42,.9299999999999999,-.01,-.73,1.48,.18
200510,-2.04,.27,-3.53,-.09,-.41,-.34,-1.53,-2.49,-1.62,-.51,-3.24,-2.81,2005m10,-3.8,-.36,-.6799999999999999,-.6100000000000001,-1.8,-2.76,-1.89,-.78,-3.51,-3.08
200511,3.61,.31,3.9,4.08,5.51,5.3,5.44,3.35,3.88,3.22,2.75,2.76,2005m11,3.59,3.77,5.2,4.99,5.130000000000001,3.04,3.57,2.91,2.44,2.45
200512,-.24,.32,2.29,-.8,-1.4,.35,-.07,.24,1.53,-.73,-.2,.37,2005m12,1.97,-1.12,-1.72,.03,-.39,-.08,1.21,-1.05,-.52,.05
200601,3.03,.35,5.33,3.58,4.67,1.05,3,4.42,3.89,1.27,3.9,4.04,2006m1,4.98,3.23,4.32,.7000000000000001,2.65,4.07,3.54,.92,3.55,3.69
200602,-.3,.34,-.33,-1.35,-.03,1,-.15,1.12,1.09,.6899999999999999,-1.14,-.15,2006m2,-.67,-1.69,-.37,.6599999999999999,-.49,.78,.75,.3499999999999999,-1.48,-.49
200603,1.47,.37,2.8,1.4,1.52,2.87,2.04,3.52,.63,.61,1.97,1.35,2006m3,2.43,1.03,1.15,2.5,1.67,3.15,.26,.24,1.6,.9800000000000001
200604,.73,.36,-.23,2.03,-1.71,1.68,1.95,1.57,1.56,-.1,2.48,.65,2006m4,-.59,1.67,-2.07,1.32,1.59,1.21,1.2,-.46,2.12,.29
200605,-3.56,.43,-4.72,-1.35,-3.57,-2.79,-3.27,-4.19,-3.68,-2.54,-2.23,-2.82,2006m5,-5.149999999999999,-1.78,-4,-3.22,-3.7,-4.62,-4.11,-2.97,-2.66,-3.25
200606,-.35,.4,-1.52,.16,-.29,-2.07,-.93,.2,1.28,1.03,.97,-.19,2006m6,-1.92,-.24,-.6899999999999999,-2.47,-1.33,-.2,.88,.63,.57,-.5900000000000001
200607,-.77,.4,-3.36,-1.28,-2.82,-1.23,-.66,.88,.63,.1,1.91,-2.15,2006m7,-3.76,-1.68,-3.22,-1.63,-1.06,.48,.23,-.3,1.51,-2.55
200608,2.03,.42,4.53,3.24,3.59,2.14,2.39,1.78,2.34,2.51,.9,3.57,2006m8,4.11,2.82,3.17,1.72,1.97,1.36,1.92,2.09,.48,3.15
200609,1.84,.41,.41,2.49,1.58,2.7,4.01,2.68,1.96,3.76,.14,1.31,2006m9,0,2.08,1.17,2.29,3.6,2.27,1.55,3.35,-.27,.9000000000000001
200610,3.22,.41,4.87,5.62,2.59,4.72,2.61,3.62,1.76,2.85,5.09,3.76,2006m10,4.46,5.21,2.18,4.31,2.2,3.21,1.35,2.44,4.68,3.35
200611,1.7,.42,2.37,2.45,2.81,.86,2.85,.66,1.55,1.26,4.1,2.25,2006m11,1.95,2.03,2.39,.44,2.43,.24,1.13,.8400000000000001,3.68,1.83
200612,.85,.4,1.26,2.19,.6899999999999999,2.25,1.64,3.29,.63,.83,.6,-.38,2006m12,.86,1.79,.2899999999999999,1.85,1.24,2.89,.23,.4299999999999999,.2,-.78
200701,1.38,.44,2.86,1.58,1.88,1.97,.45,2.64,1.61,2.21,.72,2.86,2007m1,2.42,1.14,1.44,1.53,.01,2.2,1.17,1.77,.28,2.42
200702,-1.96,.38,-.74,-1.98,.13,-.47,-1.74,-3,-1.36,-2.02,-2.37,-.17,2007m2,-1.12,-2.36,-.25,-.85,-2.12,-3.38,-1.74,-2.4,-2.75,-.55
200703,.71,.43,.86,1.01,1.12,1.97,1.66,.43,.74,.58,2.08,1.48,2007m3,.43,.5800000000000001,.6900000000000002,1.54,1.23,0,.31,.15,1.65,1.05
200704,3.49,.44,4,3.11,3.47,2.32,3.44,4.62,3.22,4.81,4.63,5.41,2007m4,3.56,2.67,3.03,1.88,3,4.18,2.78,4.369999999999999,4.19,4.97
200705,3.23,.41,2.85,2.25,4,3.63,4.66,1.83,3.76,3.13,4.94,4.21,2007m5,2.44,1.84,3.59,3.22,4.25,1.42,3.35,2.72,4.53,3.8
200706,-1.96,.4,-.9399999999999999,-1.27,-1.97,-1.97,-.53,-3.46,-2.39,-1.65,-.67,-.91,2007m6,-1.34,-1.67,-2.37,-2.37,-.93,-3.86,-2.79,-2.05,-1.07,-1.31
200707,-3.72,.4,-3.69,-5.67,-3.58,-4.14,-2.36,-4.26,-2.95,-3.51,-2.5,-1.1,2007m7,-4.09,-6.07,-3.98,-4.54,-2.76,-4.66,-3.35,-3.91,-2.9,-1.5
200708,.9399999999999999,.42,1.73,.51,1.57,2.78,1.44,1.95,2.13,1.15,1.3,.07,2007m8,1.31,.09,1.15,2.36,1.02,1.53,1.71,.73,.8800000000000001,-.35
200709,3.22,.32,4.33,3.34,2.89,2.02,5.33,2.3,2.84,3.19,4.43,4.79,2007m9,4.01,3.02,2.57,1.7,5.01,1.98,2.52,2.87,4.109999999999999,4.47
200710,1.79,.32,.9399999999999999,.51,3.08,.13,6.96,.16,1.27,1.56,4.86,1.2,2007m10,.6199999999999999,.19,2.76,-.19,6.64,-.16,.95,1.24,4.54,.8799999999999999
200711,-4.8,.34,-7.43,-7.76,-2.28,-6.84,-2.6,-5.8,-5.43,-1.92,-2.66,-4.98,2007m11,-7.77,-8.1,-2.62,-7.18,-2.94,-6.14,-5.77,-2.26,-3,-5.32
200712,-.87,.27,-1.7,-.9399999999999999,-.91,-1.23,.6,-3.12,-1.83,-.19,1.78,.68,2007m12,-1.97,-1.21,-1.18,-1.5,.33,-3.39,-2.1,-.46,1.51,.41
200801,-6.33,.21,-9.75,-6.36,-5.26,-7.4,-10.7,-3.35,-5.56,-3.71,-6.11,-6.84,2008m1,-9.960000000000001,-6.57,-5.47,-7.61,-10.91,-3.56,-5.77,-3.92,-6.32,-7.05
200802,-3.09,.13,-3.47,-3.25,-.49,-5.82,-4.4,-5.75,-4.99,-2.22,-1.37,.6899999999999999,2008m2,-3.6,-3.38,-.62,-5.95,-4.53,-5.88,-5.12,-2.35,-1.5,.5599999999999999
200803,-.9399999999999999,.17,-2.64,1.33,-.99,-5.03,1,.68,-2.66,.1,.43,-1.12,2008m3,-2.81,1.16,-1.16,-5.2,.83,.51,-2.83,-.07,.26,-1.29
200804,4.61,.18,6.4,2.93,2.84,5.71,7.02,2.74,4.4,4.74,3.85,6.23,2008m4,6.220000000000001,2.75,2.66,5.53,6.84,2.56,4.220000000000001,4.56,3.67,6.050000000000001
200805,1.87,.18,3.76,3.35,3.15,-.2,3.74,-1.23,1.47,1.69,3.76,2.61,2008m5,3.58,3.17,2.97,-.38,3.56,-1.41,1.29,1.51,3.58,2.43
200806,-8.43,.17,-9.44,-12.76,-8.85,-11.54,-8.859999999999999,-11.66,-10.73,-5.6,-4.83,-5.31,2008m6,-9.609999999999999,-12.93,-9.02,-11.71,-9.029999999999999,-11.83,-10.9,-5.77,-5,-5.48
200807,-.75,.15,.01,.8,-.39,1.98,5.7,-1.53,-.82,1.2,-7.16,.41,2008m7,-.14,.65,-.54,1.83,5.55,-1.68,-.97,1.05,-7.31,.26
200808,1.53,.13,.87,-.75,1.38,.79,1.96,1.89,1.85,2.44,1.79,1.66,2008m8,.74,-.88,1.25,.66,1.83,1.76,1.72,2.31,1.66,1.53
200809,-9.35,.15,-10.59,-18.82,-8.4,-11.41,-4.64,-9.15,-9.720000000000001,-7.31,-8.9,-8.49,2008m9,-10.74,-18.97,-8.550000000000001,-11.56,-4.79,-9.300000000000001,-9.870000000000001,-7.46,-9.050000000000001,-8.640000000000001
200810,-17.2,.08,-26.01,-23.77,-16.37,-21.13,-19.06,-15.21,-15.2,-14.27,-15.54,-17.29,2008m10,-26.09,-23.85,-16.45,-21.21,-19.14,-15.29,-15.28,-14.35,-15.62,-17.37
200811,-7.74,.03,-17.76,-13.11,-11.03,-7.87,-10.29,-9.34,-6.06,-6.64,-1.23,-7.92,2008m11,-17.79,-13.14,-11.06,-7.9,-10.32,-9.369999999999999,-6.09,-6.67,-1.26,-7.95
200812,1.77,0,.29,6.88,1.1,6.28,-.91,2.6,.46,4.17,-.8,2.63,2008m12,.29,6.88,1.1,6.28,-.91,2.6,.46,4.17,-.8,2.63
200901,-8.09,0,-8.1,-7.81,-7.68,-6.55,-14.73,-7.94,-10.98,-5.57,-6.25,-5.75,2009m1,-8.1,-7.81,-7.68,-6.55,-14.73,-7.94,-10.98,-5.57,-6.25,-5.75
200902,-10.14,.01,-12.21,-10.77,-11.13,-11.12,-13.18,-11.18,-8.34,-10.65,-10.26,-6.69,2009m2,-12.22,-10.78,-11.14,-11.13,-13.19,-11.19,-8.35,-10.66,-10.27,-6.7
200903,9.01,.02,15.4,13.39,8.539999999999999,9.130000000000001,8.609999999999999,7.78,9.34,9.380000000000001,6.18,9.06,2009m3,15.38,13.37,8.52,9.110000000000001,8.59,7.760000000000001,9.32,9.360000000000001,6.16,9.040000000000001
200904,10.17,.01,13.96,15.27,10.25,10.09,14.87,10.25,9.81,6.6,7.89,10.63,2009m4,13.95,15.26,10.24,10.08,14.86,10.24,9.800000000000001,6.59,7.88,10.62
200905,5.21,0,6.67,8.880000000000001,3.41,4.22,4.5,4.21,3.77,7.52,4.81,4.31,2009m5,6.67,8.880000000000001,3.41,4.22,4.5,4.21,3.77,7.52,4.81,4.31
200906,.42,.01,2.49,-.68,.37,.5,1.95,1.18,-1.24,.38,-.8,3.15,2009m6,2.48,-.6900000000000001,.36,.49,1.94,1.17,-1.25,.37,-.8100000000000001,3.14
200907,7.74,.01,9.85,6.87,8.32,10.03,9.18,9.67,8.77,6.12,7.25,5.4,2009m7,9.84,6.86,8.31,10.02,9.17,9.66,8.76,6.11,7.24,5.390000000000001
200908,3.33,.01,9.23,4.24,8.27,1.92,3.07,2.21,3.9,1.67,2.04,1.76,2009m8,9.220000000000001,4.23,8.26,1.91,3.06,2.2,3.89,1.66,2.03,1.75
200909,4.08,.01,5.64,5.46,2.2,3.93,5.7,7.09,1.72,3.21,4.44,3.59,2009m9,5.63,5.45,2.19,3.92,5.69,7.08,1.71,3.2,4.430000000000001,3.58
200910,-2.53,0,-8.42,-5.23,-5.28,-2.96,-5.19,-2.97,-1.25,-.89,-.64,.99,2009m10,-8.42,-5.23,-5.28,-2.96,-5.19,-2.97,-1.25,-.89,-.64,.99
200911,5.63,0,3.42,3.6,4.53,2.62,5.82,6.25,7.34,6.34,5.9,5.49,2009m11,3.42,3.6,4.53,2.62,5.82,6.25,7.34,6.34,5.9,5.49
200912,2.8,.01,4.43,3.04,2.29,5.97,4.61,2.54,2.89,3.74,2.48,.25,2009m12,4.42,3.03,2.28,5.96,4.600000000000001,2.53,2.88,3.73,2.47,.24
201001,-3.35,0,-3.84,-1.04,-2.08,-3.26,-4.69,-2.61,-3.33,-4.03,-4.09,-4.82,2010m1,-3.84,-1.04,-2.08,-3.26,-4.69,-2.61,-3.33,-4.03,-4.09,-4.82
201002,3.39,0,4.49,4.5,4.11,4.12,3.17,3.36,2.75,2.33,3.18,3.74,2010m2,4.49,4.5,4.11,4.12,3.17,3.36,2.75,2.33,3.18,3.74
201003,6.3,.01,8.01,6.49,7.24,5.93,9.300000000000001,7.18,4.74,5.42,5.54,5.04,2010m3,8,6.48,7.23,5.92,9.290000000000001,7.17,4.73,5.41,5.53,5.03
201004,1.99,.01,5.42,.78,.89,3.37,2.64,2.18,.43,.85,3.3,1.83,2010m4,5.41,.77,.88,3.36,2.63,2.17,.42,.84,3.29,1.82
201005,-7.9,.01,-9,-6.78,-9.16,-7.26,-7.71,-7.16,-7.59,-7.43,-8.199999999999999,-8.130000000000001,2010m5,-9.01,-6.79,-9.17,-7.27,-7.72,-7.17,-7.6,-7.44,-8.209999999999999,-8.140000000000001
201006,-5.56,.01,-9.199999999999999,-2.51,-6.91,-4.99,-6.02,-5.47,-6.34,-3.82,-5.72,-5.53,2010m6,-9.209999999999999,-2.52,-6.92,-5,-6.029999999999999,-5.48,-6.35,-3.83,-5.73,-5.54
201007,6.92,.01,6.86,7.25,5,6.58,7.77,7.55,6.43,7.51,5.99,7.75,2010m7,6.850000000000001,7.24,4.99,6.57,7.76,7.54,6.42,7.5,5.98,7.74
201008,-4.78,.01,-7.84,-7.63,-3.43,-6.99,-2.48,-7.03,-4.15,-3.52,-3.99,-4.91,2010m8,-7.85,-7.64,-3.44,-7,-2.49,-7.04,-4.16,-3.53,-4,-4.92
201009,9.550000000000001,.01,10.19,10.75,9.27,9.76,9.56,8.880000000000001,8.92,8.77,10.9,8.92,2010m9,10.18,10.74,9.26,9.75,9.550000000000001,8.870000000000001,8.91,8.76,10.89,8.91
201010,3.87,.01,2.7,4.06,2.28,.74,3.78,3.42,4.7,4.49,3.79,5.39,2010m10,2.69,4.05,2.27,.73,3.77,3.41,4.69,4.48,3.78,5.38
201011,.59,.01,1.54,1.67,.97,.7,.85,-1.76,-.71,2,.85,-.91,2010m11,1.53,1.66,.96,.6899999999999999,.84,-1.77,-.72,1.99,.84,-.92
201012,6.82,.01,12.31,9.6,6.4,9.960000000000001,5.93,7.09,7.5,5.48,5.1,5.15,2010m12,12.3,9.59,6.390000000000001,9.950000000000001,5.92,7.08,7.49,5.470000000000001,5.09,5.140000000000001
201101,1.98,.01,3.16,3.24,.7,3.73,3.04,2.58,2.09,2.25,1.02,1.44,2011m1,3.15,3.23,.6899999999999999,3.72,3.03,2.57,2.08,2.24,1.01,1.43
201102,3.48,.01,3.71,3.59,5.99,5.02,4.86,1.76,4.49,2.66,2.99,2.75,2011m2,3.7,3.58,5.98,5.01,4.850000000000001,1.75,4.48,2.65,2.98,2.74
201103,.45,.01,-.4,-1.25,-.63,-.29,1.03,.43,1,.72,.97,1.12,2011m3,-.41,-1.26,-.64,-.3,1.02,.42,.99,.71,.96,1.11
201104,2.9,0,1.6,1.19,2.48,2.08,3.69,2.65,2.81,3.26,3.42,3.92,2011m4,1.6,1.19,2.48,2.08,3.69,2.65,2.81,3.26,3.42,3.92
201105,-1.27,0,-4.71,-2.44,-2.27,-2.01,-.54,-.79,-1.24,-1.58,-.88,.85,2011m5,-4.71,-2.44,-2.27,-2.01,-.54,-.79,-1.24,-1.58,-.88,.85
201106,-1.74,0,-3.27,-4.19,-2.12,-2.35,-1.96,-1.91,-1.64,-.86,-1.3,-.5600000000000001,2011m6,-3.27,-4.19,-2.12,-2.35,-1.96,-1.91,-1.64,-.86,-1.3,-.5600000000000001
201107,-2.35,0,-3.62,-5.56,-4.16,-3.96,-2.14,-1.98,-2.54,-2.36,-.78,.38,2011m7,-3.62,-5.56,-4.16,-3.96,-2.14,-1.98,-2.54,-2.36,-.78,.38
201108,-5.96,.01,-10.73,-9.630000000000001,-9.66,-6.97,-7.52,-5.86,-4.4,-4.81,-5.05,-4.09,2011m8,-10.74,-9.640000000000001,-9.67,-6.98,-7.529999999999999,-5.87,-4.41,-4.819999999999999,-5.06,-4.1
201109,-7.58,0,-11.35,-10.2,-11.22,-9.33,-9,-7.4,-6.02,-6.6,-5.16,-7.66,2011m9,-11.35,-10.2,-11.22,-9.33,-9,-7.4,-6.02,-6.6,-5.16,-7.66
201110,11.33,0,12.45,15.13,16.92,12.73,14.5,11.94,8.66,10.56,10.38,9.67,2011m10,12.45,15.13,16.92,12.73,14.5,11.94,8.66,10.56,10.38,9.67
201111,-.27,0,-1.68,-2.99,-1.29,-.93,-.36,.76,.16,.12,-.55,1.39,2011m11,-1.68,-2.99,-1.29,-.93,-.36,.76,.16,.12,-.55,1.39
201112,.75,0,.35,-2.07,-1.11,2.3,-.13,2.25,1.59,.34,.77,.83,2011m12,.35,-2.07,-1.11,2.3,-.13,2.25,1.59,.34,.77,.83
201201,5.05,0,8.710000000000001,7.47,5.69,6.58,7.06,2.49,3.06,2.58,6.78,6.15,2012m1,8.710000000000001,7.47,5.69,6.58,7.06,2.49,3.06,2.58,6.78,6.15
201202,4.42,0,6.64,4.12,4.68,5.48,3.13,2.66,4.9,3.31,6.22,4.06,2012m2,6.64,4.12,4.68,5.48,3.13,2.66,4.9,3.31,6.22,4.06
201203,3.12,0,2.95,3.37,2.58,4.47,2.95,2.52,2.96,1.93,5.17,2.33,2012m3,2.95,3.37,2.58,4.47,2.95,2.52,2.96,1.93,5.17,2.33
201204,-.85,0,.06,-3.38,-1.32,-1.65,-2.04,-.54,.36,-.84,-.6,.37,2012m4,.06,-3.38,-1.32,-1.65,-2.04,-.54,.36,-.84,-.6,.37
201205,-6.17,.01,-7.14,-9.02,-8.27,-5.72,-9.02,-5.66,-4.56,-5.63,-4.48,-7.08,2012m5,-7.149999999999999,-9.029999999999999,-8.279999999999999,-5.73,-9.029999999999999,-5.67,-4.569999999999999,-5.64,-4.49,-7.09
201206,3.89,0,6.91,4.39,3.57,4.69,2.54,3.54,3.19,5.93,2.05,3.24,2012m6,6.91,4.39,3.57,4.69,2.54,3.54,3.19,5.93,2.05,3.24
201207,.79,0,-2.95,-.97,.34,-.2,1.33,1.09,2.49,1.35,.5,.76,2012m7,-2.95,-.97,.34,-.2,1.33,1.09,2.49,1.35,.5,.76
201208,2.54,.01,4.41,4.13,4.33,3.64,3.53,2.14,1.29,1.36,3.82,1.03,2012m8,4.4,4.12,4.32,3.63,3.52,2.13,1.28,1.35,3.81,1.02
201209,2.73,.01,3.3,4.72,3.24,3.61,4.54,2.62,3.33,1.94,.72,2.56,2012m9,3.29,4.71,3.23,3.6,4.53,2.61,3.32,1.93,.71,2.55
201210,-1.76,.01,-1.81,1.24,-.06,-3.71,-2.96,-.42,-.8100000000000001,-1,-3.96,-1.41,2012m10,-1.82,1.23,-.07,-3.72,-2.97,-.43,-.8200000000000001,-1.01,-3.97,-1.42
201211,.78,.01,1.12,-.17,1.9,1.54,2.51,1.49,.11,-.41,.5600000000000001,1.11,2012m11,1.11,-.18,1.89,1.53,2.5,1.48,.1,-.42,.55,1.1
201212,1.18,.01,3.17,4.42,2.12,2.17,3.09,.72,1.32,.36,-1.11,.68,2012m12,3.16,4.41,2.11,2.16,3.08,.71,1.31,.35,-1.12,.67
201301,5.57,0,7.88,8.32,6.2,6.15,5.02,7.98,6.3,5.36,1.84,5.37,2013m1,7.88,8.32,6.2,6.15,5.02,7.98,6.3,5.36,1.84,5.37
201302,1.28,0,.45,1.78,1.92,1.27,1.07,.68,2.08,1.49,1.07,.93,2013m2,.45,1.78,1.92,1.27,1.07,.68,2.08,1.49,1.07,.93
201303,4.04,0,5.37,3.96,4.43,4.38,3.82,3.2,4.22,3.54,3.59,4.6,2013m3,5.37,3.96,4.43,4.38,3.82,3.2,4.22,3.54,3.59,4.6
201304,1.56,0,3.19,1.36,-1.18,-.39,1.05,1.2,2.63,1.46,2.71,1.47,2013m4,3.19,1.36,-1.18,-.39,1.05,1.2,2.63,1.46,2.71,1.47
201305,2.8,0,5.08,7.01,3.18,3.74,3.58,2.7,.6899999999999999,2.27,3.07,1.56,2013m5,5.08,7.01,3.18,3.74,3.58,2.7,.6899999999999999,2.27,3.07,1.56
201306,-1.2,0,-1.27,-2.56,-.96,-.07,-.21,-.05,-.38,-1.55,-3.08,-1.77,2013m6,-1.27,-2.56,-.96,-.07,-.21,-.05,-.38,-1.55,-3.08,-1.77
201307,5.65,0,8.550000000000001,8.289999999999999,6.12,6.41,4.67,5.74,5.61,5.03,5.32,4.44,2013m7,8.550000000000001,8.289999999999999,6.12,6.41,4.67,5.74,5.61,5.03,5.32,4.44
201308,-2.71,0,-1.7,-2.66,-3.07,-2.65,-3.94,-3.12,-3.49,-3.2,-.32,-3.02,2013m8,-1.7,-2.66,-3.07,-2.65,-3.94,-3.12,-3.49,-3.2,-.32,-3.02
201309,3.77,0,6.86,5.31,3.33,4.11,4.27,3.62,3.17,3.46,2.54,4.14,2013m9,6.86,5.31,3.33,4.11,4.27,3.62,3.17,3.46,2.54,4.14
201310,4.17,0,.04,3.3,2.54,3.88,5.04,4.63,4.7,3.69,5.74,4.42,2013m10,.04,3.3,2.54,3.88,5.04,4.63,4.7,3.69,5.74,4.42
201311,3.11,0,3.6,2.53,3.83,2.3,1.59,2.46,3.49,3.77,3.86,2.97,2013m11,3.6,2.53,3.83,2.3,1.59,2.46,3.49,3.77,3.86,2.97
201312,2.81,0,3.22,3.43,2.97,3.6,4.52,1.52,1.47,3.26,1.75,2.81,2013m12,3.22,3.43,2.97,3.6,4.52,1.52,1.47,3.26,1.75,2.81
201401,-3.32,0,2.6,-2.53,-2.91,-4.06,.11,-2.72,-3.1,-4.8,-4.68,-4.96,2014m1,2.6,-2.53,-2.91,-4.06,.11,-2.72,-3.1,-4.8,-4.68,-4.96
201402,4.66,0,6.75,4.8,2.94,4.69,4.98,3.53,4.31,4.86,5.39,4.84,2014m2,6.75,4.8,2.94,4.69,4.98,3.53,4.31,4.86,5.39,4.84
201403,.43,0,-4.65,-1.37,2.54,.87,-1.59,.47,2.18,.83,.75,.76,2014m3,-4.65,-1.37,2.54,.87,-1.59,.47,2.18,.83,.75,.76
201404,-.18,0,-5,-.83,-2.08,-.77,-1.48,.47,-.86,1.72,1.81,1.03,2014m4,-5,-.83,-2.08,-.77,-1.48,.47,-.86,1.72,1.81,1.03
201405,2.05,0,1.5,1.95,1.08,2.57,3.91,.67,1.74,1.39,3.31,1.34,2014m5,1.5,1.95,1.08,2.57,3.91,.67,1.74,1.39,3.31,1.34
201406,2.6,0,7.66,4.51,3.05,2.14,2.91,1.93,2.51,1.8,2.5,.84,2014m6,7.66,4.51,3.05,2.14,2.91,1.93,2.51,1.8,2.5,.84
201407,-2.03,0,-5.65,-3.46,-2.63,-2.26,-2.68,-2.25,-2.24,-.28,-.73,-2.75,2014m7,-5.65,-3.46,-2.63,-2.26,-2.68,-2.25,-2.24,-.28,-.73,-2.75
201408,4.24,0,7.99,4.33,5.34,3.92,3.42,3.43,3.5,4.76,4.21,4.01,2014m8,7.99,4.33,5.34,3.92,3.42,3.43,3.5,4.76,4.21,4.01
201409,-1.96,0,-4.86,-2.29,-2.28,-1.07,-2.95,-2.3,-1.51,-1.32,-2.35,-1.17,2014m9,-4.86,-2.29,-2.28,-1.07,-2.95,-2.3,-1.51,-1.32,-2.35,-1.17
201410,2.51,0,1.93,2.92,2.14,.9,2.85,3.61,2.54,2.16,2.91,2.18,2014m10,1.93,2.92,2.14,.9,2.85,3.61,2.54,2.16,2.91,2.18
201411,2.56,0,-.8,2.39,2.77,.11,1.47,1.53,1.47,3.96,4.39,4.12,2014m11,-.8,2.39,2.77,.11,1.47,1.53,1.47,3.96,4.39,4.12
201412,-.05,0,.05,.66,.14,.36,1.22,1.81,.24,-.6,-2.16,-.51,2014m12,.05,.66,.14,.36,1.22,1.81,.24,-.6,-2.16,-.51
201501,-3.1,0,-2.11,-6.63,-3.74,-4.61,-4.45,-3.89,-3.3,-2.49,-.8,-2.31,2015m1,-2.11,-6.63,-3.74,-4.61,-4.45,-3.89,-3.3,-2.49,-.8,-2.31
201502,6.13,0,9.57,8.33,6.02,6.12,7.66,4.89,5.41,5.53,6.32,6.39,2015m2,9.57,8.33,6.02,6.12,7.66,4.89,5.41,5.53,6.32,6.39
201503,-1.11,0,-.1,-1.22,-.85,-.48,-.82,-.1,-1.23,-1.72,-2.37,-.6,2015m3,-.1,-1.22,-.85,-.48,-.82,-.1,-1.23,-1.72,-2.37,-.6
201504,.59,0,-.59,.66,.83,.59,.48,-.36,.39,1.77,.67,.27,2015m4,-.59,.66,.83,.59,.48,-.36,.39,1.77,.67,.27
201505,1.37,0,4.65,1.71,1.64,1.86,1.58,1.08,1.2,.92,.84,1.15,2015m5,4.65,1.71,1.64,1.86,1.58,1.08,1.2,.92,.84,1.15
201506,-1.52,0,-1.39,-.3,-1.92,-.48,-1.89,-.75,-1.8,-2.36,-2.14,-1.05,2015m6,-1.39,-.3,-1.92,-.48,-1.89,-.75,-1.8,-2.36,-2.14,-1.05
201507,1.57,0,-.3,-.17,2.09,3.01,1.81,1.47,1.03,3.13,-1.06,2.8,2015m7,-.3,-.17,2.09,3.01,1.81,1.47,1.03,3.13,-1.06,2.8
201508,-6.02,0,-10.09,-5.65,-5.44,-5.37,-6.2,-6.6,-6.19,-5.98,-5.74,-5.61,2015m8,-10.09,-5.65,-5.44,-5.37,-6.2,-6.6,-6.19,-5.98,-5.74,-5.61
201509,-3.06,0,-10,-4.97,-3.11,-2.63,-3.63,-1.83,-3.93,-1.48,-2.94,-2.35,2015m9,-10,-4.97,-3.11,-2.63,-3.63,-1.83,-3.93,-1.48,-2.94,-2.35
201510,7.75,0,5.27,7.35,7.2,9.56,7.5,6.98,7.3,8.029999999999999,8.68,7.52,2015m10,5.27,7.35,7.2,9.56,7.5,6.98,7.3,8.029999999999999,8.68,7.52
201511,.57,0,3.88,2.41,.5600000000000001,2.05,1.35,-.16,.01,1.13,-.5,-.36,2015m11,3.88,2.41,.5600000000000001,2.05,1.35,-.16,.01,1.13,-.5,-.36
201512,-2.15,.01,-3.26,-4.74,-3.52,-.92,-3.39,-1.35,-2.03,-.99,-4.19,-1.23,2015m12,-3.27,-4.75,-3.53,-.93,-3.4,-1.36,-2.04,-1,-4.2,-1.24
201601,-5.74,.01,-20.02,-10.01,-2.57,-6.99,-6.1,-3.72,-6.48,-3.9,-7.33,-4.12,2016m1,-20.03,-10.02,-2.58,-7,-6.109999999999999,-3.73,-6.49,-3.91,-7.34,-4.13
201602,-.06,.02,-2.81,-3.41,-.6899999999999999,-1.22,1.14,-.6,-.6899999999999999,.43,1.48,1.48,2016m2,-2.83,-3.43,-.71,-1.24,1.12,-.62,-.71,.41,1.46,1.46
201603,6.95,.02,8.15,6.82,6.78,8.09,7.92,4.91,7.13,6.51,8,6.85,2016m3,8.130000000000001,6.800000000000001,6.760000000000001,8.07,7.9,4.890000000000001,7.11,6.49,7.98,6.83
201604,.92,.01,3.7,4.38,2.43,-.44,2.06,2.86,2.6,.12,-2.22,-.45,2016m4,3.69,4.37,2.42,-.45,2.05,2.85,2.59,.11,-2.23,-.46
201605,1.78,.01,2.39,2.83,1.78,2.05,2.22,1.86,.83,2.16,2.82,.11,2016m5,2.38,2.82,1.77,2.04,2.21,1.85,.82,2.15,2.81,.1
201606,-.03,.02,-2.83,-2.35,-1.23,-1.48,.2,.52,-.06,.93,-1.35,1.75,2016m6,-2.85,-2.37,-1.25,-1.5,.18,.5,-.08,.91,-1.37,1.73
201607,3.94,.02,6.37,1.62,2.5,4.06,4.65,3.52,2.55,5.11,5.06,4.17,2016m7,6.350000000000001,1.6,2.48,4.04,4.630000000000001,3.5,2.53,5.090000000000001,5.04,4.15
201608,.49,.02,1.12,2.27,3.43,-.22,.35,1.31,.63,-.32,.06,-.6899999999999999,2016m8,1.1,2.25,3.41,-.24,.33,1.29,.61,-.34,.04,-.71
201609,.27,.02,5.1,1.2,-.6,.19,1.05,-1.22,-.6,.1,.89,.37,2016m9,5.08,1.18,-.62,.17,1.03,-1.24,-.62,.08,.87,.35
201610,-2.01,.02,-8.68,-.46,-.75,.31,-1.88,-.68,-1.74,-3.46,-3.24,-1.86,2016m10,-8.699999999999999,-.48,-.77,.29,-1.9,-.7000000000000001,-1.76,-3.48,-3.26,-1.88
201611,4.86,.01,7.58,5.64,8.23,4.21,6.23,5.62,3.84,4.44,5.03,3.37,2016m11,7.57,5.63,8.220000000000001,4.2,6.220000000000001,5.61,3.83,4.430000000000001,5.02,3.36
201612,1.81,.03,-3.59,2.49,2.57,2.53,2.67,2.72,1.27,2.17,.55,2.08,2016m12,-3.62,2.46,2.54,2.5,2.64,2.69,1.24,2.14,.52,2.05
201701,1.94,.04,5.45,1.17,-.1,1.82,1.44,.44,2.81,2.92,2.87,1.66,2017m1,5.41,1.13,-.14,1.78,1.4,.4,2.77,2.88,2.83,1.62
201702,3.55,.04,.04,1.37,3.11,3.69,3.06,5.09,3.53,2.78,3.22,5.24,2017m2,0,1.33,3.07,3.65,3.02,5.05,3.49,2.74,3.18,5.2
201703,.17,.03,.25,-.5600000000000001,-.67,-.25,.02,-1.17,.6,.63,.99,.61,2017m3,.22,-.5900000000000001,-.7000000000000001,-.28,-.01,-1.2,.57,.6,.96,.58
201704,1.08,.05,.24,-.04,-.01,2.85,.82,-.04,.73,1.56,2.42,.96,2017m4,.19,-.09,-.06,2.8,.7699999999999999,-.09,.6799999999999999,1.51,2.37,.9099999999999999
201705,1.07,.06,-1.84,0,-.2,1.15,.78,.15,1.19,1.3,1.75,2.72,2017m5,-1.9,-.06,-.26,1.09,.72,.09,1.13,1.24,1.69,2.66
201706,.79,.06,3.44,-.38,2.82,.28,1.67,2.98,1.8,.39,.04,-.8100000000000001,2017m6,3.38,-.44,2.76,.22,1.61,2.92,1.74,.33,-.02,-.8700000000000001
201707,1.88,.07,2.26,2.39,2.93,1.06,2.05,2.68,1.89,2.41,1.9,.74,2017m7,2.19,2.32,2.86,.99,1.98,2.61,1.82,2.34,1.83,.6699999999999999
201708,.18,.09,1.79,-2.45,-.9399999999999999,-1.64,.85,.53,.9399999999999999,-.37,2.4,.48,2017m8,1.7,-2.54,-1.03,-1.73,.76,.4400000000000001,.85,-.46,2.31,.39
201709,2.49,.09,4.53,5.65,4.27,3.44,3.42,2.39,2.48,1.01,.54,3.53,2017m9,4.44,5.56,4.18,3.35,3.33,2.3,2.39,.92,.4500000000000001,3.44
201710,2.26,.09,-.34,.84,2.53,.61,4.68,3.09,1.72,2.16,5.52,-.06,2017m10,-.43,.75,2.44,.52,4.59,3,1.63,2.07,5.43,-.15
201711,3.12,.08,2.03,1.15,2.55,1.7,3.69,1.95,1.96,4.47,3.76,5.29,2017m11,1.95,1.07,2.47,1.62,3.61,1.87,1.88,4.39,3.68,5.21
201712,1.06,.09,2.47,2.07,1.12,.54,-.11,.95,-.11,2.04,.73,2.34,2017m12,2.38,1.98,1.03,.4500000000000001,-.2,.86,-.2,1.95,.64,2.25
201801,5.58,.11,6.52,2.57,6.57,5.01,8.31,5.23,4.69,5.3,6.09,5.93,2018m1,6.409999999999999,2.46,6.46,4.899999999999999,8.200000000000001,5.12,4.58,5.19,5.98,5.819999999999999
201802,-3.64,.11,-3.01,-5.72,-4.8,-3.78,-2.75,-3.79,-3.13,-4.71,-.2,-4.48,2018m2,-3.12,-5.83,-4.91,-3.89,-2.86,-3.9,-3.24,-4.82,-.31,-4.590000000000001
201803,-2.35,.12,-.35,-.1,-1.95,-1.47,-2.21,-3.88,-2.08,-1.98,-2.91,-2.45,2018m3,-.47,-.22,-2.07,-1.59,-2.33,-4,-2.2,-2.1,-3.03,-2.57
201804,.27,.14,.38,5.6,.98,.16,.23,1.16,-1.17,1.31,.57,-1.41,2018m4,.24,5.46,.84,.02,.09,1.02,-1.31,1.17,.4299999999999999,-1.55
201805,2.66,.14,7.69,1.53,2.41,.9399999999999999,4.59,3.3,1.74,1.49,5.29,1.35,2018m5,7.550000000000001,1.39,2.27,.7999999999999999,4.45,3.16,1.6,1.35,5.15,1.21
201806,.49,.14,.92,1.7,.88,-1.06,-.13,.1,-.23,1.48,.98,.82,2018m6,.78,1.56,.74,-1.2,-.27,-.04,-.37,1.34,.84,.6799999999999999
201807,3.2,.16,-.8100000000000001,2.59,2.08,3.28,5.09,4.78,1.15,4.06,4.04,3.71,2018m7,-.9700000000000001,2.43,1.92,3.12,4.93,4.62,.9899999999999999,3.899999999999999,3.88,3.55
201808,3.45,.16,9.17,3.69,-.53,2.46,2.59,2,2.39,3.75,7.31,3.2,2018m8,9.01,3.53,-.6900000000000001,2.3,2.43,1.84,2.23,3.59,7.149999999999999,3.04
201809,.06,.15,-2.39,-.9,.38,-.91,-1.04,-.16,.45,1.37,.23,.99,2018m9,-2.54,-1.05,.23,-1.06,-1.19,-.31,.3,1.22,.08,.84
201810,-7.65,.19,-12.77,-7.52,-8.77,-8.44,-7.74,-6.4,-5.12,-5.72,-8.66,-8.300000000000001,2018m10,-12.96,-7.71,-8.959999999999999,-8.629999999999999,-7.930000000000001,-6.590000000000001,-5.31,-5.91,-8.85,-8.49
201811,1.71,.18,1.55,2.8,.11,2.22,2.59,.96,3.31,2.64,-1.22,4.07,2018m11,1.37,2.62,-.07,2.04,2.41,.78,3.13,2.46,-1.4,3.89
201812,-9.550000000000001,.19,-10.69,-7.85,-12.27,-9.24,-8.619999999999999,-10.58,-9.23,-8.58,-10.24,-7.53,2018m12,-10.88,-8.039999999999999,-12.46,-9.43,-8.809999999999999,-10.77,-9.42,-8.77,-10.43,-7.720000000000001
201901,8.369999999999999,.21,15.17,6.28,11.99,10.94,8.18,8.69,9.640000000000001,5.78,8.43,7.74,2019m1,14.96,6.07,11.78,10.73,7.97,8.479999999999999,9.43,5.57,8.219999999999999,7.53
201902,3.42,.18,6.74,-.29,4.82,4.38,3.46,3.25,1.77,5.04,2.46,5,2019m2,6.56,-.47,4.640000000000001,4.2,3.28,3.07,1.59,4.86,2.28,4.82
201903,1.1,.19,-1.52,-.78,-.38,.25,.8100000000000001,-.2,1.29,1.77,4.05,1.6,2019m3,-1.71,-.97,-.5700000000000001,.06,.6200000000000001,-.39,1.1,1.58,3.86,1.41
201904,3.97,.21,.46,6.1,3.81,5.97,4.24,4.43,3.99,4.6,4.68,2.6,2019m4,.25,5.89,3.6,5.76,4.03,4.22,3.78,4.39,4.47,2.39
201905,-6.92,.21,-6.88,-7.72,-8.34,-7.7,-7.15,-6.15,-5.89,-6.55,-7.71,-5.72,2019m5,-7.09,-7.93,-8.550000000000001,-7.91,-7.36,-6.36,-6.1,-6.76,-7.92,-5.93
201906,6.99,.18,8.1,6.38,8.470000000000001,8.27,4.05,7.15,7.58,7.58,8.27,6.43,2019m6,7.92,6.2,8.290000000000001,8.09,3.87,6.970000000000001,7.4,7.4,8.09,6.25
201907,1.23,.19,-.4,2.31,.67,-.43,3.19,1.02,1.31,1.78,.52,3.17,2019m7,-.5900000000000001,2.12,.48,-.62,3,.8300000000000001,1.12,1.59,.33,2.98
201908,-2.55,.16,-3.84,-4.01,-4.35,-1.47,-3.69,-3.81,-4.15,-2.98,-1.56,1.25,2019m8,-4,-4.17,-4.51,-1.63,-3.85,-3.97,-4.31,-3.14,-1.72,1.09
201909,1.41,.18,-2.3,.42,4.05,3.1,2.18,4.97,1.47,.74,.84,1.95,2019m9,-2.48,.24,3.87,2.92,2,4.79,1.29,.5600000000000001,.6599999999999999,1.77
201910,2.07,.15,3.16,.59,.83,.24,2.91,2.4,1.79,2.95,2.88,2.74,2019m10,3.01,.4399999999999999,.6799999999999999,.09,2.76,2.25,1.64,2.8,2.73,2.59
201911,3.87,.12,7.14,4.75,3.65,3.15,3.5,3.35,4.74,3.35,3.43,4.17,2019m11,7.02,4.63,3.53,3.03,3.38,3.23,4.62,3.23,3.31,4.05
201912,2.77,.14,1.68,1.73,4.08,2.42,2.82,2.14,2.13,2.8,3.37,3.88,2019m12,1.54,1.59,3.94,2.28,2.68,2,1.99,2.66,3.23,3.74
202001,-.11,.13,.77,.57,1.21,-1.87,.1,-3.39,-2.73,-1.84,2.27,.78,2020m1,.64,.4399999999999999,1.08,-2,-.03,-3.52,-2.86,-1.97,2.14,.65
202002,-8.15,.12,-5.32,-7.63,-9.970000000000001,-10.42,-8.67,-8.960000000000001,-8.25,-7.43,-6.95,-8.859999999999999,2020m2,-5.44,-7.75,-10.09,-10.54,-8.789999999999999,-9.08,-8.369999999999999,-7.55,-7.07,-8.979999999999999
202003,-13.37,.12,-15.02,-17.83,-20.04,-14.61,-15.48,-21.57,-9.720000000000001,-16.47,-7.43,-11.69,2020m3,-15.14,-17.95,-20.16,-14.73,-15.6,-21.69,-9.84,-16.59,-7.55,-11.81
202004,13.6,0,12.76,12.99,16.66,12.09,15.94,9.66,10.95,16.17,14.04,13.36,2020m4,12.76,12.99,16.66,12.09,15.94,9.66,10.95,16.17,14.04,13.36
202005,5.57,.01,9.92,5.44,5.14,4.96,5.38,4.36,4.19,8.220000000000001,3.81,6.22,2020m5,9.91,5.430000000000001,5.13,4.95,5.37,4.350000000000001,4.180000000000001,8.210000000000001,3.8,6.21
202006,2.45,.01,3.44,1.38,3.96,.19,-.43,-.37,-.89,1.51,4.43,5.1,2020m6,3.43,1.37,3.95,.18,-.44,-.38,-.9,1.5,4.42,5.09
202007,5.83,.01,5.5,6.42,3.81,8.630000000000001,6.35,4.14,6.7,5.69,4.84,8.01,2020m7,5.49,6.41,3.8,8.620000000000001,6.34,4.13,6.69,5.680000000000001,4.83,8
202008,7.62,.01,4.4,8.619999999999999,2.98,12.17,2.71,5.53,3.48,7.21,8.85,11.31,2020m8,4.390000000000001,8.609999999999999,2.97,12.16,2.7,5.52,3.47,7.2,8.84,11.3
202009,-3.64,.01,1.45,-3.25,-5.19,-6.05,-3.09,-5.17,-2.46,-2.96,-3.71,-4.53,2020m9,1.44,-3.26,-5.2,-6.06,-3.1,-5.18,-2.47,-2.97,-3.72,-4.54
202010,-2.08,.01,.8100000000000001,-1.8,.08,-2.21,1.12,.79,.26,-1.02,-3.74,-5.07,2020m10,.8,-1.81,.07,-2.22,1.11,.78,.25,-1.03,-3.75,-5.08
202011,12.45,.01,20.94,14.33,15.27,17.42,11.6,11.06,13.78,11.23,10.16,10.36,2020m11,20.93,14.32,15.26,17.41,11.59,11.05,13.77,11.22,10.15,10.35
202012,4.63,.01,7.08,3.02,8.48,9.220000000000001,4.89,2.15,5.76,2.01,3.45,6.11,2020m12,7.07,3.01,8.470000000000001,9.210000000000001,4.88,2.14,5.75,2,3.44,6.100000000000001
202101,-.07,0,6.08,-.8,.65,2.95,.18,2.6,.16,-2.93,-.67,-2.33,2021m1,6.08,-.8,.65,2.95,.18,2.6,.16,-2.93,-.67,-2.33
202102,2.81,0,1.82,7.05,8.630000000000001,-1.32,4.75,5.92,6.05,3.11,2.19,-.78,2021m2,1.82,7.05,8.630000000000001,-1.32,4.75,5.92,6.05,3.11,2.19,-.78
202103,3.17,0,-9.300000000000001,.6,3.32,3.67,3.91,4.63,5.32,6.44,3.08,4.15,2021m3,-9.300000000000001,.6,3.32,3.67,3.91,4.63,5.32,6.44,3.08,4.15
202104,4.95,0,3.78,4.19,4.26,4.63,4.84,9.01,3.4,4.36,5.6,4.97,2021m4,3.78,4.19,4.26,4.63,4.84,9.01,3.4,4.36,5.6,4.97
202105,.3,0,-4.98,.99,2.7,-1.65,1.95,1.59,2.05,1.64,.05,-1.01,2021m5,-4.98,.99,2.7,-1.65,1.95,1.59,2.05,1.64,.05,-1.01
202106,2.74,0,11.05,-.57,-.46,1.59,1.72,.25,-.87,1.88,4.52,3.89,2021m6,11.05,-.57,-.46,1.59,1.72,.25,-.87,1.88,4.52,3.89
202107,1.34,0,-4.56,-3.69,-1.4,-.27,1.75,1.73,2.59,2.73,1.99,3.93,2021m7,-4.56,-3.69,-1.4,-.27,1.75,1.73,2.59,2.73,1.99,3.93
202108,2.94,0,3.3,1.9,1.14,3.27,3.75,2.97,5.21,3.33,2.72,1.95,2021m8,3.3,1.9,1.14,3.27,3.75,2.97,5.21,3.33,2.72,1.95
202109,-4.4,0,-2.37,-1.42,-2.47,-.96,-2.78,-4.31,-5,-7.58,-5.31,-5.5,2021m9,-2.37,-1.42,-2.47,-.96,-2.78,-4.31,-5,-7.58,-5.31,-5.5
202110,6.63,0,1.67,6.58,3.35,6.8,12.6,4.56,7.79,4.79,7.49,5.57,2021m10,1.67,6.58,3.35,6.8,12.6,4.56,7.79,4.79,7.49,5.57
202111,-1.58,0,-8.34,-8.710000000000001,-6.07,-5.68,-1.65,.31,-.84,-2,-.12,2.75,2021m11,-8.34,-8.710000000000001,-6.07,-5.68,-1.65,.31,-.84,-2,-.12,2.75
202112,3.23,.01,-6.12,-2.28,5.06,4.36,1.9,7.8,2.11,4.54,3.12,7.17,2021m12,-6.13,-2.29,5.05,4.350000000000001,1.89,7.79,2.1,4.53,3.11,7.16
202201,-6.16,0,-13.53,-5.49,-.74,-.49,-5.54,-4.6,-7.27,-7.15,-7.11,-3.7,2022m1,-13.53,-5.49,-.74,-.49,-5.54,-4.6,-7.27,-7.15,-7.11,-3.7
202202,-2.28,0,.05,1.42,.71,.08,-.43,-3.43,-2.55,-7.39,-1.66,-3.63,2022m2,.05,1.42,.71,.08,-.43,-3.43,-2.55,-7.39,-1.66,-3.63
202203,3.08,0,3.53,2.01,1.59,-.6899999999999999,6.61,2.67,2.51,4.14,3.89,3.63,2022m3,3.53,2.01,1.59,-.6899999999999999,6.61,2.67,2.51,4.14,3.89,3.63
202204,-9.41,0,-14.46,-10.21,-8.279999999999999,-9.08,-11.37,-5.83,-13.72,-5.29,-10.05,-5.85,2022m4,-14.46,-10.21,-8.279999999999999,-9.08,-11.37,-5.83,-13.72,-5.29,-10.05,-5.85
202205,-.34,.03,-9.98,1.79,1.73,4.3,-.8,3.49,2.42,-1.56,-1.36,-1.39,2022m5,-10.01,1.76,1.7,4.27,-.8300000000000001,3.46,2.39,-1.59,-1.39,-1.42
202206,-8.4,.06,-9.74,-10.12,-11.17,-12.28,-9.390000000000001,-7.95,-9.390000000000001,-6.17,-7.09,-6.64,2022m6,-9.800000000000001,-10.18,-11.23,-12.34,-9.450000000000001,-8.01,-9.450000000000001,-6.23,-7.149999999999999,-6.699999999999999
202207,9.57,.08,10.56,10.12,9.25,6.9,8.130000000000001,8.73,14.64,7.09,8.1,11.84,2022m7,10.48,10.04,9.17,6.82,8.050000000000001,8.65,14.56,7.01,8.02,11.76
202208,-3.77,.19,3.59,-2.8,-.98,-2.8,-1.07,-2.68,-4.9,-5.03,-4.78,-4.04,2022m8,3.4,-2.99,-1.17,-2.99,-1.26,-2.87,-5.090000000000001,-5.220000000000001,-4.970000000000001,-4.23
202209,-9.34,.19,-8.199999999999999,-10.24,-9.199999999999999,-9.76,-8.359999999999999,-7.97,-7.75,-9.73,-9.640000000000001,-9.77,2022m9,-8.389999999999999,-10.43,-9.389999999999999,-9.949999999999999,-8.549999999999999,-8.16,-7.94,-9.92,-9.83,-9.959999999999999
202210,7.85,.23,3.5,7.54,9.220000000000001,11.97,9.75,12.28,1.42,6.92,6.85,11.64,2022m10,3.27,7.31,8.99,11.74,9.52,12.05,1.19,6.69,6.619999999999999,11.41
202211,4.65,.29,-3.07,2.22,2.62,5.04,6.26,5.4,-.07,8.779999999999999,8.5,3.58,2022m11,-3.36,1.93,2.33,4.75,5.97,5.11,-.36,8.49,8.210000000000001,3.29
202212,-6.38,.33,-7.83,-8.51,-5.63,-3.93,-4.56,-4.08,-9.76,-5.81,-5.16,-6.92,2022m12,-8.16,-8.84,-5.96,-4.26,-4.89,-4.41,-10.09,-6.14,-5.49,-7.25
202301,6.61,.35,14.14,12.8,7.11,5.38,4.17,4.68,11.81,7.2,5.15,6.29,2023m1,13.79,12.45,6.760000000000001,5.03,3.82,4.33,11.46,6.850000000000001,4.800000000000001,5.94
202302,-2.57,.34,-.9,-2.47,-2.37,-2.97,-3.6,-3.19,-2.04,-1.98,-1.97,-1.44,2023m2,-1.24,-2.81,-2.71,-3.31,-3.94,-3.53,-2.38,-2.32,-2.31,-1.78
202303,2.48,.36,-1.97,2.53,.15,.25,-5.97,-1.88,1.22,7.04,6,5.98,2023m3,-2.33,2.17,-.21,-.11,-6.33,-2.24,.86,6.68,5.64,5.62
202304,.62,.35,-4.02,-2.45,-1.16,1.22,-.13,1.84,-.93,2.29,1.96,1.67,2023m4,-4.369999999999999,-2.8,-1.51,.87,-.48,1.49,-1.28,1.94,1.61,1.32
202305,.34,.36,9.720000000000001,2.44,-3.51,-3.33,-2.63,-6.06,2.43,6.09,.64,.64,2023m5,9.360000000000001,2.08,-3.87,-3.69,-2.99,-6.42,2.07,5.73,.28,.28
202306,6.46,.4,6.85,4.4,6.12,6.88,6.05,5.87,9.1,6.43,5.63,8.35,2023m6,6.449999999999999,4,5.72,6.48,5.649999999999999,5.47,8.699999999999999,6.029999999999999,5.23,7.949999999999999
202307,3.21,.45,6.64,5.76,3.11,2.61,5.67,3.79,6.1,3.79,1.15,2.85,2023m7,6.19,5.31,2.66,2.16,5.22,3.34,5.649999999999999,3.34,.7,2.4
202308,-2.36,.45,-7.6,-2.5,-3.05,-3.82,-3.84,-1.7,-2.33,-.25,-1.06,-.98,2023m8,-8.049999999999999,-2.95,-3.5,-4.27,-4.29,-2.15,-2.78,-.7,-1.51,-1.43
202309,-5.23,.43,-5.66,-4.98,-4.04,-5.05,-4.73,-5.49,-1.85,-4.95,-4.23,-6.16,2023m9,-6.09,-5.41,-4.47,-5.48,-5.16,-5.92,-2.28,-5.38,-4.66,-6.59
202310,-3.15,.47,-8.289999999999999,-4.33,-1.42,-4.52,-4.49,-.7,-3.24,-4.93,.63,-1.63,2023m10,-8.76,-4.8,-1.89,-4.989999999999999,-4.96,-1.17,-3.71,-5.399999999999999,.16,-2.1
202311,8.880000000000001,.44,16.31,12.32,10.81,8.31,9.68,9.720000000000001,7.4,7.95,8.85,9.539999999999999,2023m11,15.87,11.88,10.37,7.87,9.24,9.280000000000001,6.96,7.51,8.41,9.1
202312,4.85,.43,14.15,4.19,6.95,6.95,8.08,6.1,6.1,3.34,3.43,4.53,2023m12,13.72,3.76,6.52,6.52,7.65,5.67,5.67,2.91,3,4.100000000000001
202401,.73,.47,-3.03,2.88,.98,-.63,-.55,1.75,1.21,2.35,3.07,.15,2024m1,-3.5,2.41,.51,-1.1,-1.02,1.28,.74,1.88,2.6,-.32
202402,5.07,.42,8.75,7.77,4.69,2.76,4.08,7.94,5.32,8.06,4.57,3.29,2024m2,8.33,7.35,4.27,2.34,3.66,7.52,4.9,7.640000000000001,4.15,2.87
202403,2.84,.43,-.91,1.5,4.08,4.34,4.3,4.2,4.76,4.3,3.4,.61,2024m3,-1.34,1.07,3.65,3.91,3.87,3.77,4.33,3.87,2.97,.18
202404,-4.65,.47,-8.949999999999999,-6.26,-4.56,-4.43,-3.23,-4.11,-2,-3.22,-5.68,-3.22,2024m4,-9.42,-6.73,-5.029999999999999,-4.899999999999999,-3.7,-4.58,-2.47,-3.69,-6.149999999999999,-3.69
202405,4.33,.44,.07,1.3,2.76,4.75,3.09,2.62,4.71,9.26,3.61,6.59,2024m5,-.37,.8600000000000001,2.32,4.31,2.65,2.18,4.27,8.82,3.17,6.149999999999999
202406,2.8,.41,3.33,.9399999999999999,-1.16,-1.54,.46,2.79,3.22,5.34,2.46,6.22,2024m6,2.92,.53,-1.57,-1.95,.05,2.38,2.81,4.93,2.05,5.81
202407,1.22,.45,.76,-.02,5.36,6.3,8.19,6.33,-1.18,-.82,-1.29,2.97,2024m7,.31,-.47,4.91,5.85,7.739999999999999,5.88,-1.63,-1.27,-1.74,2.52
202408,1.6,.48,-1.6,-1.03,2.36,2.24,-.04,2.94,1.22,2.44,1.53,4.03,2024m8,-2.08,-1.51,1.88,1.76,-.52,2.46,.74,1.96,1.05,3.55
202409,1.72,.4,1.26,4.7,1.67,1.69,5.44,.09,1.25,3.12,1.26,2.44,2024m9,.86,4.3,1.27,1.29,5.04,-.3100000000000001,.85,2.72,.86,2.04
202410,-1,.39,1.08,.43,-1.35,-.88,-1.86,.08,3.1,.52,-3.56,-2.46,2024m10,.6900000000000001,.04,-1.74,-1.27,-2.25,-.31,2.71,.13,-3.95,-2.85
202411,6.49,.4,14.63,13.12,7.23,6.59,13.67,7.74,7.78,5.05,4.99,4.16,2024m11,14.23,12.72,6.83,6.19,13.27,7.34,7.38,4.649999999999999,4.59,3.76
202412,-3.17,.37,-7.92,-5.45,-5.71,-5.27,-.22,-7.79,-2.83,-1,-4.27,1.15,2024m12,-8.289999999999999,-5.82,-6.08,-5.64,-.59,-8.16,-3.2,-1.37,-4.64,.7799999999999999
202501,2.8,.37,8.81,5.64,4.97,4.83,3.84,5.32,.64,7.56,1.85,.38,2025m1,8.440000000000001,5.27,4.6,4.46,3.47,4.95,.27,7.19,1.48,.01
202502,-2.44,.33,-6.14,-5.75,-3.39,-2.1,-10.2,2.41,-1.33,-5.52,-.71,.58,2025m2,-6.47,-6.08,-3.72,-2.43,-10.53,2.08,-1.66,-5.85,-1.04,.2499999999999999
202503,-6.39,.34,-13.52,-6.62,-5.25,-5.9,-6.19,-1.29,-7.31,-7.56,-3.87,-7.26,2025m3,-13.86,-6.96,-5.59,-6.24,-6.53,-1.63,-7.649999999999999,-7.899999999999999,-4.21,-7.6
202504,-.84,.35,5.64,2.76,-1.68,-.49,-.72,-1.35,-1.26,-.96,-.86,-.34,2025m4,5.29,2.41,-2.03,-.84,-1.07,-1.7,-1.61,-1.31,-1.21,-.6899999999999999
202505,6.06,.38,8.02,6.88,5.56,6.45,10.35,.27,11.48,6.21,8.31,2.07,2025m5,7.64,6.5,5.18,6.07,9.969999999999999,-.11,11.1,5.83,7.930000000000001,1.69
202506,4.86,.34,8.640000000000001,10.4,5.59,4.67,.22,1.59,9.6,4.75,4.5,4.39,2025m6,8.300000000000001,10.06,5.25,4.33,-.12,1.25,9.26,4.41,4.16,4.05
202507,1.98,.34,5.09,3.87,-.31,-.08,-1.24,2.03,1.13,3.48,2.21,3.82,2025m7,4.75,3.53,-.65,-.42,-1.58,1.69,.7899999999999998,3.14,1.87,3.48
202508,1.84,.38,4.03,.21,2.39,3.77,3.92,2.42,2.25,3.1,-.85,2.82,2025m8,3.65,-.17,2.01,3.39,3.54,2.04,1.87,2.72,-1.23,2.44
202509,3.39,.33,3.83,6.6,-.16,9.470000000000001,.38,1.43,.59,4.69,.8,6.05,2025m9,3.5,6.27,-.49,9.140000000000001,.05,1.1,.26,4.36,.47,5.72
202510,1.96,.37,6.37,9.31,.15,2.56,-2.29,.82,-1.74,6.43,-2.22,3.81,2025m10,6,8.940000000000001,-.22,2.19,-2.66,.45,-2.11,6.06,-2.59,3.44
202511,-.13,.3,-3.85,-5.5,-.33,-.37,3.08,-.02,2.26,4.55,-.38,-2.58,2025m11,-4.15,-5.8,-.63,-.6699999999999999,2.78,-.32,1.96,4.25,-.6799999999999999,-2.88
202512,-.36,.34,-.84,.06,3.84,2.66,-1.74,1.81,.48,-2,-.67,.85,2025m12,-1.18,-.28,3.5,2.32,-2.08,1.47,.14,-2.34,-1.01,.51
202601,1.03,.3,-1.81,.19,-1.2,2.79,-1.38,5.06,4.72,3.42,.23,-.37,2026m1,-2.11,-.11,-1.5,2.49,-1.68,4.76,4.42,3.12,-.07,-.6699999999999999
202602,-1.17,.28,-3.29,-3.7,-1.48,-1.98,1.15,1.88,3.51,-3.14,-.76,.01,2026m2,-3.57,-3.98,-1.76,-2.26,.8699999999999999,1.6,3.23,-3.42,-1.04,-.27
202603,-5.18,.29,-2.9,-1.21,-4.28,-6.39,-4.7,-.08,-6.64,-4.97,-6.17,-4.97,2026m3,-3.19,-1.5,-4.57,-6.68,-4.99,-.37,-6.93,-5.26,-6.46,-5.26
202604,9.949999999999999,.29,14.57,27.42,4.62,7.78,1.29,3.06,10.01,20.09,5.8,7.74,2026m4,14.28,27.13,4.33,7.49,1,2.77,9.720000000000001,19.8,5.51,7.45
202605,4.91,.31,14.22,17.18,1.58,11.2,1.79,.61,.03,1.18,4.92,7.19,2026m5,13.91,16.87,1.27,10.89,1.48,.3,-.28,.8699999999999999,4.61,6.880000000000001
202606,-1.07,.29,3.56,6.53,2.65,3.74,2.02,3.47,1.72,-4.93,-3.24,-1.76,2026m6,3.27,6.24,2.36,3.45,1.73,3.18,1.43,-5.22,-3.53,-2.05
202607,-.6,.33,-4.81,-17.73,-8.82,3.18,3.99,3.18,-2.14,1.22,3.86,-.22,2026m7,-5.14,-18.06,-9.15,2.85,3.66,2.85,-2.47,.8899999999999999,3.53,-.55
